jobId,mode,scenario,concurrency,requestReceivedAt,jobReservedAt,workflowCreateRequestedAt,workflowStartedAt,admissionTransactionStartedAt,providerCapacityLockRequestedAt,providerCapacityLockAcquiredAt,creditReservationStartedAt,creditReservationCompletedAt,jobReservationWrittenAt,queuedAt,inputReviewStartedAt,inputReviewCompletedAt,providerSubmitStartedAt,providerAcceptedAt,providerCompletedAt,providerCallbackReceivedAt,providerCallbackPersistedAt,providerResultConfirmedAt,storageStartedAt,storageCompletedAt,outputReviewStartedAt,outputReviewCompletedAt,finalizationStartedAt,readyAt,requestToReservationMs,reservationToWorkflowStartMs,inputApprovalToSubmissionMs,callbackToConfirmationMs,callbackPersistedToConfirmationMs,outputApprovalToReadyMs,admissionQueueMs,admissionLockWaitMs,admissionLockedWorkMs,creditReservationMs,measuredReadyMs,measuredStep_admissionMs,measuredStep_video-v1-start,measuredStep_video-v1-input-window,measuredStep_video-v1-review-input-0,measuredStep_video-v1-submit-provider,measuredStep_video-v1-provider-window,measuredStep_video-v1-confirm-provider-0,measuredStep_video-v1-store-output,measuredStep_video-v1-output-window,measuredStep_video-v1-review-output-0,measuredStep_video-v1-finalize,realProviderGenerationMs,realProviderCostMicros,realModerationCostMicros,realBrowserFirstFrameMs,realUploadMs,realR2TransferMs
cmut4yqap0007xsbkf3c8ihkk,text-to-video,functional_text_to_video,1,2026-10-04T01:22:18.107Z,2026-10-04T01:22:18.189Z,2026-10-04T01:22:18.196Z,2026-10-04T01:22:18.202Z,2026-10-04T01:22:18.110Z,2026-10-04T01:22:18.114Z,2026-10-04T01:22:18.117Z,2026-10-04T01:22:18.157Z,2026-10-04T01:22:18.184Z,2026-10-04T01:22:18.184Z,2026-10-04T01:22:18.185Z,2026-10-04T01:22:18.266Z,2026-10-04T01:22:18.295Z,2026-10-04T01:22:18.333Z,2026-10-04T01:22:18.368Z,2026-10-04T01:22:18.457Z,2026-10-04T01:22:18.368Z,2026-10-04T01:22:18.398Z,2026-10-04T01:22:18.480Z,2026-10-04T01:22:18.519Z,2026-10-04T01:22:18.569Z,2026-10-04T01:22:18.605Z,2026-10-04T01:22:18.674Z,2026-10-04T01:22:18.674Z,2026-10-04T01:22:18.701Z,82,13,38,112,82,27,3,3,67,27,634.8613999999998,84.4188999999999,10.675899999999956,15.777500000000146,71.54669999999987,146.07770000000028,6.595800000000054,43.96730000000025,80.13060000000041,6.579699999999775,98.20890000000009,59.61770000000024,null,null,null,null,null,null
cmut4yqup000oxsbkp9154l8j,image-to-video,functional_image_to_video,1,2026-10-04T01:22:18.847Z,2026-10-04T01:22:18.894Z,2026-10-04T01:22:18.898Z,2026-10-04T01:22:18.902Z,2026-10-04T01:22:18.849Z,2026-10-04T01:22:18.850Z,2026-10-04T01:22:18.851Z,2026-10-04T01:22:18.870Z,2026-10-04T01:22:18.889Z,2026-10-04T01:22:18.892Z,2026-10-04T01:22:18.892Z,2026-10-04T01:22:18.927Z,2026-10-04T01:22:18.961Z,2026-10-04T01:22:18.990Z,2026-10-04T01:22:19.009Z,2026-10-04T01:22:19.082Z,2026-10-04T01:22:19.009Z,2026-10-04T01:22:19.030Z,2026-10-04T01:22:19.095Z,2026-10-04T01:22:19.122Z,2026-10-04T01:22:19.154Z,2026-10-04T01:22:19.181Z,2026-10-04T01:22:19.227Z,2026-10-04T01:22:19.227Z,2026-10-04T01:22:19.247Z,47,8,29,86,65,20,2,1,41,19,425.308,49.025800000000345,5.949999999999818,6.631399999999758,48.76670000000013,105.17970000000014,9.832699999999932,28.965200000000095,52.7217999999998,5.8671000000003914,65.74359999999979,40.433100000000195,null,null,null,null,null,null
cmut4yr7v0015xsbkp92gzlqy,text-to-video,recovery_lost_submit_response_verified_early_duplicate_callbacks,1,2026-10-04T01:22:19.329Z,2026-10-04T01:22:19.354Z,2026-10-04T01:22:19.357Z,2026-10-04T01:22:19.361Z,2026-10-04T01:22:19.330Z,2026-10-04T01:22:19.332Z,2026-10-04T01:22:19.332Z,2026-10-04T01:22:19.340Z,2026-10-04T01:22:19.351Z,2026-10-04T01:22:19.351Z,2026-10-04T01:22:19.351Z,2026-10-04T01:22:19.381Z,2026-10-04T01:22:19.400Z,2026-10-04T01:22:19.417Z,2026-10-04T01:22:19.431Z,2026-10-04T01:22:19.485Z,2026-10-04T01:22:19.431Z,2026-10-04T01:22:19.451Z,2026-10-04T01:22:19.497Z,2026-10-04T01:22:19.527Z,2026-10-04T01:22:19.555Z,2026-10-04T01:22:19.585Z,2026-10-04T01:22:19.634Z,2026-10-04T01:22:19.634Z,2026-10-04T01:22:19.661Z,25,7,17,66,46,27,1,0,19,11,354.8046000000004,25.705199999999877,5.557199999999739,5.093600000000151,31.349300000000312,73.9022,5.676199999999881,27.026499999999942,50.89339999999993,5.759299999999712,76.54819999999972,41.65099999999984,null,null,null,null,null,null
cmut4yrmf002bxsbkym172j59,text-to-video,performance_concurrent_flow,5,2026-10-04T01:22:19.851Z,2026-10-04T01:22:19.879Z,2026-10-04T01:22:19.882Z,2026-10-04T01:22:19.885Z,2026-10-04T01:22:19.854Z,2026-10-04T01:22:19.855Z,2026-10-04T01:22:19.856Z,2026-10-04T01:22:19.865Z,2026-10-04T01:22:19.876Z,2026-10-04T01:22:19.876Z,2026-10-04T01:22:19.876Z,2026-10-04T01:22:19.926Z,2026-10-04T01:22:19.950Z,2026-10-04T01:22:19.972Z,2026-10-04T01:22:19.985Z,2026-10-04T01:22:20.075Z,2026-10-04T01:22:19.985Z,2026-10-04T01:22:20.010Z,2026-10-04T01:22:20.099Z,2026-10-04T01:22:20.129Z,2026-10-04T01:22:20.166Z,2026-10-04T01:22:20.202Z,2026-10-04T01:22:20.271Z,2026-10-04T01:22:20.271Z,2026-10-04T01:22:20.347Z,28,6,22,114,89,76,3,1,20,11,527.3231999999998,28.719900000000052,4.944899999999961,5.056700000000092,57.10739999999987,113.41249999999991,5.273499999999785,39.8132999999998,61.2197000000001,7.057700000000295,142.86460000000034,56.79399999999987,null,null,null,null,null,null
cmut4yrn4002fxsbkfda4d12g,image-to-video,performance_concurrent_flow,5,2026-10-04T01:22:19.852Z,2026-10-04T01:22:19.908Z,2026-10-04T01:22:19.913Z,2026-10-04T01:22:19.917Z,2026-10-04T01:22:19.854Z,2026-10-04T01:22:19.855Z,2026-10-04T01:22:19.879Z,2026-10-04T01:22:19.889Z,2026-10-04T01:22:19.903Z,2026-10-04T01:22:19.904Z,2026-10-04T01:22:19.904Z,2026-10-04T01:22:19.947Z,2026-10-04T01:22:19.986Z,2026-10-04T01:22:20.009Z,2026-10-04T01:22:20.023Z,2026-10-04T01:22:20.119Z,2026-10-04T01:22:20.023Z,2026-10-04T01:22:20.061Z,2026-10-04T01:22:20.135Z,2026-10-04T01:22:20.169Z,2026-10-04T01:22:20.204Z,2026-10-04T01:22:20.245Z,2026-10-04T01:22:20.342Z,2026-10-04T01:22:20.342Z,2026-10-04T01:22:20.373Z,56,9,23,112,74,31,2,24,25,14,552.223,59.147199999999884,5.573100000000068,5.624899999999798,61.10730000000012,117.56989999999996,7.6952000000001135,36.1528000000003,59.55809999999974,8.592399999999998,129.59109999999964,55.37249999999949,null,null,null,null,null,null
cmut4yrnz002kxsbk9qdd7fgt,text-to-video,performance_concurrent_flow,5,2026-10-04T01:22:19.852Z,2026-10-04T01:22:19.940Z,2026-10-04T01:22:19.943Z,2026-10-04T01:22:19.947Z,2026-10-04T01:22:19.854Z,2026-10-04T01:22:19.856Z,2026-10-04T01:22:19.909Z,2026-10-04T01:22:19.920Z,2026-10-04T01:22:19.937Z,2026-10-04T01:22:19.937Z,2026-10-04T01:22:19.937Z,2026-10-04T01:22:19.974Z,2026-10-04T01:22:19.999Z,2026-10-04T01:22:20.024Z,2026-10-04T01:22:20.037Z,2026-10-04T01:22:20.126Z,2026-10-04T01:22:20.037Z,2026-10-04T01:22:20.066Z,2026-10-04T01:22:20.141Z,2026-10-04T01:22:20.172Z,2026-10-04T01:22:20.209Z,2026-10-04T01:22:20.250Z,2026-10-04T01:22:20.376Z,2026-10-04T01:22:20.376Z,2026-10-04T01:22:20.409Z,88,7,25,104,75,33,2,53,28,17,590.7463000000002,89.87170000000015,6.85109999999986,7.310899999999947,40.789800000000014,113.18989999999985,7.426300000000083,31.13130000000001,63.55300000000034,8.500200000000405,157.5895999999998,58.88029999999981,null,null,null,null,null,null
cmut4yrow002oxsbk3db1hczq,image-to-video,performance_concurrent_flow,5,2026-10-04T01:22:19.851Z,2026-10-04T01:22:19.980Z,2026-10-04T01:22:19.984Z,2026-10-04T01:22:19.987Z,2026-10-04T01:22:19.854Z,2026-10-04T01:22:19.857Z,2026-10-04T01:22:19.940Z,2026-10-04T01:22:19.954Z,2026-10-04T01:22:19.976Z,2026-10-04T01:22:19.977Z,2026-10-04T01:22:19.977Z,2026-10-04T01:22:20.037Z,2026-10-04T01:22:20.089Z,2026-10-04T01:22:20.113Z,2026-10-04T01:22:20.127Z,2026-10-04T01:22:20.201Z,2026-10-04T01:22:20.127Z,2026-10-04T01:22:20.150Z,2026-10-04T01:22:20.217Z,2026-10-04T01:22:20.255Z,2026-10-04T01:22:20.343Z,2026-10-04T01:22:20.379Z,2026-10-04T01:22:20.441Z,2026-10-04T01:22:20.441Z,2026-10-04T01:22:20.470Z,129,7,24,90,67,29,3,83,37,22,642.0547999999999,129.85559999999987,8.05430000000024,7.366700000000037,89.32850000000008,97.4326000000001,7.318199999999706,33.89649999999983,118.52419999999938,7.634100000000217,89.8732,46.63760000000002,null,null,null,null,null,null
cmut4yrq2002uxsbk6nwlt5af,text-to-video,performance_concurrent_flow,5,2026-10-04T01:22:19.852Z,2026-10-04T01:22:20.028Z,2026-10-04T01:22:20.032Z,2026-10-04T01:22:20.036Z,2026-10-04T01:22:19.861Z,2026-10-04T01:22:19.865Z,2026-10-04T01:22:19.980Z,2026-10-04T01:22:19.998Z,2026-10-04T01:22:20.024Z,2026-10-04T01:22:20.024Z,2026-10-04T01:22:20.024Z,2026-10-04T01:22:20.077Z,2026-10-04T01:22:20.108Z,2026-10-04T01:22:20.130Z,2026-10-04T01:22:20.143Z,2026-10-04T01:22:20.220Z,2026-10-04T01:22:20.143Z,2026-10-04T01:22:20.167Z,2026-10-04T01:22:20.236Z,2026-10-04T01:22:20.273Z,2026-10-04T01:22:20.343Z,2026-10-04T01:22:20.381Z,2026-10-04T01:22:20.442Z,2026-10-04T01:22:20.442Z,2026-10-04T01:22:20.470Z,176,8,22,93,69,28,9,115,44,26,646.7415999999998,177.90650000000005,7.3684000000002925,7.364900000000034,60.845000000000255,95.02329999999984,9.40899999999965,35.291699999999764,98.0030999999999,8.184400000000096,89.78849999999966,50.608799999999974,null,null,null,null,null,null
cmut4ys7z004oxsbkk4h6gyle,text-to-video,performance_concurrent_flow,5,2026-10-04T01:22:20.626Z,2026-10-04T01:22:20.658Z,2026-10-04T01:22:20.662Z,2026-10-04T01:22:20.666Z,2026-10-04T01:22:20.628Z,2026-10-04T01:22:20.629Z,2026-10-04T01:22:20.630Z,2026-10-04T01:22:20.640Z,2026-10-04T01:22:20.655Z,2026-10-04T01:22:20.655Z,2026-10-04T01:22:20.655Z,2026-10-04T01:22:20.700Z,2026-10-04T01:22:20.726Z,2026-10-04T01:22:20.743Z,2026-10-04T01:22:20.755Z,2026-10-04T01:22:20.830Z,2026-10-04T01:22:20.755Z,2026-10-04T01:22:20.777Z,2026-10-04T01:22:20.846Z,2026-10-04T01:22:20.876Z,2026-10-04T01:22:20.909Z,2026-10-04T01:22:20.945Z,2026-10-04T01:22:21.011Z,2026-10-04T01:22:21.011Z,2026-10-04T01:22:21.043Z,32,8,17,91,69,32,2,1,25,15,456.46579999999994,33.450700000000325,5.838299999999435,6.166000000000167,50.76760000000013,90.69970000000012,6.805599999999686,31.97149999999965,57.79699999999957,7.8729999999995925,94.17690000000039,64.86750000000029,null,null,null,null,null,null
cmut4ys8p004sxsbkpbvjspxb,text-to-video,performance_concurrent_flow,5,2026-10-04T01:22:20.627Z,2026-10-04T01:22:20.684Z,2026-10-04T01:22:20.687Z,2026-10-04T01:22:20.694Z,2026-10-04T01:22:20.628Z,2026-10-04T01:22:20.629Z,2026-10-04T01:22:20.658Z,2026-10-04T01:22:20.667Z,2026-10-04T01:22:20.678Z,2026-10-04T01:22:20.678Z,2026-10-04T01:22:20.678Z,2026-10-04T01:22:20.726Z,2026-10-04T01:22:20.751Z,2026-10-04T01:22:20.770Z,2026-10-04T01:22:20.783Z,2026-10-04T01:22:20.860Z,2026-10-04T01:22:20.783Z,2026-10-04T01:22:20.807Z,2026-10-04T01:22:20.877Z,2026-10-04T01:22:20.906Z,2026-10-04T01:22:20.940Z,2026-10-04T01:22:20.976Z,2026-10-04T01:22:21.045Z,2026-10-04T01:22:21.045Z,2026-10-04T01:22:21.077Z,57,10,19,94,70,32,1,29,20,11,481.35949999999957,58.77890000000025,8.988299999999981,6.472600000000057,43.40770000000066,95.35919999999987,6.885599999999613,32.79910000000018,58.7470000000003,7.0067999999992026,97.33259999999973,56.37800000000061,null,null,null,null,null,null
cmut4ys9r004wxsbkandq7kt8,image-to-video,performance_concurrent_flow,5,2026-10-04T01:22:20.626Z,2026-10-04T01:22:20.730Z,2026-10-04T01:22:20.733Z,2026-10-04T01:22:20.737Z,2026-10-04T01:22:20.628Z,2026-10-04T01:22:20.630Z,2026-10-04T01:22:20.684Z,2026-10-04T01:22:20.705Z,2026-10-04T01:22:20.726Z,2026-10-04T01:22:20.727Z,2026-10-04T01:22:20.727Z,2026-10-04T01:22:20.768Z,2026-10-04T01:22:20.809Z,2026-10-04T01:22:20.831Z,2026-10-04T01:22:20.846Z,2026-10-04T01:22:20.923Z,2026-10-04T01:22:20.846Z,2026-10-04T01:22:20.870Z,2026-10-04T01:22:20.938Z,2026-10-04T01:22:20.971Z,2026-10-04T01:22:21.009Z,2026-10-04T01:22:21.049Z,2026-10-04T01:22:21.120Z,2026-10-04T01:22:21.120Z,2026-10-04T01:22:21.145Z,104,7,22,92,68,25,2,54,43,21,544.4042,104.95219999999972,6.643799999999828,9.113099999999577,60.044300000000476,98.79250000000047,7.072799999999916,31.148400000000038,66.93249999999989,8.051399999999376,102.0011000000004,43.88390000000072,null,null,null,null,null,null
cmut4ysar0051xsbkh1gmi3bn,text-to-video,performance_concurrent_flow,5,2026-10-04T01:22:20.627Z,2026-10-04T01:22:20.764Z,2026-10-04T01:22:20.769Z,2026-10-04T01:22:20.773Z,2026-10-04T01:22:20.629Z,2026-10-04T01:22:20.631Z,2026-10-04T01:22:20.730Z,2026-10-04T01:22:20.741Z,2026-10-04T01:22:20.760Z,2026-10-04T01:22:20.760Z,2026-10-04T01:22:20.761Z,2026-10-04T01:22:20.798Z,2026-10-04T01:22:20.828Z,2026-10-04T01:22:20.848Z,2026-10-04T01:22:20.861Z,2026-10-04T01:22:20.943Z,2026-10-04T01:22:20.861Z,2026-10-04T01:22:20.890Z,2026-10-04T01:22:20.960Z,2026-10-04T01:22:20.985Z,2026-10-04T01:22:21.023Z,2026-10-04T01:22:21.062Z,2026-10-04T01:22:21.133Z,2026-10-04T01:22:21.133Z,2026-10-04T01:22:21.158Z,137,9,20,99,70,25,2,99,30,19,559.6377000000002,139.6260999999995,6.2862999999997555,5.976300000000265,46.39570000000003,100.33700000000044,6.45679999999993,31.256500000000415,59.77389999999923,10.690200000000004,98.16709999999966,47.73959999999988,null,null,null,null,null,null
cmut4ysbv0058xsbkk01kb6t6,image-to-video,performance_concurrent_flow,5,2026-10-04T01:22:20.627Z,2026-10-04T01:22:20.810Z,2026-10-04T01:22:20.815Z,2026-10-04T01:22:20.820Z,2026-10-04T01:22:20.628Z,2026-10-04T01:22:20.631Z,2026-10-04T01:22:20.764Z,2026-10-04T01:22:20.781Z,2026-10-04T01:22:20.802Z,2026-10-04T01:22:20.806Z,2026-10-04T01:22:20.807Z,2026-10-04T01:22:20.848Z,2026-10-04T01:22:20.892Z,2026-10-04T01:22:20.912Z,2026-10-04T01:22:20.926Z,2026-10-04T01:22:21.009Z,2026-10-04T01:22:20.926Z,2026-10-04T01:22:20.949Z,2026-10-04T01:22:21.025Z,2026-10-04T01:22:21.059Z,2026-10-04T01:22:21.103Z,2026-10-04T01:22:21.142Z,2026-10-04T01:22:21.197Z,2026-10-04T01:22:21.197Z,2026-10-04T01:22:21.228Z,183,10,20,99,76,31,1,133,42,21,624.8827000000001,185.7394000000004,6.487100000000282,7.954800000000432,61.6242000000002,97.2546999999995,8.899800000000141,38.63979999999992,70.21159999999963,8.58219999999983,82.92000000000007,48.757799999999406,null,null,null,null,null,null
cmut4yssy0070xsbk5x7qxc8x,text-to-video,performance_concurrent_flow,5,2026-10-04T01:22:21.383Z,2026-10-04T01:22:21.412Z,2026-10-04T01:22:21.415Z,2026-10-04T01:22:21.426Z,2026-10-04T01:22:21.385Z,2026-10-04T01:22:21.386Z,2026-10-04T01:22:21.387Z,2026-10-04T01:22:21.395Z,2026-10-04T01:22:21.407Z,2026-10-04T01:22:21.407Z,2026-10-04T01:22:21.407Z,2026-10-04T01:22:21.449Z,2026-10-04T01:22:21.478Z,2026-10-04T01:22:21.497Z,2026-10-04T01:22:21.511Z,2026-10-04T01:22:21.599Z,2026-10-04T01:22:21.511Z,2026-10-04T01:22:21.535Z,2026-10-04T01:22:21.618Z,2026-10-04T01:22:21.659Z,2026-10-04T01:22:21.710Z,2026-10-04T01:22:21.752Z,2026-10-04T01:22:21.874Z,2026-10-04T01:22:21.874Z,2026-10-04T01:22:21.925Z,29,14,19,107,83,51,2,1,20,12,595.6922000000004,29.77899999999954,6.207699999999932,5.320999999999913,42.74569999999949,105.9965000000002,8.900299999999334,36.79280000000017,87.08819999999923,7.612999999999374,159.08910000000014,93.0673999999999,null,null,null,null,null,null
cmut4ysul0079xsbkcojknqn2,text-to-video,performance_concurrent_flow,5,2026-10-04T01:22:21.383Z,2026-10-04T01:22:21.478Z,2026-10-04T01:22:21.482Z,2026-10-04T01:22:21.486Z,2026-10-04T01:22:21.385Z,2026-10-04T01:22:21.386Z,2026-10-04T01:22:21.445Z,2026-10-04T01:22:21.455Z,2026-10-04T01:22:21.476Z,2026-10-04T01:22:21.476Z,2026-10-04T01:22:21.476Z,2026-10-04T01:22:21.516Z,2026-10-04T01:22:21.545Z,2026-10-04T01:22:21.570Z,2026-10-04T01:22:21.586Z,2026-10-04T01:22:21.680Z,2026-10-04T01:22:21.586Z,2026-10-04T01:22:21.613Z,2026-10-04T01:22:21.707Z,2026-10-04T01:22:21.744Z,2026-10-04T01:22:21.813Z,2026-10-04T01:22:21.862Z,2026-10-04T01:22:21.978Z,2026-10-04T01:22:21.978Z,2026-10-04T01:22:22.010Z,95,8,25,121,94,32,2,59,31,21,665.3238999999994,96.78170000000046,7.211299999999937,7.1929999999993015,50.29660000000058,113.95660000000044,7.95010000000002,49.634900000000016,101.3126000000002,13.305099999999584,147.79380000000037,63.79790000000048,null,null,null,null,null,null
cmut4ystw0074xsbkzjos2q6b,image-to-video,performance_concurrent_flow,5,2026-10-04T01:22:21.383Z,2026-10-04T01:22:21.445Z,2026-10-04T01:22:21.449Z,2026-10-04T01:22:21.452Z,2026-10-04T01:22:21.385Z,2026-10-04T01:22:21.386Z,2026-10-04T01:22:21.411Z,2026-10-04T01:22:21.429Z,2026-10-04T01:22:21.441Z,2026-10-04T01:22:21.442Z,2026-10-04T01:22:21.442Z,2026-10-04T01:22:21.483Z,2026-10-04T01:22:21.525Z,2026-10-04T01:22:21.547Z,2026-10-04T01:22:21.561Z,2026-10-04T01:22:21.661Z,2026-10-04T01:22:21.561Z,2026-10-04T01:22:21.590Z,2026-10-04T01:22:21.682Z,2026-10-04T01:22:21.730Z,2026-10-04T01:22:21.787Z,2026-10-04T01:22:21.855Z,2026-10-04T01:22:21.966Z,2026-10-04T01:22:21.966Z,2026-10-04T01:22:22.002Z,62,7,22,121,92,36,2,25,31,12,665.7034000000003,63.02890000000025,9.593200000000252,7.159499999999753,59.3782999999994,114.78520000000026,7.474100000000362,54.5659999999998,99.43369999999959,17.815999999999804,153.28780000000006,73.28369999999995,null,null,null,null,null,null
cmut4ysvj007dxsbkhzheufog,text-to-video,performance_concurrent_flow,5,2026-10-04T01:22:21.383Z,2026-10-04T01:22:21.505Z,2026-10-04T01:22:21.510Z,2026-10-04T01:22:21.515Z,2026-10-04T01:22:21.385Z,2026-10-04T01:22:21.387Z,2026-10-04T01:22:21.479Z,2026-10-04T01:22:21.488Z,2026-10-04T01:22:21.502Z,2026-10-04T01:22:21.502Z,2026-10-04T01:22:21.502Z,2026-10-04T01:22:21.546Z,2026-10-04T01:22:21.580Z,2026-10-04T01:22:21.607Z,2026-10-04T01:22:21.621Z,2026-10-04T01:22:21.732Z,2026-10-04T01:22:21.621Z,2026-10-04T01:22:21.650Z,2026-10-04T01:22:21.746Z,2026-10-04T01:22:21.810Z,2026-10-04T01:22:21.863Z,2026-10-04T01:22:21.947Z,2026-10-04T01:22:22.024Z,2026-10-04T01:22:22.024Z,2026-10-04T01:22:22.056Z,122,10,27,125,96,32,2,92,23,14,703.5810999999994,124.11560000000009,8.588799999999537,8.934400000000096,55.219600000000355,125.43170000000009,11.48700000000008,42.9369999999999,109.64800000000014,24.780499999999847,127.24129999999968,57.26580000000013,null,null,null,null,null,null
cmut4yswd007ixsbkandasbfl,image-to-video,performance_concurrent_flow,5,2026-10-04T01:22:21.383Z,2026-10-04T01:22:21.538Z,2026-10-04T01:22:21.542Z,2026-10-04T01:22:21.546Z,2026-10-04T01:22:21.386Z,2026-10-04T01:22:21.387Z,2026-10-04T01:22:21.505Z,2026-10-04T01:22:21.518Z,2026-10-04T01:22:21.533Z,2026-10-04T01:22:21.534Z,2026-10-04T01:22:21.535Z,2026-10-04T01:22:21.575Z,2026-10-04T01:22:21.629Z,2026-10-04T01:22:21.659Z,2026-10-04T01:22:21.674Z,2026-10-04T01:22:21.806Z,2026-10-04T01:22:21.674Z,2026-10-04T01:22:21.710Z,2026-10-04T01:22:21.836Z,2026-10-04T01:22:21.879Z,2026-10-04T01:22:21.945Z,2026-10-04T01:22:21.998Z,2026-10-04T01:22:22.076Z,2026-10-04T01:22:22.076Z,2026-10-04T01:22:22.101Z,155,8,30,162,126,25,3,118,29,15,742.0217000000002,156.22389999999996,6.379899999999907,7.859099999999671,72.40209999999934,135.5016999999998,22.902600000000348,60.26849999999922,100.65070000000014,16.26170000000002,112.32780000000002,44.66189999999915,null,null,null,null,null,null
cmut4yti9009cxsbk2zsxgggk,text-to-video,performance_concurrent_flow,5,2026-10-04T01:22:22.291Z,2026-10-04T01:22:22.319Z,2026-10-04T01:22:22.322Z,2026-10-04T01:22:22.330Z,2026-10-04T01:22:22.294Z,2026-10-04T01:22:22.295Z,2026-10-04T01:22:22.297Z,2026-10-04T01:22:22.306Z,2026-10-04T01:22:22.316Z,2026-10-04T01:22:22.316Z,2026-10-04T01:22:22.316Z,2026-10-04T01:22:22.354Z,2026-10-04T01:22:22.379Z,2026-10-04T01:22:22.403Z,2026-10-04T01:22:22.420Z,2026-10-04T01:22:22.499Z,2026-10-04T01:22:22.420Z,2026-10-04T01:22:22.443Z,2026-10-04T01:22:22.514Z,2026-10-04T01:22:22.554Z,2026-10-04T01:22:22.591Z,2026-10-04T01:22:22.630Z,2026-10-04T01:22:22.724Z,2026-10-04T01:22:22.724Z,2026-10-04T01:22:22.762Z,28,11,24,94,71,38,3,2,19,10,503.27559999999994,29.276700000000346,6.90310000000045,5.57970000000023,39.63619999999992,103.1219000000001,9.19549999999981,32.0028999999995,70.53080000000045,8.926800000000185,126.33510000000024,62.04669999999987,null,null,null,null,null,null
cmut4ytiz009gxsbkbw2q2eob,text-to-video,performance_concurrent_flow,5,2026-10-04T01:22:22.291Z,2026-10-04T01:22:22.346Z,2026-10-04T01:22:22.350Z,2026-10-04T01:22:22.353Z,2026-10-04T01:22:22.295Z,2026-10-04T01:22:22.296Z,2026-10-04T01:22:22.319Z,2026-10-04T01:22:22.332Z,2026-10-04T01:22:22.344Z,2026-10-04T01:22:22.344Z,2026-10-04T01:22:22.344Z,2026-10-04T01:22:22.378Z,2026-10-04T01:22:22.411Z,2026-10-04T01:22:22.432Z,2026-10-04T01:22:22.445Z,2026-10-04T01:22:22.525Z,2026-10-04T01:22:22.445Z,2026-10-04T01:22:22.467Z,2026-10-04T01:22:22.547Z,2026-10-04T01:22:22.576Z,2026-10-04T01:22:22.614Z,2026-10-04T01:22:22.673Z,2026-10-04T01:22:22.757Z,2026-10-04T01:22:22.757Z,2026-10-04T01:22:22.784Z,55,7,21,102,80,27,4,23,25,12,539.1561000000002,56.690200000000004,6.211099999999533,5.597300000000359,48.66989999999987,101.50720000000001,6.732500000000073,38.87740000000031,61.73739999999998,8.35859999999957,133.21829999999954,66.21370000000024,null,null,null,null,null,null
cmut4ytjo009kxsbkqksvst1e,text-to-video,performance_concurrent_flow,5,2026-10-04T01:22:22.291Z,2026-10-04T01:22:22.377Z,2026-10-04T01:22:22.381Z,2026-10-04T01:22:22.387Z,2026-10-04T01:22:22.294Z,2026-10-04T01:22:22.296Z,2026-10-04T01:22:22.346Z,2026-10-04T01:22:22.358Z,2026-10-04T01:22:22.372Z,2026-10-04T01:22:22.372Z,2026-10-04T01:22:22.372Z,2026-10-04T01:22:22.419Z,2026-10-04T01:22:22.445Z,2026-10-04T01:22:22.463Z,2026-10-04T01:22:22.476Z,2026-10-04T01:22:22.564Z,2026-10-04T01:22:22.476Z,2026-10-04T01:22:22.501Z,2026-10-04T01:22:22.578Z,2026-10-04T01:22:22.613Z,2026-10-04T01:22:22.674Z,2026-10-04T01:22:22.733Z,2026-10-04T01:22:22.810Z,2026-10-04T01:22:22.810Z,2026-10-04T01:22:22.846Z,86,10,18,102,77,36,3,50,26,14,585.5982000000004,87.78319999999985,7.196800000000621,6.7893999999996595,46.41820000000007,102.23499999999967,10.155499999999847,35.221700000000055,85.27829999999994,16.975800000000163,119.89019999999982,59.32060000000001,null,null,null,null,null,null
cmut4ytkl009oxsbkg0pxh602,image-to-video,performance_concurrent_flow,5,2026-10-04T01:22:22.291Z,2026-10-04T01:22:22.410Z,2026-10-04T01:22:22.414Z,2026-10-04T01:22:22.418Z,2026-10-04T01:22:22.295Z,2026-10-04T01:22:22.296Z,2026-10-04T01:22:22.376Z,2026-10-04T01:22:22.391Z,2026-10-04T01:22:22.404Z,2026-10-04T01:22:22.408Z,2026-10-04T01:22:22.408Z,2026-10-04T01:22:22.447Z,2026-10-04T01:22:22.495Z,2026-10-04T01:22:22.518Z,2026-10-04T01:22:22.532Z,2026-10-04T01:22:22.621Z,2026-10-04T01:22:22.532Z,2026-10-04T01:22:22.561Z,2026-10-04T01:22:22.637Z,2026-10-04T01:22:22.681Z,2026-10-04T01:22:22.732Z,2026-10-04T01:22:22.772Z,2026-10-04T01:22:22.863Z,2026-10-04T01:22:22.863Z,2026-10-04T01:22:22.887Z,119,8,23,105,76,24,4,80,32,13,627.4014000000006,121.20740000000023,8.100900000000365,6.92030000000068,64.5667999999996,109.65840000000026,7.877800000000207,47.11819999999989,74.5653000000002,7.468300000000454,124.3685000000005,49.004399999999805,null,null,null,null,null,null
cmut4ytli009uxsbkcm6aeswc,image-to-video,performance_concurrent_flow,5,2026-10-04T01:22:22.291Z,2026-10-04T01:22:22.443Z,2026-10-04T01:22:22.446Z,2026-10-04T01:22:22.450Z,2026-10-04T01:22:22.295Z,2026-10-04T01:22:22.296Z,2026-10-04T01:22:22.411Z,2026-10-04T01:22:22.424Z,2026-10-04T01:22:22.438Z,2026-10-04T01:22:22.439Z,2026-10-04T01:22:22.440Z,2026-10-04T01:22:22.480Z,2026-10-04T01:22:22.527Z,2026-10-04T01:22:22.558Z,2026-10-04T01:22:22.571Z,2026-10-04T01:22:22.671Z,2026-10-04T01:22:22.571Z,2026-10-04T01:22:22.598Z,2026-10-04T01:22:22.688Z,2026-10-04T01:22:22.730Z,2026-10-04T01:22:22.771Z,2026-10-04T01:22:22.813Z,2026-10-04T01:22:22.883Z,2026-10-04T01:22:22.883Z,2026-10-04T01:22:22.909Z,152,7,31,117,90,26,4,115,28,14,643.5877999999993,153.21240000000034,6.2424999999993815,7.166200000000572,70.19760000000042,122.85469999999987,10.554200000000492,45.872299999999996,63.5005000000001,6.529899999999543,105.41139999999996,45.58209999999963,null,null,null,null,null,null
cmut4yu4500boxsbkilx0ipo5,image-to-video,performance_concurrent_flow,5,2026-10-04T01:22:23.079Z,2026-10-04T01:22:23.109Z,2026-10-04T01:22:23.112Z,2026-10-04T01:22:23.115Z,2026-10-04T01:22:23.080Z,2026-10-04T01:22:23.082Z,2026-10-04T01:22:23.083Z,2026-10-04T01:22:23.094Z,2026-10-04T01:22:23.105Z,2026-10-04T01:22:23.106Z,2026-10-04T01:22:23.106Z,2026-10-04T01:22:23.136Z,2026-10-04T01:22:23.178Z,2026-10-04T01:22:23.212Z,2026-10-04T01:22:23.225Z,2026-10-04T01:22:23.304Z,2026-10-04T01:22:23.225Z,2026-10-04T01:22:23.252Z,2026-10-04T01:22:23.322Z,2026-10-04T01:22:23.355Z,2026-10-04T01:22:23.390Z,2026-10-04T01:22:23.422Z,2026-10-04T01:22:23.499Z,2026-10-04T01:22:23.499Z,2026-10-04T01:22:23.535Z,30,6,34,97,70,36,1,1,23,11,487.16849999999977,31.64220000000023,4.870700000000397,5.3554000000003725,55.11999999999989,112.32530000000042,5.61620000000039,37.33780000000024,60.09659999999985,7.387800000000425,107.10359999999946,55.48480000000018,null,null,null,null,null,null
cmut4yu4r00btxsbkkdzqwn1j,text-to-video,performance_concurrent_flow,5,2026-10-04T01:22:23.079Z,2026-10-04T01:22:23.130Z,2026-10-04T01:22:23.133Z,2026-10-04T01:22:23.137Z,2026-10-04T01:22:23.080Z,2026-10-04T01:22:23.082Z,2026-10-04T01:22:23.109Z,2026-10-04T01:22:23.117Z,2026-10-04T01:22:23.128Z,2026-10-04T01:22:23.128Z,2026-10-04T01:22:23.128Z,2026-10-04T01:22:23.166Z,2026-10-04T01:22:23.202Z,2026-10-04T01:22:23.227Z,2026-10-04T01:22:23.241Z,2026-10-04T01:22:23.321Z,2026-10-04T01:22:23.241Z,2026-10-04T01:22:23.262Z,2026-10-04T01:22:23.343Z,2026-10-04T01:22:23.370Z,2026-10-04T01:22:23.408Z,2026-10-04T01:22:23.440Z,2026-10-04T01:22:23.520Z,2026-10-04T01:22:23.520Z,2026-10-04T01:22:23.556Z,51,7,25,102,81,36,1,27,19,11,507.15049999999974,52.259000000000015,5.831199999999626,4.720900000000256,61.337499999999636,97.82009999999991,6.65349999999944,40.673399999999674,58.41870000000017,6.161600000000362,110.21000000000004,57.13549999999941,null,null,null,null,null,null
cmut4yu5g00bxxsbkdki9325s,image-to-video,performance_concurrent_flow,5,2026-10-04T01:22:23.079Z,2026-10-04T01:22:23.161Z,2026-10-04T01:22:23.165Z,2026-10-04T01:22:23.168Z,2026-10-04T01:22:23.081Z,2026-10-04T01:22:23.082Z,2026-10-04T01:22:23.130Z,2026-10-04T01:22:23.141Z,2026-10-04T01:22:23.155Z,2026-10-04T01:22:23.156Z,2026-10-04T01:22:23.156Z,2026-10-04T01:22:23.209Z,2026-10-04T01:22:23.255Z,2026-10-04T01:22:23.279Z,2026-10-04T01:22:23.292Z,2026-10-04T01:22:23.376Z,2026-10-04T01:22:23.292Z,2026-10-04T01:22:23.319Z,2026-10-04T01:22:23.392Z,2026-10-04T01:22:23.419Z,2026-10-04T01:22:23.461Z,2026-10-04T01:22:23.506Z,2026-10-04T01:22:23.571Z,2026-10-04T01:22:23.571Z,2026-10-04T01:22:23.601Z,82,7,24,100,73,30,2,48,26,14,551.125,83.95049999999992,7.125500000000102,7.534700000000157,75.39519999999993,105.23019999999997,7.773800000000847,31.506900000000314,69.40980000000036,7.500100000000202,97.3774999999996,52.650800000000345,null,null,null,null,null,null
cmut4yu6900c2xsbkfcybkx26,text-to-video,performance_concurrent_flow,5,2026-10-04T01:22:23.079Z,2026-10-04T01:22:23.193Z,2026-10-04T01:22:23.198Z,2026-10-04T01:22:23.207Z,2026-10-04T01:22:23.081Z,2026-10-04T01:22:23.083Z,2026-10-04T01:22:23.162Z,2026-10-04T01:22:23.170Z,2026-10-04T01:22:23.185Z,2026-10-04T01:22:23.185Z,2026-10-04T01:22:23.185Z,2026-10-04T01:22:23.234Z,2026-10-04T01:22:23.264Z,2026-10-04T01:22:23.286Z,2026-10-04T01:22:23.298Z,2026-10-04T01:22:23.386Z,2026-10-04T01:22:23.298Z,2026-10-04T01:22:23.329Z,2026-10-04T01:22:23.404Z,2026-10-04T01:22:23.429Z,2026-10-04T01:22:23.474Z,2026-10-04T01:22:23.512Z,2026-10-04T01:22:23.579Z,2026-10-04T01:22:23.579Z,2026-10-04T01:22:23.618Z,114,14,22,106,75,39,2,79,23,15,574.3119999999999,116.89900000000034,7.05330000000049,5.493199999999888,47.06909999999971,108.79820000000018,7.507499999999709,31.70180000000073,64.86729999999989,7.51299999999992,103.04220000000078,63.07099999999991,null,null,null,null,null,null
cmut4yu7c00c6xsbkd60zwntf,text-to-video,performance_concurrent_flow,5,2026-10-04T01:22:23.079Z,2026-10-04T01:22:23.225Z,2026-10-04T01:22:23.228Z,2026-10-04T01:22:23.232Z,2026-10-04T01:22:23.081Z,2026-10-04T01:22:23.083Z,2026-10-04T01:22:23.193Z,2026-10-04T01:22:23.210Z,2026-10-04T01:22:23.222Z,2026-10-04T01:22:23.222Z,2026-10-04T01:22:23.222Z,2026-10-04T01:22:23.266Z,2026-10-04T01:22:23.296Z,2026-10-04T01:22:23.324Z,2026-10-04T01:22:23.342Z,2026-10-04T01:22:23.414Z,2026-10-04T01:22:23.342Z,2026-10-04T01:22:23.363Z,2026-10-04T01:22:23.430Z,2026-10-04T01:22:23.472Z,2026-10-04T01:22:23.511Z,2026-10-04T01:22:23.548Z,2026-10-04T01:22:23.622Z,2026-10-04T01:22:23.622Z,2026-10-04T01:22:23.656Z,146,7,28,88,67,34,2,110,29,12,601.5047999999997,147.4373999999998,14.090099999999438,6.236499999999978,47.98990000000049,103.04029999999966,6.968000000000757,33.000199999999495,72.96849999999995,9.96519999999964,101.49879999999939,52.33550000000014,null,null,null,null,null,null
cmut4yuph00e0xsbkikxlcsrj,text-to-video,performance_concurrent_flow,5,2026-10-04T01:22:23.839Z,2026-10-04T01:22:23.882Z,2026-10-04T01:22:23.891Z,2026-10-04T01:22:23.901Z,2026-10-04T01:22:23.844Z,2026-10-04T01:22:23.846Z,2026-10-04T01:22:23.847Z,2026-10-04T01:22:23.862Z,2026-10-04T01:22:23.880Z,2026-10-04T01:22:23.880Z,2026-10-04T01:22:23.880Z,2026-10-04T01:22:23.926Z,2026-10-04T01:22:23.957Z,2026-10-04T01:22:23.978Z,2026-10-04T01:22:23.990Z,2026-10-04T01:22:24.063Z,2026-10-04T01:22:23.990Z,2026-10-04T01:22:24.011Z,2026-10-04T01:22:24.080Z,2026-10-04T01:22:24.109Z,2026-10-04T01:22:24.155Z,2026-10-04T01:22:24.192Z,2026-10-04T01:22:24.247Z,2026-10-04T01:22:24.247Z,2026-10-04T01:22:24.277Z,43,19,21,90,69,30,5,1,33,18,464.7341999999999,44.720400000000154,4.63169999999991,5.1338000000005195,48.6866,94.32540000000063,5.70049999999992,34.009799999999814,67.52739999999994,7.002700000000004,85.51620000000003,50.15800000000036,null,null,null,null,null,null
cmut4yure00e9xsbkn2nlngcq,text-to-video,performance_concurrent_flow,5,2026-10-04T01:22:23.839Z,2026-10-04T01:22:23.951Z,2026-10-04T01:22:23.954Z,2026-10-04T01:22:23.958Z,2026-10-04T01:22:23.844Z,2026-10-04T01:22:23.846Z,2026-10-04T01:22:23.923Z,2026-10-04T01:22:23.933Z,2026-10-04T01:22:23.947Z,2026-10-04T01:22:23.947Z,2026-10-04T01:22:23.947Z,2026-10-04T01:22:23.988Z,2026-10-04T01:22:24.013Z,2026-10-04T01:22:24.032Z,2026-10-04T01:22:24.046Z,2026-10-04T01:22:24.131Z,2026-10-04T01:22:24.046Z,2026-10-04T01:22:24.070Z,2026-10-04T01:22:24.153Z,2026-10-04T01:22:24.184Z,2026-10-04T01:22:24.216Z,2026-10-04T01:22:24.246Z,2026-10-04T01:22:24.310Z,2026-10-04T01:22:24.310Z,2026-10-04T01:22:24.339Z,112,7,19,107,83,29,5,77,24,14,526.6086999999989,113.47230000000036,10.795799999999872,5.825199999999313,41.40769999999975,95.8693000000003,10.95759999999973,40.811899999999696,56.994800000000396,6.72150000000056,89.79470000000038,48.196100000001024,null,null,null,null,null,null
cmut4yuqn00e4xsbkh6y1ashc,image-to-video,performance_concurrent_flow,5,2026-10-04T01:22:23.839Z,2026-10-04T01:22:23.923Z,2026-10-04T01:22:23.927Z,2026-10-04T01:22:23.934Z,2026-10-04T01:22:23.845Z,2026-10-04T01:22:23.846Z,2026-10-04T01:22:23.882Z,2026-10-04T01:22:23.904Z,2026-10-04T01:22:23.916Z,2026-10-04T01:22:23.920Z,2026-10-04T01:22:23.920Z,2026-10-04T01:22:23.961Z,2026-10-04T01:22:24.001Z,2026-10-04T01:22:24.021Z,2026-10-04T01:22:24.034Z,2026-10-04T01:22:24.106Z,2026-10-04T01:22:24.034Z,2026-10-04T01:22:24.054Z,2026-10-04T01:22:24.121Z,2026-10-04T01:22:24.162Z,2026-10-04T01:22:24.200Z,2026-10-04T01:22:24.232Z,2026-10-04T01:22:24.303Z,2026-10-04T01:22:24.303Z,2026-10-04T01:22:24.358Z,84,11,20,87,67,55,6,36,38,12,552.6798999999992,86.17780000000039,8.885600000000522,5.694400000000314,55.411699999999655,93.82649999999921,5.1544999999996435,39.03780000000006,63.552599999999984,6.460100000000239,97.20600000000013,82.27650000000085,null,null,null,null,null,null
cmut4yus800edxsbk5bdtddrt,image-to-video,performance_concurrent_flow,5,2026-10-04T01:22:23.839Z,2026-10-04T01:22:23.983Z,2026-10-04T01:22:23.987Z,2026-10-04T01:22:23.990Z,2026-10-04T01:22:23.845Z,2026-10-04T01:22:23.846Z,2026-10-04T01:22:23.951Z,2026-10-04T01:22:23.961Z,2026-10-04T01:22:23.978Z,2026-10-04T01:22:23.980Z,2026-10-04T01:22:23.980Z,2026-10-04T01:22:24.017Z,2026-10-04T01:22:24.055Z,2026-10-04T01:22:24.078Z,2026-10-04T01:22:24.091Z,2026-10-04T01:22:24.177Z,2026-10-04T01:22:24.091Z,2026-10-04T01:22:24.111Z,2026-10-04T01:22:24.195Z,2026-10-04T01:22:24.221Z,2026-10-04T01:22:24.252Z,2026-10-04T01:22:24.293Z,2026-10-04T01:22:24.354Z,2026-10-04T01:22:24.354Z,2026-10-04T01:22:24.378Z,144,7,23,104,84,24,6,105,29,17,568.9224000000013,145.4915000000001,6.346000000000458,6.99619999999959,54.89289999999983,108.3083000000006,7.1328999999996086,32.941100000000006,53.878600000000006,5.809699999999793,93.52160000000003,48.4336000000003,null,null,null,null,null,null
cmut4yut100ejxsbk16k9bolp,text-to-video,performance_concurrent_flow,5,2026-10-04T01:22:23.839Z,2026-10-04T01:22:24.006Z,2026-10-04T01:22:24.010Z,2026-10-04T01:22:24.014Z,2026-10-04T01:22:23.845Z,2026-10-04T01:22:23.847Z,2026-10-04T01:22:23.983Z,2026-10-04T01:22:23.991Z,2026-10-04T01:22:24.003Z,2026-10-04T01:22:24.003Z,2026-10-04T01:22:24.003Z,2026-10-04T01:22:24.040Z,2026-10-04T01:22:24.069Z,2026-10-04T01:22:24.094Z,2026-10-04T01:22:24.107Z,2026-10-04T01:22:24.197Z,2026-10-04T01:22:24.107Z,2026-10-04T01:22:24.138Z,2026-10-04T01:22:24.211Z,2026-10-04T01:22:24.238Z,2026-10-04T01:22:24.275Z,2026-10-04T01:22:24.314Z,2026-10-04T01:22:24.372Z,2026-10-04T01:22:24.372Z,2026-10-04T01:22:24.400Z,167,8,25,104,73,28,6,136,20,12,584.8325000000004,169.09060000000045,7.3739000000005035,6.608200000000579,44.231699999999364,112.94920000000002,8.206999999999425,27.77679999999964,59.83460000000014,12.609299999999166,84.1231000000007,46.144500000000335,null,null,null,null,null,null
cmut4yv8z00gdxsbk3mcj3x5t,text-to-video,performance_concurrent_flow,5,2026-10-04T01:22:24.552Z,2026-10-04T01:22:24.577Z,2026-10-04T01:22:24.580Z,2026-10-04T01:22:24.586Z,2026-10-04T01:22:24.554Z,2026-10-04T01:22:24.555Z,2026-10-04T01:22:24.556Z,2026-10-04T01:22:24.564Z,2026-10-04T01:22:24.575Z,2026-10-04T01:22:24.575Z,2026-10-04T01:22:24.575Z,2026-10-04T01:22:24.618Z,2026-10-04T01:22:24.640Z,2026-10-04T01:22:24.663Z,2026-10-04T01:22:24.678Z,2026-10-04T01:22:24.754Z,2026-10-04T01:22:24.678Z,2026-10-04T01:22:24.700Z,2026-10-04T01:22:24.767Z,2026-10-04T01:22:24.796Z,2026-10-04T01:22:24.840Z,2026-10-04T01:22:24.882Z,2026-10-04T01:22:24.946Z,2026-10-04T01:22:24.946Z,2026-10-04T01:22:24.975Z,25,9,23,89,67,29,2,1,19,11,449.2974000000013,26.16990000000078,14.240499999999884,4.651299999999537,38.15939999999864,100.78969999999936,5.843800000000556,28.04370000000017,68.42109999999957,9.92950000000019,95.95699999999852,49.252300000000105,null,null,null,null,null,null
cmut4yv9n00ghxsbkg1ajehs2,image-to-video,performance_concurrent_flow,5,2026-10-04T01:22:24.552Z,2026-10-04T01:22:24.612Z,2026-10-04T01:22:24.615Z,2026-10-04T01:22:24.618Z,2026-10-04T01:22:24.554Z,2026-10-04T01:22:24.555Z,2026-10-04T01:22:24.577Z,2026-10-04T01:22:24.590Z,2026-10-04T01:22:24.608Z,2026-10-04T01:22:24.609Z,2026-10-04T01:22:24.609Z,2026-10-04T01:22:24.643Z,2026-10-04T01:22:24.687Z,2026-10-04T01:22:24.707Z,2026-10-04T01:22:24.720Z,2026-10-04T01:22:24.792Z,2026-10-04T01:22:24.720Z,2026-10-04T01:22:24.744Z,2026-10-04T01:22:24.807Z,2026-10-04T01:22:24.842Z,2026-10-04T01:22:24.884Z,2026-10-04T01:22:24.920Z,2026-10-04T01:22:24.988Z,2026-10-04T01:22:24.988Z,2026-10-04T01:22:25.014Z,60,6,20,87,63,26,2,22,32,18,494.2957000000006,60.72859999999855,5.992200000000594,5.701399999999921,60.196500000000015,90.59310000000005,6.352200000001176,34.51519999999982,70.0635999999995,7.460000000000946,94.85330000000067,52.30370000000039,null,null,null,null,null,null
cmut4yvaj00gmxsbkxd850cg3,text-to-video,performance_concurrent_flow,5,2026-10-04T01:22:24.552Z,2026-10-04T01:22:24.634Z,2026-10-04T01:22:24.637Z,2026-10-04T01:22:24.641Z,2026-10-04T01:22:24.554Z,2026-10-04T01:22:24.555Z,2026-10-04T01:22:24.612Z,2026-10-04T01:22:24.620Z,2026-10-04T01:22:24.631Z,2026-10-04T01:22:24.631Z,2026-10-04T01:22:24.631Z,2026-10-04T01:22:24.671Z,2026-10-04T01:22:24.699Z,2026-10-04T01:22:24.721Z,2026-10-04T01:22:24.733Z,2026-10-04T01:22:24.806Z,2026-10-04T01:22:24.733Z,2026-10-04T01:22:24.756Z,2026-10-04T01:22:24.824Z,2026-10-04T01:22:24.858Z,2026-10-04T01:22:24.896Z,2026-10-04T01:22:24.931Z,2026-10-04T01:22:24.994Z,2026-10-04T01:22:24.994Z,2026-10-04T01:22:25.020Z,82,7,22,91,68,26,2,57,19,11,501.729800000001,83.50350000000071,6.098500000000058,10.255799999998999,45.01730000000134,93.97040000000015,6.445299999999406,34.120600000000195,65.37149999999929,6.934499999999389,90.4349000000002,54.26480000000083,null,null,null,null,null,null
cmut4yvb500gqxsbkx36jr2jv,text-to-video,performance_concurrent_flow,5,2026-10-04T01:22:24.552Z,2026-10-04T01:22:24.662Z,2026-10-04T01:22:24.667Z,2026-10-04T01:22:24.670Z,2026-10-04T01:22:24.555Z,2026-10-04T01:22:24.556Z,2026-10-04T01:22:24.634Z,2026-10-04T01:22:24.642Z,2026-10-04T01:22:24.659Z,2026-10-04T01:22:24.659Z,2026-10-04T01:22:24.659Z,2026-10-04T01:22:24.697Z,2026-10-04T01:22:24.722Z,2026-10-04T01:22:24.742Z,2026-10-04T01:22:24.755Z,2026-10-04T01:22:24.829Z,2026-10-04T01:22:24.755Z,2026-10-04T01:22:24.775Z,2026-10-04T01:22:24.845Z,2026-10-04T01:22:24.880Z,2026-10-04T01:22:24.914Z,2026-10-04T01:22:24.950Z,2026-10-04T01:22:25.017Z,2026-10-04T01:22:25.017Z,2026-10-04T01:22:25.054Z,110,8,20,90,70,37,3,78,25,17,531.2139000000006,111.92239999999947,7.835199999999531,6.507599999999002,40.3117000000002,93.09029999999984,7.171099999999569,34.66969999999856,60.02560000000085,8.631199999999808,97.08619999999974,57.70900000000074,null,null,null,null,null,null
cmut4yvc300gvxsbkm0clki7t,image-to-video,performance_concurrent_flow,5,2026-10-04T01:22:24.552Z,2026-10-04T01:22:24.701Z,2026-10-04T01:22:24.706Z,2026-10-04T01:22:24.711Z,2026-10-04T01:22:24.554Z,2026-10-04T01:22:24.556Z,2026-10-04T01:22:24.662Z,2026-10-04T01:22:24.677Z,2026-10-04T01:22:24.696Z,2026-10-04T01:22:24.698Z,2026-10-04T01:22:24.698Z,2026-10-04T01:22:24.736Z,2026-10-04T01:22:24.776Z,2026-10-04T01:22:24.797Z,2026-10-04T01:22:24.812Z,2026-10-04T01:22:24.898Z,2026-10-04T01:22:24.812Z,2026-10-04T01:22:24.838Z,2026-10-04T01:22:24.912Z,2026-10-04T01:22:24.942Z,2026-10-04T01:22:24.977Z,2026-10-04T01:22:25.012Z,2026-10-04T01:22:25.079Z,2026-10-04T01:22:25.079Z,2026-10-04T01:22:25.105Z,149,10,21,100,74,26,2,106,36,19,575.0985999999994,150.3889999999992,6.042399999998452,5.468000000000757,56.904499999998734,105.98470000000088,8.727699999999459,29.82140000000072,61.04310000000078,7.353299999998853,93.7596999999987,41.50510000000031,null,null,null,null,null,null
cmut4yvtg00ipxsbklc2vnb9v,image-to-video,performance_concurrent_flow,5,2026-10-04T01:22:25.282Z,2026-10-04T01:22:25.314Z,2026-10-04T01:22:25.317Z,2026-10-04T01:22:25.320Z,2026-10-04T01:22:25.287Z,2026-10-04T01:22:25.290Z,2026-10-04T01:22:25.292Z,2026-10-04T01:22:25.301Z,2026-10-04T01:22:25.311Z,2026-10-04T01:22:25.312Z,2026-10-04T01:22:25.312Z,2026-10-04T01:22:25.345Z,2026-10-04T01:22:25.387Z,2026-10-04T01:22:25.407Z,2026-10-04T01:22:25.420Z,2026-10-04T01:22:25.495Z,2026-10-04T01:22:25.420Z,2026-10-04T01:22:25.447Z,2026-10-04T01:22:25.510Z,2026-10-04T01:22:25.536Z,2026-10-04T01:22:25.571Z,2026-10-04T01:22:25.604Z,2026-10-04T01:22:25.669Z,2026-10-04T01:22:25.669Z,2026-10-04T01:22:25.703Z,32,6,20,90,63,34,5,2,20,10,450.58259999999973,33.385700000000725,5.336299999999028,4.876000000000204,60.1908999999996,94.31370000000061,7.077400000000125,28.32639999999992,55.49589999999989,7.094100000000253,92.67999999999847,56.99330000000009,null,null,null,null,null,null
cmut4yvu100iuxsbkyhiyk9xh,text-to-video,performance_concurrent_flow,5,2026-10-04T01:22:25.282Z,2026-10-04T01:22:25.337Z,2026-10-04T01:22:25.342Z,2026-10-04T01:22:25.345Z,2026-10-04T01:22:25.284Z,2026-10-04T01:22:25.291Z,2026-10-04T01:22:25.314Z,2026-10-04T01:22:25.322Z,2026-10-04T01:22:25.334Z,2026-10-04T01:22:25.334Z,2026-10-04T01:22:25.335Z,2026-10-04T01:22:25.376Z,2026-10-04T01:22:25.403Z,2026-10-04T01:22:25.421Z,2026-10-04T01:22:25.437Z,2026-10-04T01:22:25.506Z,2026-10-04T01:22:25.437Z,2026-10-04T01:22:25.460Z,2026-10-04T01:22:25.521Z,2026-10-04T01:22:25.549Z,2026-10-04T01:22:25.583Z,2026-10-04T01:22:25.615Z,2026-10-04T01:22:25.685Z,2026-10-04T01:22:25.685Z,2026-10-04T01:22:25.720Z,55,8,18,84,61,35,2,23,20,12,470.65300000000025,56.814800000000105,6.14639999999963,5.510000000000218,48.59359999999833,90.54190000000017,6.502800000000207,27.924700000001394,58.16870000000017,6.656799999998839,100.09009999999944,57.311499999999796,null,null,null,null,null,null
cmut4yvup00iyxsbk57l8qjl8,text-to-video,performance_concurrent_flow,5,2026-10-04T01:22:25.282Z,2026-10-04T01:22:25.359Z,2026-10-04T01:22:25.367Z,2026-10-04T01:22:25.375Z,2026-10-04T01:22:25.287Z,2026-10-04T01:22:25.291Z,2026-10-04T01:22:25.337Z,2026-10-04T01:22:25.346Z,2026-10-04T01:22:25.356Z,2026-10-04T01:22:25.356Z,2026-10-04T01:22:25.356Z,2026-10-04T01:22:25.404Z,2026-10-04T01:22:25.429Z,2026-10-04T01:22:25.452Z,2026-10-04T01:22:25.466Z,2026-10-04T01:22:25.537Z,2026-10-04T01:22:25.466Z,2026-10-04T01:22:25.486Z,2026-10-04T01:22:25.553Z,2026-10-04T01:22:25.580Z,2026-10-04T01:22:25.613Z,2026-10-04T01:22:25.647Z,2026-10-04T01:22:25.730Z,2026-10-04T01:22:25.730Z,2026-10-04T01:22:25.767Z,77,16,23,87,67,37,5,46,19,10,520.5422999999992,78.33569999999963,5.840699999998833,9.926099999998769,41.928099999999176,93.98040000000037,6.377999999998792,33.284200000000055,54.70290000000023,6.495100000000093,111.89450000000033,63.61340000000018,null,null,null,null,null,null
cmut4yvvd00j2xsbknqqiqaky,text-to-video,performance_concurrent_flow,5,2026-10-04T01:22:25.282Z,2026-10-04T01:22:25.393Z,2026-10-04T01:22:25.396Z,2026-10-04T01:22:25.400Z,2026-10-04T01:22:25.290Z,2026-10-04T01:22:25.292Z,2026-10-04T01:22:25.359Z,2026-10-04T01:22:25.370Z,2026-10-04T01:22:25.389Z,2026-10-04T01:22:25.389Z,2026-10-04T01:22:25.390Z,2026-10-04T01:22:25.426Z,2026-10-04T01:22:25.455Z,2026-10-04T01:22:25.475Z,2026-10-04T01:22:25.487Z,2026-10-04T01:22:25.560Z,2026-10-04T01:22:25.487Z,2026-10-04T01:22:25.510Z,2026-10-04T01:22:25.574Z,2026-10-04T01:22:25.600Z,2026-10-04T01:22:25.634Z,2026-10-04T01:22:25.670Z,2026-10-04T01:22:25.746Z,2026-10-04T01:22:25.746Z,2026-10-04T01:22:25.777Z,111,7,20,87,64,31,8,67,30,19,532.1870999999992,112.21950000000106,7.0481999999992695,5.55580000000009,45.978799999998955,88.64760000000024,9.300199999999677,27.298500000000786,55.40049999999974,6.3641999999999825,105.46650000000045,63.03360000000066,null,null,null,null,null,null
cmut4yvwa00j6xsbkmonfc1rk,image-to-video,performance_concurrent_flow,5,2026-10-04T01:22:25.282Z,2026-10-04T01:22:25.419Z,2026-10-04T01:22:25.423Z,2026-10-04T01:22:25.427Z,2026-10-04T01:22:25.291Z,2026-10-04T01:22:25.292Z,2026-10-04T01:22:25.393Z,2026-10-04T01:22:25.403Z,2026-10-04T01:22:25.415Z,2026-10-04T01:22:25.417Z,2026-10-04T01:22:25.417Z,2026-10-04T01:22:25.459Z,2026-10-04T01:22:25.497Z,2026-10-04T01:22:25.519Z,2026-10-04T01:22:25.532Z,2026-10-04T01:22:25.611Z,2026-10-04T01:22:25.532Z,2026-10-04T01:22:25.558Z,2026-10-04T01:22:25.629Z,2026-10-04T01:22:25.661Z,2026-10-04T01:22:25.696Z,2026-10-04T01:22:25.739Z,2026-10-04T01:22:25.813Z,2026-10-04T01:22:25.813Z,2026-10-04T01:22:25.841Z,137,8,22,97,71,28,9,101,24,12,581.803899999999,138.53829999999834,9.884600000001228,8.098100000001068,56.04860000000008,97.8127000000004,6.541800000000876,34.453199999999924,64.09350000000086,7.158800000001065,108.36089999999967,44.48569999999927,null,null,null,null,null,null
cmut4ywd100l1xsbks75dgmkd,text-to-video,performance_concurrent_flow,5,2026-10-04T01:22:25.993Z,2026-10-04T01:22:26.020Z,2026-10-04T01:22:26.025Z,2026-10-04T01:22:26.031Z,2026-10-04T01:22:25.994Z,2026-10-04T01:22:25.995Z,2026-10-04T01:22:25.996Z,2026-10-04T01:22:26.006Z,2026-10-04T01:22:26.017Z,2026-10-04T01:22:26.017Z,2026-10-04T01:22:26.017Z,2026-10-04T01:22:26.063Z,2026-10-04T01:22:26.094Z,2026-10-04T01:22:26.122Z,2026-10-04T01:22:26.136Z,2026-10-04T01:22:26.215Z,2026-10-04T01:22:26.136Z,2026-10-04T01:22:26.160Z,2026-10-04T01:22:26.236Z,2026-10-04T01:22:26.269Z,2026-10-04T01:22:26.312Z,2026-10-04T01:22:26.354Z,2026-10-04T01:22:26.434Z,2026-10-04T01:22:26.434Z,2026-10-04T01:22:26.472Z,27,11,28,100,76,38,1,1,21,11,505.78410000000076,28.39769999999953,9.995699999999488,6.323599999999715,49.0044999999991,108.38609999999971,6.182499999998981,40.2390000000014,70.77280000000064,7.714500000000044,113.78379999999925,55.287100000001374,null,null,null,null,null,null
cmut4ywdx00l5xsbk3k907yoj,image-to-video,performance_concurrent_flow,5,2026-10-04T01:22:25.993Z,2026-10-04T01:22:26.057Z,2026-10-04T01:22:26.063Z,2026-10-04T01:22:26.067Z,2026-10-04T01:22:25.995Z,2026-10-04T01:22:25.996Z,2026-10-04T01:22:26.020Z,2026-10-04T01:22:26.038Z,2026-10-04T01:22:26.054Z,2026-10-04T01:22:26.055Z,2026-10-04T01:22:26.055Z,2026-10-04T01:22:26.097Z,2026-10-04T01:22:26.145Z,2026-10-04T01:22:26.171Z,2026-10-04T01:22:26.184Z,2026-10-04T01:22:26.279Z,2026-10-04T01:22:26.184Z,2026-10-04T01:22:26.209Z,2026-10-04T01:22:26.305Z,2026-10-04T01:22:26.340Z,2026-10-04T01:22:26.385Z,2026-10-04T01:22:26.431Z,2026-10-04T01:22:26.497Z,2026-10-04T01:22:26.497Z,2026-10-04T01:22:26.525Z,64,10,26,121,96,28,2,24,35,16,564.6463999999996,68.24779999999919,6.708300000000236,6.788399999999456,69.55349999999999,117.83829999999944,6.92699999999968,46.60369999999966,72.84439999999995,7.6341999999986,102.16500000000087,53.50379999999859,null,null,null,null,null,null
cmut4ywfm00lexsbk9ewlfu19,text-to-video,performance_concurrent_flow,5,2026-10-04T01:22:25.993Z,2026-10-04T01:22:26.124Z,2026-10-04T01:22:26.127Z,2026-10-04T01:22:26.131Z,2026-10-04T01:22:25.995Z,2026-10-04T01:22:26.000Z,2026-10-04T01:22:26.084Z,2026-10-04T01:22:26.106Z,2026-10-04T01:22:26.121Z,2026-10-04T01:22:26.121Z,2026-10-04T01:22:26.121Z,2026-10-04T01:22:26.161Z,2026-10-04T01:22:26.194Z,2026-10-04T01:22:26.212Z,2026-10-04T01:22:26.226Z,2026-10-04T01:22:26.317Z,2026-10-04T01:22:26.226Z,2026-10-04T01:22:26.254Z,2026-10-04T01:22:26.334Z,2026-10-04T01:22:26.372Z,2026-10-04T01:22:26.414Z,2026-10-04T01:22:26.458Z,2026-10-04T01:22:26.520Z,2026-10-04T01:22:26.520Z,2026-10-04T01:22:26.552Z,131,7,18,108,80,32,2,84,37,15,582.9938999999995,132.53609999999935,9.757799999999406,6.7193999999999505,48.53930000000037,102.35699999999997,13.102199999999357,39.286299999999756,77.21349999999984,8.285299999999552,90.53830000000016,49.36410000000069,null,null,null,null,null,null
cmut4ywes00laxsbkqlp2jas3,text-to-video,performance_concurrent_flow,5,2026-10-04T01:22:25.993Z,2026-10-04T01:22:26.084Z,2026-10-04T01:22:26.093Z,2026-10-04T01:22:26.098Z,2026-10-04T01:22:25.995Z,2026-10-04T01:22:25.996Z,2026-10-04T01:22:26.057Z,2026-10-04T01:22:26.070Z,2026-10-04T01:22:26.081Z,2026-10-04T01:22:26.081Z,2026-10-04T01:22:26.081Z,2026-10-04T01:22:26.134Z,2026-10-04T01:22:26.162Z,2026-10-04T01:22:26.189Z,2026-10-04T01:22:26.202Z,2026-10-04T01:22:26.307Z,2026-10-04T01:22:26.202Z,2026-10-04T01:22:26.229Z,2026-10-04T01:22:26.326Z,2026-10-04T01:22:26.368Z,2026-10-04T01:22:26.413Z,2026-10-04T01:22:26.461Z,2026-10-04T01:22:26.522Z,2026-10-04T01:22:26.522Z,2026-10-04T01:22:26.554Z,91,14,27,124,97,32,2,61,24,11,593.9997000000003,98.26629999999932,11.445200000000114,9.089100000001054,47.51809999999932,119.58879999999954,13.859700000000885,43.52079999999842,83.9945000000007,8.534100000000763,92.59119999999893,58.98699999999917,null,null,null,null,null,null
cmut4ywgn00ljxsbkw8o6etra,image-to-video,performance_concurrent_flow,5,2026-10-04T01:22:25.993Z,2026-10-04T01:22:26.156Z,2026-10-04T01:22:26.159Z,2026-10-04T01:22:26.162Z,2026-10-04T01:22:25.995Z,2026-10-04T01:22:26.000Z,2026-10-04T01:22:26.124Z,2026-10-04T01:22:26.137Z,2026-10-04T01:22:26.152Z,2026-10-04T01:22:26.153Z,2026-10-04T01:22:26.153Z,2026-10-04T01:22:26.200Z,2026-10-04T01:22:26.254Z,2026-10-04T01:22:26.277Z,2026-10-04T01:22:26.291Z,2026-10-04T01:22:26.393Z,2026-10-04T01:22:26.291Z,2026-10-04T01:22:26.325Z,2026-10-04T01:22:26.408Z,2026-10-04T01:22:26.450Z,2026-10-04T01:22:26.486Z,2026-10-04T01:22:26.520Z,2026-10-04T01:22:26.583Z,2026-10-04T01:22:26.583Z,2026-10-04T01:22:26.608Z,163,6,23,117,83,25,2,124,29,15,636.5433999999987,164.52900000000045,11.161599999999453,7.676199999999881,79.59180000000015,113.27710000000116,14.317600000000311,38.56680000000051,65.53809999999976,6.161400000000867,91.11650000000009,39.98730000000069,null,null,null,null,null,null
cmut4ywyl00ndxsbkq0rqelm6,image-to-video,performance_concurrent_flow,5,2026-10-04T01:22:26.769Z,2026-10-04T01:22:26.796Z,2026-10-04T01:22:26.799Z,2026-10-04T01:22:26.803Z,2026-10-04T01:22:26.771Z,2026-10-04T01:22:26.772Z,2026-10-04T01:22:26.773Z,2026-10-04T01:22:26.783Z,2026-10-04T01:22:26.793Z,2026-10-04T01:22:26.794Z,2026-10-04T01:22:26.794Z,2026-10-04T01:22:26.833Z,2026-10-04T01:22:26.875Z,2026-10-04T01:22:26.901Z,2026-10-04T01:22:26.920Z,2026-10-04T01:22:27.015Z,2026-10-04T01:22:26.920Z,2026-10-04T01:22:26.948Z,2026-10-04T01:22:27.032Z,2026-10-04T01:22:27.072Z,2026-10-04T01:22:27.115Z,2026-10-04T01:22:27.153Z,2026-10-04T01:22:27.218Z,2026-10-04T01:22:27.218Z,2026-10-04T01:22:27.251Z,27,7,26,112,84,33,2,1,21,10,514.8394000000008,28.35989999999947,6.190000000000509,4.700000000000728,64.36299999999937,123.66599999999926,9.432800000000498,39.00200000000041,70.3739999999998,11.005300000000716,91.74159999999938,60.807699999999386,null,null,null,null,null,null
cmut4ywz800nixsbkvnncczyi,image-to-video,performance_concurrent_flow,5,2026-10-04T01:22:26.769Z,2026-10-04T01:22:26.828Z,2026-10-04T01:22:26.832Z,2026-10-04T01:22:26.836Z,2026-10-04T01:22:26.771Z,2026-10-04T01:22:26.772Z,2026-10-04T01:22:26.796Z,2026-10-04T01:22:26.806Z,2026-10-04T01:22:26.824Z,2026-10-04T01:22:26.825Z,2026-10-04T01:22:26.826Z,2026-10-04T01:22:26.865Z,2026-10-04T01:22:26.912Z,2026-10-04T01:22:26.945Z,2026-10-04T01:22:26.957Z,2026-10-04T01:22:27.046Z,2026-10-04T01:22:26.957Z,2026-10-04T01:22:26.979Z,2026-10-04T01:22:27.064Z,2026-10-04T01:22:27.104Z,2026-10-04T01:22:27.147Z,2026-10-04T01:22:27.180Z,2026-10-04T01:22:27.252Z,2026-10-04T01:22:27.252Z,2026-10-04T01:22:27.286Z,59,8,33,107,85,34,2,24,29,18,548.5375999999997,60.87199999999939,7.033600000000661,6.59269999999924,65.1890999999996,114.64789999999994,10.490700000000288,38.576600000000326,75.20949999999903,7.148499999999331,96.46399999999994,60.39140000000043,null,null,null,null,null,null
cmut4yx0300nnxsbkg8n2vvpp,text-to-video,performance_concurrent_flow,5,2026-10-04T01:22:26.769Z,2026-10-04T01:22:26.860Z,2026-10-04T01:22:26.864Z,2026-10-04T01:22:26.868Z,2026-10-04T01:22:26.771Z,2026-10-04T01:22:26.772Z,2026-10-04T01:22:26.828Z,2026-10-04T01:22:26.837Z,2026-10-04T01:22:26.857Z,2026-10-04T01:22:26.858Z,2026-10-04T01:22:26.858Z,2026-10-04T01:22:26.898Z,2026-10-04T01:22:26.932Z,2026-10-04T01:22:26.963Z,2026-10-04T01:22:26.978Z,2026-10-04T01:22:27.093Z,2026-10-04T01:22:26.978Z,2026-10-04T01:22:27.011Z,2026-10-04T01:22:27.113Z,2026-10-04T01:22:27.146Z,2026-10-04T01:22:27.182Z,2026-10-04T01:22:27.224Z,2026-10-04T01:22:27.300Z,2026-10-04T01:22:27.300Z,2026-10-04T01:22:27.328Z,91,8,31,135,102,28,2,56,30,20,586.5818000000017,92.40630000000056,5.989400000000387,6.300499999999374,59.611399999999776,133.29039999999986,14.856400000000576,35.45379999999932,68.25580000000082,10.697500000000218,103.63719999999921,49.515300000000934,null,null,null,null,null,null
cmut4yx0z00nrxsbkgrwvdfzz,text-to-video,performance_concurrent_flow,5,2026-10-04T01:22:26.769Z,2026-10-04T01:22:26.885Z,2026-10-04T01:22:26.896Z,2026-10-04T01:22:26.899Z,2026-10-04T01:22:26.771Z,2026-10-04T01:22:26.772Z,2026-10-04T01:22:26.860Z,2026-10-04T01:22:26.868Z,2026-10-04T01:22:26.881Z,2026-10-04T01:22:26.881Z,2026-10-04T01:22:26.881Z,2026-10-04T01:22:26.941Z,2026-10-04T01:22:26.969Z,2026-10-04T01:22:26.999Z,2026-10-04T01:22:27.014Z,2026-10-04T01:22:27.111Z,2026-10-04T01:22:27.014Z,2026-10-04T01:22:27.040Z,2026-10-04T01:22:27.129Z,2026-10-04T01:22:27.158Z,2026-10-04T01:22:27.192Z,2026-10-04T01:22:27.234Z,2026-10-04T01:22:27.301Z,2026-10-04T01:22:27.301Z,2026-10-04T01:22:27.330Z,116,14,30,115,89,29,2,88,21,13,586.1614999999983,124.39840000000004,9.61239999999998,11.346400000000358,51.21849999999904,124.3890999999985,8.684100000000399,38.30459999999948,54.88960000000043,9.466600000001563,102.21229999999923,46.31830000000082,null,null,null,null,null,null
cmut4yx1r00nvxsbksdt0ja9g,text-to-video,performance_concurrent_flow,5,2026-10-04T01:22:26.769Z,2026-10-04T01:22:26.916Z,2026-10-04T01:22:26.924Z,2026-10-04T01:22:26.928Z,2026-10-04T01:22:26.772Z,2026-10-04T01:22:26.773Z,2026-10-04T01:22:26.887Z,2026-10-04T01:22:26.897Z,2026-10-04T01:22:26.913Z,2026-10-04T01:22:26.913Z,2026-10-04T01:22:26.913Z,2026-10-04T01:22:26.964Z,2026-10-04T01:22:27.006Z,2026-10-04T01:22:27.026Z,2026-10-04T01:22:27.040Z,2026-10-04T01:22:27.138Z,2026-10-04T01:22:27.040Z,2026-10-04T01:22:27.070Z,2026-10-04T01:22:27.155Z,2026-10-04T01:22:27.180Z,2026-10-04T01:22:27.219Z,2026-10-04T01:22:27.255Z,2026-10-04T01:22:27.335Z,2026-10-04T01:22:27.335Z,2026-10-04T01:22:27.363Z,147,12,20,115,85,28,3,114,26,16,615.2597999999998,150.98769999999968,13.029200000000856,7.870899999999892,59.37199999999939,113.82719999999972,12.311799999999494,31.783900000000358,58.513999999999214,11.06919999999991,109.08729999999923,39.97519999999895,null,null,null,null,null,null
cmut4yxtz00qsxsbkmbsn1dgn,text-to-video,performance_concurrent_flow,10,2026-10-04T01:22:27.850Z,2026-10-04T01:22:27.931Z,2026-10-04T01:22:27.938Z,2026-10-04T01:22:27.943Z,2026-10-04T01:22:27.852Z,2026-10-04T01:22:27.858Z,2026-10-04T01:22:27.899Z,2026-10-04T01:22:27.913Z,2026-10-04T01:22:27.927Z,2026-10-04T01:22:27.927Z,2026-10-04T01:22:27.928Z,2026-10-04T01:22:27.979Z,2026-10-04T01:22:28.008Z,2026-10-04T01:22:28.035Z,2026-10-04T01:22:28.056Z,2026-10-04T01:22:28.186Z,2026-10-04T01:22:28.056Z,2026-10-04T01:22:28.092Z,2026-10-04T01:22:28.214Z,2026-10-04T01:22:28.273Z,2026-10-04T01:22:28.350Z,2026-10-04T01:22:28.449Z,2026-10-04T01:22:28.597Z,2026-10-04T01:22:28.597Z,2026-10-04T01:22:28.673Z,81,12,27,158,122,76,2,41,28,14,914.6504000000004,85.50200000000041,8.277799999999843,9.471299999999246,49.77740000000085,149.96150000000125,12.943900000000212,60.9328000000005,126.04189999999835,18.831199999998717,232.01419999999962,153.1729000000014,null,null,null,null,null,null
cmut4yxsx00qnxsbk4724tgix,image-to-video,performance_concurrent_flow,10,2026-10-04T01:22:27.850Z,2026-10-04T01:22:27.898Z,2026-10-04T01:22:27.903Z,2026-10-04T01:22:27.908Z,2026-10-04T01:22:27.852Z,2026-10-04T01:22:27.858Z,2026-10-04T01:22:27.861Z,2026-10-04T01:22:27.875Z,2026-10-04T01:22:27.890Z,2026-10-04T01:22:27.893Z,2026-10-04T01:22:27.893Z,2026-10-04T01:22:27.941Z,2026-10-04T01:22:27.994Z,2026-10-04T01:22:28.018Z,2026-10-04T01:22:28.032Z,2026-10-04T01:22:28.176Z,2026-10-04T01:22:28.032Z,2026-10-04T01:22:28.064Z,2026-10-04T01:22:28.217Z,2026-10-04T01:22:28.281Z,2026-10-04T01:22:28.353Z,2026-10-04T01:22:28.438Z,2026-10-04T01:22:28.586Z,2026-10-04T01:22:28.586Z,2026-10-04T01:22:28.714Z,48,10,24,185,153,128,2,3,32,15,953.1869999999999,50.350000000000364,8.835499999999229,6.1401999999998225,74.47700000000077,132.3649000000005,15.476199999999153,96.12120000000141,123.75300000000061,17.565099999999802,220.08259999999973,200.82819999999992,null,null,null,null,null,null
cmut4yxvs00r1xsbkfcbtxh5n,text-to-video,performance_concurrent_flow,10,2026-10-04T01:22:27.850Z,2026-10-04T01:22:27.998Z,2026-10-04T01:22:28.003Z,2026-10-04T01:22:28.007Z,2026-10-04T01:22:27.854Z,2026-10-04T01:22:27.860Z,2026-10-04T01:22:27.967Z,2026-10-04T01:22:27.978Z,2026-10-04T01:22:27.995Z,2026-10-04T01:22:27.995Z,2026-10-04T01:22:27.995Z,2026-10-04T01:22:28.044Z,2026-10-04T01:22:28.088Z,2026-10-04T01:22:28.123Z,2026-10-04T01:22:28.139Z,2026-10-04T01:22:28.297Z,2026-10-04T01:22:28.139Z,2026-10-04T01:22:28.189Z,2026-10-04T01:22:28.332Z,2026-10-04T01:22:28.396Z,2026-10-04T01:22:28.477Z,2026-10-04T01:22:28.559Z,2026-10-04T01:22:28.721Z,2026-10-04T01:22:28.721Z,2026-10-04T01:22:28.799Z,148,9,35,193,143,78,4,107,28,17,1029.3428000000004,150.33499999999913,8.590299999999843,8.363599999998769,68.49419999999918,176.70919999999933,20.11490000000049,64.66450000000077,140.54949999999917,16.375099999999293,225.9351999999999,142.1826000000001,null,null,null,null,null,null
cmut4yxuy00qwxsbk3u9sp4de,image-to-video,performance_concurrent_flow,10,2026-10-04T01:22:27.850Z,2026-10-04T01:22:27.967Z,2026-10-04T01:22:27.971Z,2026-10-04T01:22:27.976Z,2026-10-04T01:22:27.853Z,2026-10-04T01:22:27.859Z,2026-10-04T01:22:27.931Z,2026-10-04T01:22:27.948Z,2026-10-04T01:22:27.962Z,2026-10-04T01:22:27.963Z,2026-10-04T01:22:27.963Z,2026-10-04T01:22:28.010Z,2026-10-04T01:22:28.069Z,2026-10-04T01:22:28.109Z,2026-10-04T01:22:28.124Z,2026-10-04T01:22:28.277Z,2026-10-04T01:22:28.124Z,2026-10-04T01:22:28.167Z,2026-10-04T01:22:28.314Z,2026-10-04T01:22:28.379Z,2026-10-04T01:22:28.472Z,2026-10-04T01:22:28.555Z,2026-10-04T01:22:28.720Z,2026-10-04T01:22:28.720Z,2026-10-04T01:22:28.814Z,117,9,40,190,147,94,3,72,32,14,1070.2546000000002,118.46600000000035,9.608000000000175,8.629899999999907,78.4385000000002,181.01990000000114,15.284499999999753,69.2577999999994,144.71409999999923,19.73070000000007,232.9894000000004,184.98329999999987,null,null,null,null,null,null
cmut4yxwm00r5xsbkab1frnuh,text-to-video,performance_concurrent_flow,10,2026-10-04T01:22:27.850Z,2026-10-04T01:22:28.027Z,2026-10-04T01:22:28.031Z,2026-10-04T01:22:28.047Z,2026-10-04T01:22:27.853Z,2026-10-04T01:22:27.859Z,2026-10-04T01:22:27.998Z,2026-10-04T01:22:28.008Z,2026-10-04T01:22:28.023Z,2026-10-04T01:22:28.023Z,2026-10-04T01:22:28.023Z,2026-10-04T01:22:28.092Z,2026-10-04T01:22:28.138Z,2026-10-04T01:22:28.188Z,2026-10-04T01:22:28.204Z,2026-10-04T01:22:28.366Z,2026-10-04T01:22:28.204Z,2026-10-04T01:22:28.248Z,2026-10-04T01:22:28.405Z,2026-10-04T01:22:28.476Z,2026-10-04T01:22:28.560Z,2026-10-04T01:22:28.646Z,2026-10-04T01:22:28.830Z,2026-10-04T01:22:28.830Z,2026-10-04T01:22:28.920Z,177,20,50,201,157,90,3,139,25,15,1153.4683999999997,178.33890000000065,9.616399999998976,9.644000000000233,77.55709999999999,197.19140000000152,15.876500000000306,70.97069999999985,145.27999999999884,15.4346000000005,263.8076999999994,151.35339999999997,null,null,null,null,null,null
cmut4yxxm00rbxsbkeabjr2ys,image-to-video,performance_concurrent_flow,10,2026-10-04T01:22:27.850Z,2026-10-04T01:22:28.065Z,2026-10-04T01:22:28.071Z,2026-10-04T01:22:28.081Z,2026-10-04T01:22:27.853Z,2026-10-04T01:22:27.859Z,2026-10-04T01:22:28.027Z,2026-10-04T01:22:28.044Z,2026-10-04T01:22:28.060Z,2026-10-04T01:22:28.061Z,2026-10-04T01:22:28.061Z,2026-10-04T01:22:28.127Z,2026-10-04T01:22:28.219Z,2026-10-04T01:22:28.262Z,2026-10-04T01:22:28.279Z,2026-10-04T01:22:28.459Z,2026-10-04T01:22:28.279Z,2026-10-04T01:22:28.335Z,2026-10-04T01:22:28.498Z,2026-10-04T01:22:28.568Z,2026-10-04T01:22:28.657Z,2026-10-04T01:22:28.762Z,2026-10-04T01:22:28.936Z,2026-10-04T01:22:28.936Z,2026-10-04T01:22:29.008Z,215,16,43,219,163,72,3,168,34,16,1217.7430999999997,217.4969000000001,12.626900000001115,11.202399999998306,120.79089999999997,204.36789999999928,17.476800000000367,74.47320000000036,162.60549999999967,25.091700000000856,242.5578999999998,115.62299999999959,null,null,null,null,null,null
cmut4yy0000rpxsbk13kulk3d,text-to-video,performance_concurrent_flow,10,2026-10-04T01:22:27.850Z,2026-10-04T01:22:28.165Z,2026-10-04T01:22:28.173Z,2026-10-04T01:22:28.185Z,2026-10-04T01:22:27.855Z,2026-10-04T01:22:27.861Z,2026-10-04T01:22:28.119Z,2026-10-04T01:22:28.131Z,2026-10-04T01:22:28.160Z,2026-10-04T01:22:28.160Z,2026-10-04T01:22:28.160Z,2026-10-04T01:22:28.239Z,2026-10-04T01:22:28.298Z,2026-10-04T01:22:28.345Z,2026-10-04T01:22:28.362Z,2026-10-04T01:22:28.551Z,2026-10-04T01:22:28.362Z,2026-10-04T01:22:28.419Z,2026-10-04T01:22:28.583Z,2026-10-04T01:22:28.660Z,2026-10-04T01:22:28.757Z,2026-10-04T01:22:28.864Z,2026-10-04T01:22:29.022Z,2026-10-04T01:22:29.022Z,2026-10-04T01:22:29.082Z,315,20,47,221,164,60,5,258,41,29,1306.8032999999996,316.9346000000005,13.643200000000434,10.979000000001179,93.16020000000026,217.45960000000014,15.290399999999863,75.5669999999991,163.8094999999994,22.042500000001382,238.73010000000068,120.93069999999898,null,null,null,null,null,null
cmut4yxys00rhxsbkx2qlesea,image-to-video,performance_concurrent_flow,10,2026-10-04T01:22:27.850Z,2026-10-04T01:22:28.119Z,2026-10-04T01:22:28.124Z,2026-10-04T01:22:28.129Z,2026-10-04T01:22:27.853Z,2026-10-04T01:22:27.860Z,2026-10-04T01:22:28.066Z,2026-10-04T01:22:28.086Z,2026-10-04T01:22:28.111Z,2026-10-04T01:22:28.114Z,2026-10-04T01:22:28.114Z,2026-10-04T01:22:28.193Z,2026-10-04T01:22:28.277Z,2026-10-04T01:22:28.326Z,2026-10-04T01:22:28.343Z,2026-10-04T01:22:28.550Z,2026-10-04T01:22:28.343Z,2026-10-04T01:22:28.398Z,2026-10-04T01:22:28.600Z,2026-10-04T01:22:28.691Z,2026-10-04T01:22:28.782Z,2026-10-04T01:22:28.888Z,2026-10-04T01:22:29.047Z,2026-10-04T01:22:29.047Z,2026-10-04T01:22:29.109Z,269,10,49,257,202,62,3,206,48,25,1319.881300000001,270.2358000000004,15.141900000000533,14.047300000000178,125.91330000000016,215.47439999999915,15.438399999999092,114.78620000000046,170.9421000000002,17.695799999999508,237.03830000000016,114.57840000000033,null,null,null,null,null,null
cmut4yy1e00rvxsbkw0zrx74c,text-to-video,performance_concurrent_flow,10,2026-10-04T01:22:27.850Z,2026-10-04T01:22:28.212Z,2026-10-04T01:22:28.222Z,2026-10-04T01:22:28.229Z,2026-10-04T01:22:27.854Z,2026-10-04T01:22:27.860Z,2026-10-04T01:22:28.164Z,2026-10-04T01:22:28.184Z,2026-10-04T01:22:28.208Z,2026-10-04T01:22:28.208Z,2026-10-04T01:22:28.209Z,2026-10-04T01:22:28.292Z,2026-10-04T01:22:28.354Z,2026-10-04T01:22:28.406Z,2026-10-04T01:22:28.424Z,2026-10-04T01:22:28.613Z,2026-10-04T01:22:28.424Z,2026-10-04T01:22:28.482Z,2026-10-04T01:22:28.652Z,2026-10-04T01:22:28.739Z,2026-10-04T01:22:28.838Z,2026-10-04T01:22:28.934Z,2026-10-04T01:22:29.074Z,2026-10-04T01:22:29.074Z,2026-10-04T01:22:29.145Z,362,17,52,228,170,71,4,304,44,24,1349.7525999999998,365.39609999999993,14.515199999999822,13.286400000000867,102.32900000000154,223.39359999999942,19.805499999998574,92.76720000000023,157.88400000000001,15.467599999999948,227.64220000000023,103.7494999999999,null,null,null,null,null,null
cmut4yy2y00s0xsbknpxeix20,image-to-video,performance_concurrent_flow,10,2026-10-04T01:22:27.850Z,2026-10-04T01:22:28.283Z,2026-10-04T01:22:28.291Z,2026-10-04T01:22:28.299Z,2026-10-04T01:22:27.854Z,2026-10-04T01:22:27.861Z,2026-10-04T01:22:28.213Z,2026-10-04T01:22:28.238Z,2026-10-04T01:22:28.274Z,2026-10-04T01:22:28.276Z,2026-10-04T01:22:28.276Z,2026-10-04T01:22:28.359Z,2026-10-04T01:22:28.463Z,2026-10-04T01:22:28.516Z,2026-10-04T01:22:28.533Z,2026-10-04T01:22:28.734Z,2026-10-04T01:22:28.533Z,2026-10-04T01:22:28.587Z,2026-10-04T01:22:28.771Z,2026-10-04T01:22:28.859Z,2026-10-04T01:22:28.959Z,2026-10-04T01:22:29.041Z,2026-10-04T01:22:29.177Z,2026-10-04T01:22:29.177Z,2026-10-04T01:22:29.244Z,433,16,53,238,184,67,4,352,63,36,1449.0136000000002,435.46420000000035,17.015599999998813,13.687599999999293,140.65170000000035,237.4283000000014,15.401899999998932,81.95440000000053,174.54000000000087,17.749700000000303,197.3855999999996,104.46310000000085,null,null,null,null,null,null
cmut4yzb700vdxsbkzy1at29v,text-to-video,performance_concurrent_flow,10,2026-10-04T01:22:29.810Z,2026-10-04T01:22:29.852Z,2026-10-04T01:22:29.862Z,2026-10-04T01:22:29.866Z,2026-10-04T01:22:29.812Z,2026-10-04T01:22:29.815Z,2026-10-04T01:22:29.818Z,2026-10-04T01:22:29.829Z,2026-10-04T01:22:29.848Z,2026-10-04T01:22:29.848Z,2026-10-04T01:22:29.849Z,2026-10-04T01:22:29.906Z,2026-10-04T01:22:29.947Z,2026-10-04T01:22:29.972Z,2026-10-04T01:22:29.986Z,2026-10-04T01:22:30.123Z,2026-10-04T01:22:29.986Z,2026-10-04T01:22:30.022Z,2026-10-04T01:22:30.149Z,2026-10-04T01:22:30.207Z,2026-10-04T01:22:30.284Z,2026-10-04T01:22:30.363Z,2026-10-04T01:22:30.553Z,2026-10-04T01:22:30.553Z,2026-10-04T01:22:30.655Z,42,14,25,163,127,102,2,3,30,19,947.509,48.267399999998815,7.838200000000143,9.63630000000012,67.10130000000026,156.8719999999994,9.13550000000032,51.878499999998894,128.59640000000036,18.92540000000008,258.0096999999987,182.85750000000007,null,null,null,null,null,null
cmut4yzca00vhxsbkuaxuzydt,image-to-video,performance_concurrent_flow,10,2026-10-04T01:22:29.810Z,2026-10-04T01:22:29.894Z,2026-10-04T01:22:29.899Z,2026-10-04T01:22:29.917Z,2026-10-04T01:22:29.813Z,2026-10-04T01:22:29.816Z,2026-10-04T01:22:29.852Z,2026-10-04T01:22:29.868Z,2026-10-04T01:22:29.888Z,2026-10-04T01:22:29.890Z,2026-10-04T01:22:29.890Z,2026-10-04T01:22:29.963Z,2026-10-04T01:22:30.020Z,2026-10-04T01:22:30.055Z,2026-10-04T01:22:30.070Z,2026-10-04T01:22:30.202Z,2026-10-04T01:22:30.070Z,2026-10-04T01:22:30.109Z,2026-10-04T01:22:30.239Z,2026-10-04T01:22:30.305Z,2026-10-04T01:22:30.382Z,2026-10-04T01:22:30.483Z,2026-10-04T01:22:30.699Z,2026-10-04T01:22:30.699Z,2026-10-04T01:22:30.810Z,84,23,35,169,130,111,3,36,38,20,1128.0326000000005,86.52249999999913,15.156399999999849,11.866500000000087,83.23580000000038,149.7520000000004,16.712100000000646,74.20620000000054,131.0557000000008,16.57589999999982,300.34449999999924,221.35740000000078,null,null,null,null,null,null
cmut4yzel00vrxsbkilbppehy,text-to-video,performance_concurrent_flow,10,2026-10-04T01:22:29.810Z,2026-10-04T01:22:29.975Z,2026-10-04T01:22:29.980Z,2026-10-04T01:22:29.984Z,2026-10-04T01:22:29.814Z,2026-10-04T01:22:29.817Z,2026-10-04T01:22:29.939Z,2026-10-04T01:22:29.951Z,2026-10-04T01:22:29.971Z,2026-10-04T01:22:29.971Z,2026-10-04T01:22:29.971Z,2026-10-04T01:22:30.020Z,2026-10-04T01:22:30.069Z,2026-10-04T01:22:30.102Z,2026-10-04T01:22:30.118Z,2026-10-04T01:22:30.277Z,2026-10-04T01:22:30.118Z,2026-10-04T01:22:30.160Z,2026-10-04T01:22:30.316Z,2026-10-04T01:22:30.373Z,2026-10-04T01:22:30.472Z,2026-10-04T01:22:30.591Z,2026-10-04T01:22:30.806Z,2026-10-04T01:22:30.806Z,2026-10-04T01:22:30.940Z,165,9,33,198,156,134,4,122,32,20,1230.9776999999995,167.23079999999936,7.47400000000016,8.89429999999993,71.70520000000033,179.58649999999943,17.263200000001234,67.39820000000145,154.54489999999896,20.627999999998792,341.0457999999999,187.53709999999955,null,null,null,null,null,null
cmut4yzdh00vmxsbk0c109k49,image-to-video,performance_concurrent_flow,10,2026-10-04T01:22:29.810Z,2026-10-04T01:22:29.939Z,2026-10-04T01:22:29.948Z,2026-10-04T01:22:29.953Z,2026-10-04T01:22:29.813Z,2026-10-04T01:22:29.816Z,2026-10-04T01:22:29.894Z,2026-10-04T01:22:29.911Z,2026-10-04T01:22:29.932Z,2026-10-04T01:22:29.934Z,2026-10-04T01:22:29.934Z,2026-10-04T01:22:29.988Z,2026-10-04T01:22:30.053Z,2026-10-04T01:22:30.088Z,2026-10-04T01:22:30.103Z,2026-10-04T01:22:30.254Z,2026-10-04T01:22:30.103Z,2026-10-04T01:22:30.139Z,2026-10-04T01:22:30.289Z,2026-10-04T01:22:30.354Z,2026-10-04T01:22:30.445Z,2026-10-04T01:22:30.564Z,2026-10-04T01:22:30.829Z,2026-10-04T01:22:30.829Z,2026-10-04T01:22:30.955Z,129,14,35,186,150,126,3,78,40,21,1244.1036000000004,134.1170000000002,8.108299999999872,10.464900000000853,85.99519999999939,172.20379999999932,13.309300000000803,73.77740000000085,153.76350000000093,23.747699999999895,380.65190000000075,178.7538999999997,null,null,null,null,null,null
cmut4yzfr00vwxsbknbcnypl8,image-to-video,performance_concurrent_flow,10,2026-10-04T01:22:29.810Z,2026-10-04T01:22:30.036Z,2026-10-04T01:22:30.045Z,2026-10-04T01:22:30.053Z,2026-10-04T01:22:29.813Z,2026-10-04T01:22:29.817Z,2026-10-04T01:22:29.975Z,2026-10-04T01:22:29.994Z,2026-10-04T01:22:30.021Z,2026-10-04T01:22:30.023Z,2026-10-04T01:22:30.023Z,2026-10-04T01:22:30.101Z,2026-10-04T01:22:30.175Z,2026-10-04T01:22:30.227Z,2026-10-04T01:22:30.243Z,2026-10-04T01:22:30.420Z,2026-10-04T01:22:30.243Z,2026-10-04T01:22:30.297Z,2026-10-04T01:22:30.467Z,2026-10-04T01:22:30.557Z,2026-10-04T01:22:30.692Z,2026-10-04T01:22:30.807Z,2026-10-04T01:22:31.058Z,2026-10-04T01:22:31.058Z,2026-10-04T01:22:31.187Z,226,17,52,224,170,129,3,158,48,27,1498.8801000000003,231.0649999999987,11.943199999999706,9.768099999999322,104.5586000000003,214.40140000000065,17.25249999999869,89.44440000000031,211.1270999999997,22.75550000000112,351.7392,221.98589999999967,null,null,null,null,null,null
cmut4yzhg00w3xsbky0jyra4v,text-to-video,performance_concurrent_flow,10,2026-10-04T01:22:29.810Z,2026-10-04T01:22:30.089Z,2026-10-04T01:22:30.097Z,2026-10-04T01:22:30.103Z,2026-10-04T01:22:29.814Z,2026-10-04T01:22:29.817Z,2026-10-04T01:22:30.036Z,2026-10-04T01:22:30.054Z,2026-10-04T01:22:30.083Z,2026-10-04T01:22:30.083Z,2026-10-04T01:22:30.083Z,2026-10-04T01:22:30.151Z,2026-10-04T01:22:30.210Z,2026-10-04T01:22:30.260Z,2026-10-04T01:22:30.277Z,2026-10-04T01:22:30.469Z,2026-10-04T01:22:30.277Z,2026-10-04T01:22:30.333Z,2026-10-04T01:22:30.518Z,2026-10-04T01:22:30.620Z,2026-10-04T01:22:30.738Z,2026-10-04T01:22:30.908Z,2026-10-04T01:22:31.118Z,2026-10-04T01:22:31.118Z,2026-10-04T01:22:31.227Z,279,14,50,241,185,109,4,219,47,29,1513.5919999999987,283.23519999999917,10.747300000000905,10.140800000001036,92.70869999999923,214.4844000000012,18.506499999999505,96.41829999999936,203.70360000000073,32.78399999999965,352.6215000000011,187.64019999999982,null,null,null,null,null,null
cmut4yzkd00wixsbkxvj6pcif,text-to-video,performance_concurrent_flow,10,2026-10-04T01:22:29.810Z,2026-10-04T01:22:30.187Z,2026-10-04T01:22:30.196Z,2026-10-04T01:22:30.206Z,2026-10-04T01:22:29.815Z,2026-10-04T01:22:29.818Z,2026-10-04T01:22:30.138Z,2026-10-04T01:22:30.159Z,2026-10-04T01:22:30.180Z,2026-10-04T01:22:30.180Z,2026-10-04T01:22:30.180Z,2026-10-04T01:22:30.280Z,2026-10-04T01:22:30.343Z,2026-10-04T01:22:30.393Z,2026-10-04T01:22:30.411Z,2026-10-04T01:22:30.669Z,2026-10-04T01:22:30.411Z,2026-10-04T01:22:30.487Z,2026-10-04T01:22:30.730Z,2026-10-04T01:22:30.866Z,2026-10-04T01:22:30.986Z,2026-10-04T01:22:31.115Z,2026-10-04T01:22:31.360Z,2026-10-04T01:22:31.360Z,2026-10-04T01:22:31.416Z,377,19,50,319,243,56,5,320,42,21,1673.672199999999,380.9243000000006,20.062199999998484,18.109699999999066,103.43429999999898,281.1973999999991,23.513499999999112,118.28460000000086,232.48290000000088,21.136200000000827,354.89559999999983,104.32990000000063,null,null,null,null,null,null
cmut4yziy00wbxsbk86t4xq4c,image-to-video,performance_concurrent_flow,10,2026-10-04T01:22:29.810Z,2026-10-04T01:22:30.138Z,2026-10-04T01:22:30.146Z,2026-10-04T01:22:30.153Z,2026-10-04T01:22:29.814Z,2026-10-04T01:22:29.817Z,2026-10-04T01:22:30.089Z,2026-10-04T01:22:30.108Z,2026-10-04T01:22:30.130Z,2026-10-04T01:22:30.133Z,2026-10-04T01:22:30.133Z,2026-10-04T01:22:30.216Z,2026-10-04T01:22:30.310Z,2026-10-04T01:22:30.360Z,2026-10-04T01:22:30.378Z,2026-10-04T01:22:30.626Z,2026-10-04T01:22:30.378Z,2026-10-04T01:22:30.442Z,2026-10-04T01:22:30.694Z,2026-10-04T01:22:30.804Z,2026-10-04T01:22:30.965Z,2026-10-04T01:22:31.091Z,2026-10-04T01:22:31.350Z,2026-10-04T01:22:31.350Z,2026-10-04T01:22:31.410Z,328,15,50,316,252,60,4,272,44,22,1669.2775000000001,332.02480000000105,14.098899999999048,11.744799999998577,141.4418000000005,260.21839999999975,29.76839999999902,125.34559999999874,245.71429999999964,21.83259999999973,361.6062000000002,114.20240000000013,null,null,null,null,null,null
cmut4yzls00wmxsbktgdp5x2v,text-to-video,performance_concurrent_flow,10,2026-10-04T01:22:29.810Z,2026-10-04T01:22:30.262Z,2026-10-04T01:22:30.269Z,2026-10-04T01:22:30.276Z,2026-10-04T01:22:29.814Z,2026-10-04T01:22:29.818Z,2026-10-04T01:22:30.187Z,2026-10-04T01:22:30.211Z,2026-10-04T01:22:30.253Z,2026-10-04T01:22:30.253Z,2026-10-04T01:22:30.253Z,2026-10-04T01:22:30.344Z,2026-10-04T01:22:30.411Z,2026-10-04T01:22:30.478Z,2026-10-04T01:22:30.500Z,2026-10-04T01:22:30.767Z,2026-10-04T01:22:30.500Z,2026-10-04T01:22:30.578Z,2026-10-04T01:22:30.855Z,2026-10-04T01:22:30.974Z,2026-10-04T01:22:31.092Z,2026-10-04T01:22:31.262Z,2026-10-04T01:22:31.445Z,2026-10-04T01:22:31.445Z,2026-10-04T01:22:31.491Z,452,14,67,355,277,46,4,369,66,42,1722.3416000000016,455.27210000000014,17.767299999999523,13.455700000000434,109.5047999999988,312.29659999999967,18.783900000000358,159.29410000000098,205.97220000000016,25.92569999999978,316.8962999999985,76.02729999999974,null,null,null,null,null,null
cmut4yznv00wuxsbkbbp6tts8,image-to-video,performance_concurrent_flow,10,2026-10-04T01:22:29.810Z,2026-10-04T01:22:30.337Z,2026-10-04T01:22:30.346Z,2026-10-04T01:22:30.355Z,2026-10-04T01:22:29.815Z,2026-10-04T01:22:29.818Z,2026-10-04T01:22:30.261Z,2026-10-04T01:22:30.287Z,2026-10-04T01:22:30.329Z,2026-10-04T01:22:30.331Z,2026-10-04T01:22:30.332Z,2026-10-04T01:22:30.427Z,2026-10-04T01:22:30.566Z,2026-10-04T01:22:30.649Z,2026-10-04T01:22:30.673Z,2026-10-04T01:22:30.984Z,2026-10-04T01:22:30.673Z,2026-10-04T01:22:30.748Z,2026-10-04T01:22:31.036Z,2026-10-04T01:22:31.156Z,2026-10-04T01:22:31.288Z,2026-10-04T01:22:31.392Z,2026-10-04T01:22:31.505Z,2026-10-04T01:22:31.505Z,2026-10-04T01:22:31.541Z,527,18,83,363,288,36,5,443,70,42,1763.696399999999,531.0727000000006,14.369899999999689,19.3786999999993,190.0542000000005,360.91140000000087,31.392499999999927,113.8041000000012,237.13470000000052,24.595900000000256,166.172700000001,61.02310000000034,null,null,null,null,null,null
cmut4z0yy0104xsbkdl44bwp2,text-to-video,performance_concurrent_flow,10,2026-10-04T01:22:31.963Z,2026-10-04T01:22:32.009Z,2026-10-04T01:22:32.013Z,2026-10-04T01:22:32.016Z,2026-10-04T01:22:31.965Z,2026-10-04T01:22:31.968Z,2026-10-04T01:22:31.970Z,2026-10-04T01:22:31.980Z,2026-10-04T01:22:32.004Z,2026-10-04T01:22:32.004Z,2026-10-04T01:22:32.005Z,2026-10-04T01:22:32.051Z,2026-10-04T01:22:32.082Z,2026-10-04T01:22:32.117Z,2026-10-04T01:22:32.131Z,2026-10-04T01:22:32.249Z,2026-10-04T01:22:32.131Z,2026-10-04T01:22:32.167Z,2026-10-04T01:22:32.276Z,2026-10-04T01:22:32.347Z,2026-10-04T01:22:32.428Z,2026-10-04T01:22:32.509Z,2026-10-04T01:22:32.649Z,2026-10-04T01:22:32.649Z,2026-10-04T01:22:32.727Z,46,7,35,145,109,78,2,2,34,24,830.5217000000011,47.78020000000106,6.98910000000069,6.924600000000282,55.78759999999966,143.46039999999994,11.921000000000276,60.747300000000905,136.95659999999953,18.629899999999907,206.48000000000138,128.7479999999996,null,null,null,null,null,null
cmut4z1030108xsbkjd1m0gvc,image-to-video,performance_concurrent_flow,10,2026-10-04T01:22:31.963Z,2026-10-04T01:22:32.044Z,2026-10-04T01:22:32.048Z,2026-10-04T01:22:32.054Z,2026-10-04T01:22:31.966Z,2026-10-04T01:22:31.968Z,2026-10-04T01:22:32.008Z,2026-10-04T01:22:32.021Z,2026-10-04T01:22:32.035Z,2026-10-04T01:22:32.037Z,2026-10-04T01:22:32.037Z,2026-10-04T01:22:32.086Z,2026-10-04T01:22:32.152Z,2026-10-04T01:22:32.182Z,2026-10-04T01:22:32.196Z,2026-10-04T01:22:32.351Z,2026-10-04T01:22:32.196Z,2026-10-04T01:22:32.236Z,2026-10-04T01:22:32.388Z,2026-10-04T01:22:32.451Z,2026-10-04T01:22:32.526Z,2026-10-04T01:22:32.612Z,2026-10-04T01:22:32.760Z,2026-10-04T01:22:32.760Z,2026-10-04T01:22:32.832Z,81,10,30,192,152,72,3,40,29,14,953.5292000000009,83.4479999999985,7.983699999998862,7.167699999999968,86.6296999999995,170.84250000000065,16.92540000000008,66.49749999999949,126.86609999999928,23.92150000000038,213.36469999999827,141.7531999999992,null,null,null,null,null,null
cmut4z115010dxsbk8a5to7ku,image-to-video,performance_concurrent_flow,10,2026-10-04T01:22:31.963Z,2026-10-04T01:22:32.079Z,2026-10-04T01:22:32.084Z,2026-10-04T01:22:32.089Z,2026-10-04T01:22:31.965Z,2026-10-04T01:22:31.968Z,2026-10-04T01:22:32.044Z,2026-10-04T01:22:32.059Z,2026-10-04T01:22:32.074Z,2026-10-04T01:22:32.075Z,2026-10-04T01:22:32.076Z,2026-10-04T01:22:32.138Z,2026-10-04T01:22:32.196Z,2026-10-04T01:22:32.233Z,2026-10-04T01:22:32.252Z,2026-10-04T01:22:32.424Z,2026-10-04T01:22:32.252Z,2026-10-04T01:22:32.297Z,2026-10-04T01:22:32.459Z,2026-10-04T01:22:32.522Z,2026-10-04T01:22:32.604Z,2026-10-04T01:22:32.691Z,2026-10-04T01:22:32.847Z,2026-10-04T01:22:32.847Z,2026-10-04T01:22:32.922Z,116,10,37,207,162,75,2,76,31,15,1020.8561000000009,118.97890000000007,19.303400000000693,9.010800000000017,83.66790000000037,197.0090999999993,16.45169999999962,69.56080000000111,133.05599999999868,17.720900000000256,226.99689999999828,121.37320000000182,null,null,null,null,null,null
cmut4z122010ixsbkeajo5ue1,text-to-video,performance_concurrent_flow,10,2026-10-04T01:22:31.963Z,2026-10-04T01:22:32.121Z,2026-10-04T01:22:32.126Z,2026-10-04T01:22:32.131Z,2026-10-04T01:22:31.966Z,2026-10-04T01:22:31.968Z,2026-10-04T01:22:32.080Z,2026-10-04T01:22:32.092Z,2026-10-04T01:22:32.118Z,2026-10-04T01:22:32.118Z,2026-10-04T01:22:32.118Z,2026-10-04T01:22:32.171Z,2026-10-04T01:22:32.211Z,2026-10-04T01:22:32.248Z,2026-10-04T01:22:32.265Z,2026-10-04T01:22:32.444Z,2026-10-04T01:22:32.265Z,2026-10-04T01:22:32.324Z,2026-10-04T01:22:32.481Z,2026-10-04T01:22:32.543Z,2026-10-04T01:22:32.622Z,2026-10-04T01:22:32.713Z,2026-10-04T01:22:32.865Z,2026-10-04T01:22:32.865Z,2026-10-04T01:22:32.938Z,158,10,37,216,157,73,3,112,38,26,1033.141099999999,161.0602999999992,12.316899999999805,8.94510000000082,64.0028000000002,202.5783999999985,16.986300000000483,70.78179999999884,129.1889999999985,17.82760000000053,229.9549999999981,112.34989999999743,null,null,null,null,null,null
cmut4z138010nxsbkmd1gvax8,text-to-video,performance_concurrent_flow,10,2026-10-04T01:22:31.963Z,2026-10-04T01:22:32.160Z,2026-10-04T01:22:32.166Z,2026-10-04T01:22:32.172Z,2026-10-04T01:22:31.966Z,2026-10-04T01:22:31.969Z,2026-10-04T01:22:32.122Z,2026-10-04T01:22:32.134Z,2026-10-04T01:22:32.156Z,2026-10-04T01:22:32.156Z,2026-10-04T01:22:32.157Z,2026-10-04T01:22:32.214Z,2026-10-04T01:22:32.263Z,2026-10-04T01:22:32.315Z,2026-10-04T01:22:32.333Z,2026-10-04T01:22:32.503Z,2026-10-04T01:22:32.333Z,2026-10-04T01:22:32.382Z,2026-10-04T01:22:32.536Z,2026-10-04T01:22:32.606Z,2026-10-04T01:22:32.685Z,2026-10-04T01:22:32.777Z,2026-10-04T01:22:32.931Z,2026-10-04T01:22:32.931Z,2026-10-04T01:22:32.990Z,197,12,52,203,154,59,3,153,34,22,1098.9843999999994,200.02070000000094,13.105999999999767,8.381499999999505,75.20980000000054,207.09439999999995,18.390699999999924,75.33419999999933,136.59570000000167,17.096000000001368,221.84259999999995,116.875,null,null,null,null,null,null
cmut4z14g010txsbkh55vptpc,image-to-video,performance_concurrent_flow,10,2026-10-04T01:22:31.963Z,2026-10-04T01:22:32.215Z,2026-10-04T01:22:32.220Z,2026-10-04T01:22:32.230Z,2026-10-04T01:22:31.965Z,2026-10-04T01:22:31.969Z,2026-10-04T01:22:32.160Z,2026-10-04T01:22:32.182Z,2026-10-04T01:22:32.208Z,2026-10-04T01:22:32.210Z,2026-10-04T01:22:32.210Z,2026-10-04T01:22:32.288Z,2026-10-04T01:22:32.392Z,2026-10-04T01:22:32.441Z,2026-10-04T01:22:32.460Z,2026-10-04T01:22:32.642Z,2026-10-04T01:22:32.460Z,2026-10-04T01:22:32.514Z,2026-10-04T01:22:32.686Z,2026-10-04T01:22:32.767Z,2026-10-04T01:22:32.855Z,2026-10-04T01:22:32.950Z,2026-10-04T01:22:33.083Z,2026-10-04T01:22:33.083Z,2026-10-04T01:22:33.129Z,252,15,49,226,172,46,2,191,50,26,1204.1755999999987,254.42749999999978,11.68789999999899,15.413699999999153,140.08600000000115,218.83939999999893,16.85440000000017,87.71739999999772,152.38750000000073,20.729300000002695,199.7049999999981,72.99979999999778,null,null,null,null,null,null
cmut4z1630110xsbk0vgx9nso,image-to-video,performance_concurrent_flow,10,2026-10-04T01:22:31.963Z,2026-10-04T01:22:32.267Z,2026-10-04T01:22:32.274Z,2026-10-04T01:22:32.282Z,2026-10-04T01:22:31.966Z,2026-10-04T01:22:31.970Z,2026-10-04T01:22:32.215Z,2026-10-04T01:22:32.237Z,2026-10-04T01:22:32.261Z,2026-10-04T01:22:32.263Z,2026-10-04T01:22:32.263Z,2026-10-04T01:22:32.357Z,2026-10-04T01:22:32.447Z,2026-10-04T01:22:32.496Z,2026-10-04T01:22:32.513Z,2026-10-04T01:22:32.688Z,2026-10-04T01:22:32.513Z,2026-10-04T01:22:32.571Z,2026-10-04T01:22:32.731Z,2026-10-04T01:22:32.800Z,2026-10-04T01:22:32.899Z,2026-10-04T01:22:32.983Z,2026-10-04T01:22:33.111Z,2026-10-04T01:22:33.111Z,2026-10-04T01:22:33.150Z,304,15,49,218,160,39,3,245,48,24,1230.1954000000005,307.01350000000093,16.1179000000011,21.987499999999272,134.36819999999898,207.43780000000152,16.314399999999296,77.2983000000022,163.30609999999797,17.20260000000053,184.09840000000258,72.34249999999884,null,null,null,null,null,null
cmut4z17n0116xsbkz3t6z1vi,image-to-video,performance_concurrent_flow,10,2026-10-04T01:22:31.963Z,2026-10-04T01:22:32.339Z,2026-10-04T01:22:32.345Z,2026-10-04T01:22:32.358Z,2026-10-04T01:22:31.967Z,2026-10-04T01:22:31.970Z,2026-10-04T01:22:32.267Z,2026-10-04T01:22:32.295Z,2026-10-04T01:22:32.330Z,2026-10-04T01:22:32.334Z,2026-10-04T01:22:32.334Z,2026-10-04T01:22:32.420Z,2026-10-04T01:22:32.519Z,2026-10-04T01:22:32.572Z,2026-10-04T01:22:32.587Z,2026-10-04T01:22:32.762Z,2026-10-04T01:22:32.587Z,2026-10-04T01:22:32.636Z,2026-10-04T01:22:32.799Z,2026-10-04T01:22:32.881Z,2026-10-04T01:22:32.967Z,2026-10-04T01:22:33.044Z,2026-10-04T01:22:33.151Z,2026-10-04T01:22:33.151Z,2026-10-04T01:22:33.190Z,376,19,53,212,163,39,4,297,67,35,1268.9603000000006,379.2044999999998,13.304400000000896,15.063099999999395,138.64789999999994,211.804900000001,16.195700000000215,75.58430000000226,148.51630000000296,11.709200000001147,170.1273000000001,71.88489999999729,null,null,null,null,null,null
cmut4z19k011exsbkv103l2i6,text-to-video,performance_concurrent_flow,10,2026-10-04T01:22:31.963Z,2026-10-04T01:22:32.394Z,2026-10-04T01:22:32.402Z,2026-10-04T01:22:32.410Z,2026-10-04T01:22:31.967Z,2026-10-04T01:22:31.970Z,2026-10-04T01:22:32.339Z,2026-10-04T01:22:32.363Z,2026-10-04T01:22:32.387Z,2026-10-04T01:22:32.388Z,2026-10-04T01:22:32.388Z,2026-10-04T01:22:32.485Z,2026-10-04T01:22:32.552Z,2026-10-04T01:22:32.602Z,2026-10-04T01:22:32.619Z,2026-10-04T01:22:32.813Z,2026-10-04T01:22:32.619Z,2026-10-04T01:22:32.677Z,2026-10-04T01:22:32.849Z,2026-10-04T01:22:32.929Z,2026-10-04T01:22:33.000Z,2026-10-04T01:22:33.078Z,2026-10-04T01:22:33.174Z,2026-10-04T01:22:33.174Z,2026-10-04T01:22:33.214Z,431,16,50,230,172,40,4,369,49,24,1287.0575000000008,434.0146999999997,16.768200000000434,21.841300000000047,110.96260000000075,223.810300000001,14.112700000001496,81.79370000000199,132.42189999999755,20.483600000003207,148.63190000000031,68.29590000000098,null,null,null,null,null,null
cmut4z1az011lxsbklyfceusm,text-to-video,performance_concurrent_flow,10,2026-10-04T01:22:31.963Z,2026-10-04T01:22:32.453Z,2026-10-04T01:22:32.461Z,2026-10-04T01:22:32.469Z,2026-10-04T01:22:31.967Z,2026-10-04T01:22:31.970Z,2026-10-04T01:22:32.394Z,2026-10-04T01:22:32.414Z,2026-10-04T01:22:32.446Z,2026-10-04T01:22:32.446Z,2026-10-04T01:22:32.446Z,2026-10-04T01:22:32.535Z,2026-10-04T01:22:32.609Z,2026-10-04T01:22:32.664Z,2026-10-04T01:22:32.680Z,2026-10-04T01:22:32.877Z,2026-10-04T01:22:32.680Z,2026-10-04T01:22:32.742Z,2026-10-04T01:22:32.926Z,2026-10-04T01:22:32.988Z,2026-10-04T01:22:33.067Z,2026-10-04T01:22:33.128Z,2026-10-04T01:22:33.212Z,2026-10-04T01:22:33.212Z,2026-10-04T01:22:33.251Z,490,16,55,246,184,39,4,424,52,32,1323.568400000002,493.08590000000004,16.554799999999886,21.57799999999952,110.38299999999981,226.08459999999832,21.618899999997666,84.56079999999929,127.18930000000182,15.621099999996659,127.14969999999812,66.40669999999955,null,null,null,null,null,null
cmut4z2ag014uxsbkjeiii7u4,image-to-video,performance_concurrent_flow,10,2026-10-04T01:22:33.668Z,2026-10-04T01:22:33.709Z,2026-10-04T01:22:33.713Z,2026-10-04T01:22:33.719Z,2026-10-04T01:22:33.670Z,2026-10-04T01:22:33.675Z,2026-10-04T01:22:33.678Z,2026-10-04T01:22:33.689Z,2026-10-04T01:22:33.703Z,2026-10-04T01:22:33.705Z,2026-10-04T01:22:33.705Z,2026-10-04T01:22:33.749Z,2026-10-04T01:22:33.792Z,2026-10-04T01:22:33.821Z,2026-10-04T01:22:33.834Z,2026-10-04T01:22:33.951Z,2026-10-04T01:22:33.834Z,2026-10-04T01:22:33.865Z,2026-10-04T01:22:33.981Z,2026-10-04T01:22:34.047Z,2026-10-04T01:22:34.127Z,2026-10-04T01:22:34.209Z,2026-10-04T01:22:34.379Z,2026-10-04T01:22:34.379Z,2026-10-04T01:22:34.443Z,41,10,29,147,116,64,2,3,27,14,837.1129999999976,42.40350000000035,7.554000000000087,7.365600000000995,62.35009999999966,134.88940000000002,13.578300000001036,55.3198999999986,147.9966999999997,15.0808999999972,229.06850000000122,113.11809999999969,null,null,null,null,null,null
cmut4z2bc014zxsbkf7fyybme,text-to-video,performance_concurrent_flow,10,2026-10-04T01:22:33.668Z,2026-10-04T01:22:33.738Z,2026-10-04T01:22:33.742Z,2026-10-04T01:22:33.746Z,2026-10-04T01:22:33.671Z,2026-10-04T01:22:33.675Z,2026-10-04T01:22:33.709Z,2026-10-04T01:22:33.721Z,2026-10-04T01:22:33.735Z,2026-10-04T01:22:33.735Z,2026-10-04T01:22:33.735Z,2026-10-04T01:22:33.774Z,2026-10-04T01:22:33.805Z,2026-10-04T01:22:33.831Z,2026-10-04T01:22:33.846Z,2026-10-04T01:22:33.978Z,2026-10-04T01:22:33.846Z,2026-10-04T01:22:33.880Z,2026-10-04T01:22:34.005Z,2026-10-04T01:22:34.077Z,2026-10-04T01:22:34.161Z,2026-10-04T01:22:34.234Z,2026-10-04T01:22:34.408Z,2026-10-04T01:22:34.408Z,2026-10-04T01:22:34.472Z,70,8,26,159,125,64,3,34,26,14,865.9160999999986,71.59360000000015,7.881500000003143,6.418700000001991,48.90690000000177,146.2998000000007,12.906399999999849,66.66560000000027,137.38550000000032,12.950300000000425,236.1081000000013,112.0643999999993,null,null,null,null,null,null
cmut4z2c40153xsbkrlrg04rw,text-to-video,performance_concurrent_flow,10,2026-10-04T01:22:33.668Z,2026-10-04T01:22:33.767Z,2026-10-04T01:22:33.772Z,2026-10-04T01:22:33.777Z,2026-10-04T01:22:33.671Z,2026-10-04T01:22:33.676Z,2026-10-04T01:22:33.738Z,2026-10-04T01:22:33.750Z,2026-10-04T01:22:33.764Z,2026-10-04T01:22:33.764Z,2026-10-04T01:22:33.764Z,2026-10-04T01:22:33.812Z,2026-10-04T01:22:33.846Z,2026-10-04T01:22:33.876Z,2026-10-04T01:22:33.890Z,2026-10-04T01:22:34.043Z,2026-10-04T01:22:33.890Z,2026-10-04T01:22:33.936Z,2026-10-04T01:22:34.078Z,2026-10-04T01:22:34.160Z,2026-10-04T01:22:34.228Z,2026-10-04T01:22:34.336Z,2026-10-04T01:22:34.494Z,2026-10-04T01:22:34.494Z,2026-10-04T01:22:34.561Z,99,10,30,188,142,67,3,62,26,14,977.785899999999,100.91890000000058,8.07890000000043,9.521399999997811,56.328300000001036,168.12880000000223,17.665499999999156,77.09959999999774,132.05909999999858,26.334600000001956,235.9473999999973,137.9964,null,null,null,null,null,null
cmut4z2cv0157xsbkw2lbr7um,text-to-video,performance_concurrent_flow,10,2026-10-04T01:22:33.668Z,2026-10-04T01:22:33.796Z,2026-10-04T01:22:33.803Z,2026-10-04T01:22:33.808Z,2026-10-04T01:22:33.672Z,2026-10-04T01:22:33.676Z,2026-10-04T01:22:33.767Z,2026-10-04T01:22:33.777Z,2026-10-04T01:22:33.792Z,2026-10-04T01:22:33.792Z,2026-10-04T01:22:33.792Z,2026-10-04T01:22:33.845Z,2026-10-04T01:22:33.884Z,2026-10-04T01:22:33.925Z,2026-10-04T01:22:33.942Z,2026-10-04T01:22:34.096Z,2026-10-04T01:22:33.942Z,2026-10-04T01:22:33.985Z,2026-10-04T01:22:34.139Z,2026-10-04T01:22:34.209Z,2026-10-04T01:22:34.315Z,2026-10-04T01:22:34.405Z,2026-10-04T01:22:34.546Z,2026-10-04T01:22:34.546Z,2026-10-04T01:22:34.623Z,128,12,41,197,154,77,4,91,25,15,1017.1237000000001,130.77569999999832,9.804800000001705,10.334599999998318,60.01800000000003,181.27909999999974,20.323199999998906,81.5063999999984,156.0604999999996,21.987600000000384,208.62610000000132,127.05299999999988,null,null,null,null,null,null
cmut4z2du015bxsbk4nhevmgm,image-to-video,performance_concurrent_flow,10,2026-10-04T01:22:33.668Z,2026-10-04T01:22:33.834Z,2026-10-04T01:22:33.839Z,2026-10-04T01:22:33.846Z,2026-10-04T01:22:33.672Z,2026-10-04T01:22:33.676Z,2026-10-04T01:22:33.797Z,2026-10-04T01:22:33.813Z,2026-10-04T01:22:33.829Z,2026-10-04T01:22:33.831Z,2026-10-04T01:22:33.831Z,2026-10-04T01:22:33.885Z,2026-10-04T01:22:33.961Z,2026-10-04T01:22:34.001Z,2026-10-04T01:22:34.017Z,2026-10-04T01:22:34.197Z,2026-10-04T01:22:34.017Z,2026-10-04T01:22:34.069Z,2026-10-04T01:22:34.230Z,2026-10-04T01:22:34.320Z,2026-10-04T01:22:34.413Z,2026-10-04T01:22:34.495Z,2026-10-04T01:22:34.647Z,2026-10-04T01:22:34.647Z,2026-10-04T01:22:34.699Z,166,12,40,213,161,52,4,121,34,16,1089.9215000000004,168.32800000000134,9.67410000000018,10.986199999999371,98.84900000000198,209.00600000000122,14.204799999999523,75.91900000000169,162.96150000000125,18.92949999999837,214.64890000000014,96.98070000000007,null,null,null,null,null,null
cmut4z2ew015ixsbktwwp7aig,image-to-video,performance_concurrent_flow,10,2026-10-04T01:22:33.668Z,2026-10-04T01:22:33.876Z,2026-10-04T01:22:33.881Z,2026-10-04T01:22:33.886Z,2026-10-04T01:22:33.672Z,2026-10-04T01:22:33.677Z,2026-10-04T01:22:33.834Z,2026-10-04T01:22:33.850Z,2026-10-04T01:22:33.870Z,2026-10-04T01:22:33.872Z,2026-10-04T01:22:33.872Z,2026-10-04T01:22:33.940Z,2026-10-04T01:22:34.030Z,2026-10-04T01:22:34.085Z,2026-10-04T01:22:34.103Z,2026-10-04T01:22:34.289Z,2026-10-04T01:22:34.103Z,2026-10-04T01:22:34.162Z,2026-10-04T01:22:34.338Z,2026-10-04T01:22:34.415Z,2026-10-04T01:22:34.501Z,2026-10-04T01:22:34.590Z,2026-10-04T01:22:34.724Z,2026-10-04T01:22:34.724Z,2026-10-04T01:22:34.797Z,208,10,55,235,176,73,4,157,38,20,1176.6222000000016,210.48519999999917,11.669700000002194,16.4858000000022,123.2960000000021,222.38540000000285,18.591599999999744,92.7541999999994,143.9915000000001,15.889799999997194,212.3734000000004,101.40000000000146,null,null,null,null,null,null
cmut4z2fy015qxsbkbr4uhw88,text-to-video,performance_concurrent_flow,10,2026-10-04T01:22:33.668Z,2026-10-04T01:22:33.921Z,2026-10-04T01:22:33.932Z,2026-10-04T01:22:33.942Z,2026-10-04T01:22:33.673Z,2026-10-04T01:22:33.677Z,2026-10-04T01:22:33.876Z,2026-10-04T01:22:33.888Z,2026-10-04T01:22:33.917Z,2026-10-04T01:22:33.917Z,2026-10-04T01:22:33.918Z,2026-10-04T01:22:33.993Z,2026-10-04T01:22:34.059Z,2026-10-04T01:22:34.117Z,2026-10-04T01:22:34.133Z,2026-10-04T01:22:34.319Z,2026-10-04T01:22:34.133Z,2026-10-04T01:22:34.184Z,2026-10-04T01:22:34.360Z,2026-10-04T01:22:34.436Z,2026-10-04T01:22:34.517Z,2026-10-04T01:22:34.615Z,2026-10-04T01:22:34.747Z,2026-10-04T01:22:34.747Z,2026-10-04T01:22:34.807Z,253,21,58,227,176,60,5,199,41,29,1183.0488000000005,256.1461999999992,12.20089999999982,11.207099999999627,100.29869999999937,219.80459999999948,23.62249999999767,79.9500999999982,140.46390000000247,18.528300000001764,208.91719999999987,93.75950000000012,null,null,null,null,null,null
cmut4z2is0162xsbka8z643pp,text-to-video,performance_concurrent_flow,10,2026-10-04T01:22:33.668Z,2026-10-04T01:22:34.021Z,2026-10-04T01:22:34.031Z,2026-10-04T01:22:34.039Z,2026-10-04T01:22:33.674Z,2026-10-04T01:22:33.677Z,2026-10-04T01:22:33.975Z,2026-10-04T01:22:33.990Z,2026-10-04T01:22:34.017Z,2026-10-04T01:22:34.017Z,2026-10-04T01:22:34.017Z,2026-10-04T01:22:34.108Z,2026-10-04T01:22:34.177Z,2026-10-04T01:22:34.220Z,2026-10-04T01:22:34.237Z,2026-10-04T01:22:34.440Z,2026-10-04T01:22:34.237Z,2026-10-04T01:22:34.303Z,2026-10-04T01:22:34.475Z,2026-10-04T01:22:34.541Z,2026-10-04T01:22:34.637Z,2026-10-04T01:22:34.719Z,2026-10-04T01:22:34.843Z,2026-10-04T01:22:34.843Z,2026-10-04T01:22:34.920Z,353,18,43,238,172,77,6,298,42,27,1314.862100000002,356.8712999999989,16.32719999999972,13.507300000001123,113.12909999999829,228.89110000000073,18.86960000000181,65.91719999999987,153.53570000000036,23.389100000000326,179.5580000000009,130.49619999999777,null,null,null,null,null,null
cmut4z2hh015wxsbkxpdoxjb7,image-to-video,performance_concurrent_flow,10,2026-10-04T01:22:33.668Z,2026-10-04T01:22:33.976Z,2026-10-04T01:22:33.983Z,2026-10-04T01:22:33.989Z,2026-10-04T01:22:33.673Z,2026-10-04T01:22:33.677Z,2026-10-04T01:22:33.922Z,2026-10-04T01:22:33.943Z,2026-10-04T01:22:33.965Z,2026-10-04T01:22:33.968Z,2026-10-04T01:22:33.968Z,2026-10-04T01:22:34.053Z,2026-10-04T01:22:34.165Z,2026-10-04T01:22:34.213Z,2026-10-04T01:22:34.229Z,2026-10-04T01:22:34.438Z,2026-10-04T01:22:34.229Z,2026-10-04T01:22:34.301Z,2026-10-04T01:22:34.472Z,2026-10-04T01:22:34.537Z,2026-10-04T01:22:34.634Z,2026-10-04T01:22:34.704Z,2026-10-04T01:22:34.844Z,2026-10-04T01:22:34.844Z,2026-10-04T01:22:34.920Z,308,13,48,243,171,76,5,245,46,22,1320.4621999999981,311.2016000000003,14.736300000000483,16.448599999999715,152.09440000000177,238.0070999999989,19.039700000001176,63.14229999999952,154.01250000000073,19.923399999999674,189.76109999999971,132.46270000000004,null,null,null,null,null,null
cmut4z2kc0167xsbkuk9e9msi,image-to-video,performance_concurrent_flow,10,2026-10-04T01:22:33.668Z,2026-10-04T01:22:34.093Z,2026-10-04T01:22:34.105Z,2026-10-04T01:22:34.116Z,2026-10-04T01:22:33.674Z,2026-10-04T01:22:33.678Z,2026-10-04T01:22:34.022Z,2026-10-04T01:22:34.047Z,2026-10-04T01:22:34.083Z,2026-10-04T01:22:34.087Z,2026-10-04T01:22:34.087Z,2026-10-04T01:22:34.186Z,2026-10-04T01:22:34.307Z,2026-10-04T01:22:34.370Z,2026-10-04T01:22:34.389Z,2026-10-04T01:22:34.588Z,2026-10-04T01:22:34.389Z,2026-10-04T01:22:34.448Z,2026-10-04T01:22:34.645Z,2026-10-04T01:22:34.706Z,2026-10-04T01:22:34.777Z,2026-10-04T01:22:34.844Z,2026-10-04T01:22:35.008Z,2026-10-04T01:22:35.008Z,2026-10-04T01:22:35.051Z,425,23,63,256,197,43,6,344,65,36,1424.7452000000012,430.10359999999855,12.29030000000057,29.115899999997055,156.76740000000063,230.31430000000182,15.160500000001775,112.303100000001,114.6893999999993,24.417199999999866,211.22620000000097,70.2390000000014,null,null,null,null,null,null
cmut4z3qd019kxsbkjcd82y1a,text-to-video,performance_concurrent_flow,10,2026-10-04T01:22:35.539Z,2026-10-04T01:22:35.581Z,2026-10-04T01:22:35.590Z,2026-10-04T01:22:35.596Z,2026-10-04T01:22:35.541Z,2026-10-04T01:22:35.545Z,2026-10-04T01:22:35.547Z,2026-10-04T01:22:35.559Z,2026-10-04T01:22:35.576Z,2026-10-04T01:22:35.577Z,2026-10-04T01:22:35.577Z,2026-10-04T01:22:35.628Z,2026-10-04T01:22:35.658Z,2026-10-04T01:22:35.689Z,2026-10-04T01:22:35.703Z,2026-10-04T01:22:35.822Z,2026-10-04T01:22:35.703Z,2026-10-04T01:22:35.740Z,2026-10-04T01:22:35.847Z,2026-10-04T01:22:35.905Z,2026-10-04T01:22:35.984Z,2026-10-04T01:22:36.075Z,2026-10-04T01:22:36.226Z,2026-10-04T01:22:36.226Z,2026-10-04T01:22:36.298Z,42,15,31,144,107,72,2,2,30,17,840.8559999999998,47.757799999999406,7.23489999999947,8.20140000000174,50.80040000000008,140.03519999999844,13.056200000002718,53.04620000000068,128.94770000000062,18.420399999999063,222.79379999999946,141.22710000000006,null,null,null,null,null,null
cmut4z3rh019oxsbk21nwjv0t,image-to-video,performance_concurrent_flow,10,2026-10-04T01:22:35.539Z,2026-10-04T01:22:35.621Z,2026-10-04T01:22:35.625Z,2026-10-04T01:22:35.630Z,2026-10-04T01:22:35.542Z,2026-10-04T01:22:35.545Z,2026-10-04T01:22:35.582Z,2026-10-04T01:22:35.599Z,2026-10-04T01:22:35.616Z,2026-10-04T01:22:35.618Z,2026-10-04T01:22:35.618Z,2026-10-04T01:22:35.663Z,2026-10-04T01:22:35.716Z,2026-10-04T01:22:35.750Z,2026-10-04T01:22:35.765Z,2026-10-04T01:22:35.903Z,2026-10-04T01:22:35.765Z,2026-10-04T01:22:35.801Z,2026-10-04T01:22:35.936Z,2026-10-04T01:22:36.013Z,2026-10-04T01:22:36.098Z,2026-10-04T01:22:36.190Z,2026-10-04T01:22:36.349Z,2026-10-04T01:22:36.349Z,2026-10-04T01:22:36.437Z,82,9,34,171,135,88,3,37,36,17,1072.6247000000003,83.80140000000029,8.0028999999995,7.768900000002759,76.03190000000177,159.1821000000018,13.944200000001729,76.53110000000015,139.38100000000122,16.40240000000267,241.52769999999873,242.7626999999993,null,null,null,null,null,null
cmut4z3sd019txsbk32whmpef,text-to-video,performance_concurrent_flow,10,2026-10-04T01:22:35.539Z,2026-10-04T01:22:35.652Z,2026-10-04T01:22:35.657Z,2026-10-04T01:22:35.661Z,2026-10-04T01:22:35.542Z,2026-10-04T01:22:35.545Z,2026-10-04T01:22:35.621Z,2026-10-04T01:22:35.631Z,2026-10-04T01:22:35.646Z,2026-10-04T01:22:35.646Z,2026-10-04T01:22:35.647Z,2026-10-04T01:22:35.700Z,2026-10-04T01:22:35.739Z,2026-10-04T01:22:35.771Z,2026-10-04T01:22:35.787Z,2026-10-04T01:22:35.924Z,2026-10-04T01:22:35.787Z,2026-10-04T01:22:35.829Z,2026-10-04T01:22:35.968Z,2026-10-04T01:22:36.037Z,2026-10-04T01:22:36.118Z,2026-10-04T01:22:36.215Z,2026-10-04T01:22:36.377Z,2026-10-04T01:22:36.377Z,2026-10-04T01:22:36.527Z,113,9,32,181,139,150,3,76,25,15,1096.6054000000004,115.02059999999983,8.896600000000035,9.154900000001362,63.5141999999978,157.7550999999985,16.51759999999922,74.73509999999806,137.11030000000028,22.130800000002637,242.30379999999786,241.85509999999704,null,null,null,null,null,null
cmut4z3t8019xxsbkfitf87pr,text-to-video,performance_concurrent_flow,10,2026-10-04T01:22:35.539Z,2026-10-04T01:22:35.682Z,2026-10-04T01:22:35.691Z,2026-10-04T01:22:35.700Z,2026-10-04T01:22:35.543Z,2026-10-04T01:22:35.546Z,2026-10-04T01:22:35.651Z,2026-10-04T01:22:35.662Z,2026-10-04T01:22:35.677Z,2026-10-04T01:22:35.677Z,2026-10-04T01:22:35.677Z,2026-10-04T01:22:35.744Z,2026-10-04T01:22:35.788Z,2026-10-04T01:22:35.825Z,2026-10-04T01:22:35.840Z,2026-10-04T01:22:36.011Z,2026-10-04T01:22:35.840Z,2026-10-04T01:22:35.886Z,2026-10-04T01:22:36.052Z,2026-10-04T01:22:36.120Z,2026-10-04T01:22:36.215Z,2026-10-04T01:22:36.299Z,2026-10-04T01:22:36.529Z,2026-10-04T01:22:36.529Z,2026-10-04T01:22:36.693Z,143,18,37,212,166,164,4,105,26,15,1208.3859000000011,148.9877000000015,9.529600000001665,12.328400000002148,70.41249999999854,192.90109999999913,18.987300000000687,74.5750999999982,147.6221000000005,18.403399999999237,394.5422000000035,107.60940000000119,null,null,null,null,null,null
cmut4z3ub01a2xsbkmn8877rr,image-to-video,performance_concurrent_flow,10,2026-10-04T01:22:35.539Z,2026-10-04T01:22:35.726Z,2026-10-04T01:22:35.732Z,2026-10-04T01:22:35.738Z,2026-10-04T01:22:35.543Z,2026-10-04T01:22:35.546Z,2026-10-04T01:22:35.682Z,2026-10-04T01:22:35.701Z,2026-10-04T01:22:35.719Z,2026-10-04T01:22:35.721Z,2026-10-04T01:22:35.721Z,2026-10-04T01:22:35.786Z,2026-10-04T01:22:35.862Z,2026-10-04T01:22:35.902Z,2026-10-04T01:22:35.920Z,2026-10-04T01:22:36.111Z,2026-10-04T01:22:35.920Z,2026-10-04T01:22:35.982Z,2026-10-04T01:22:36.153Z,2026-10-04T01:22:36.230Z,2026-10-04T01:22:36.319Z,2026-10-04T01:22:36.433Z,2026-10-04T01:22:36.684Z,2026-10-04T01:22:36.684Z,2026-10-04T01:22:36.739Z,187,12,40,233,171,55,4,136,39,18,1245.1910000000025,189.44989999999962,15.211200000001554,9.916399999998248,103.47619999999733,220.40480000000025,15.161499999998341,83.56239999999889,147.83069999999861,23.280399999999645,337.8895999999986,89.21549999999843,null,null,null,null,null,null
cmut4z3vn01a9xsbkpd77fsd3,image-to-video,performance_concurrent_flow,10,2026-10-04T01:22:35.539Z,2026-10-04T01:22:35.786Z,2026-10-04T01:22:35.791Z,2026-10-04T01:22:35.798Z,2026-10-04T01:22:35.542Z,2026-10-04T01:22:35.546Z,2026-10-04T01:22:35.726Z,2026-10-04T01:22:35.749Z,2026-10-04T01:22:35.779Z,2026-10-04T01:22:35.780Z,2026-10-04T01:22:35.780Z,2026-10-04T01:22:35.848Z,2026-10-04T01:22:35.939Z,2026-10-04T01:22:35.997Z,2026-10-04T01:22:36.015Z,2026-10-04T01:22:36.211Z,2026-10-04T01:22:36.015Z,2026-10-04T01:22:36.076Z,2026-10-04T01:22:36.247Z,2026-10-04T01:22:36.322Z,2026-10-04T01:22:36.442Z,2026-10-04T01:22:36.584Z,2026-10-04T01:22:36.748Z,2026-10-04T01:22:36.748Z,2026-10-04T01:22:36.793Z,247,12,58,232,171,45,3,180,54,30,1317.2177999999985,249.54070000000138,13.31420000000071,11.744500000000698,123.76429999999891,234.9471999999987,15.302400000000489,78.0048999999999,191.6334999999999,54.28029999999853,238.59999999999854,96.52200000000084,null,null,null,null,null,null
cmut4z3x301agxsbkxg6s1ael,text-to-video,performance_concurrent_flow,10,2026-10-04T01:22:35.539Z,2026-10-04T01:22:35.834Z,2026-10-04T01:22:35.842Z,2026-10-04T01:22:35.849Z,2026-10-04T01:22:35.544Z,2026-10-04T01:22:35.546Z,2026-10-04T01:22:35.786Z,2026-10-04T01:22:35.802Z,2026-10-04T01:22:35.829Z,2026-10-04T01:22:35.829Z,2026-10-04T01:22:35.829Z,2026-10-04T01:22:35.910Z,2026-10-04T01:22:35.978Z,2026-10-04T01:22:36.028Z,2026-10-04T01:22:36.044Z,2026-10-04T01:22:36.241Z,2026-10-04T01:22:36.044Z,2026-10-04T01:22:36.103Z,2026-10-04T01:22:36.280Z,2026-10-04T01:22:36.359Z,2026-10-04T01:22:36.522Z,2026-10-04T01:22:36.691Z,2026-10-04T01:22:36.804Z,2026-10-04T01:22:36.804Z,2026-10-04T01:22:36.863Z,295,15,50,236,177,59,5,240,43,27,1366.753499999999,298.53419999999824,15.465000000000146,15.971199999999953,103.48059999999896,232.3148000000001,14.418300000001182,79.20590000000084,249.64210000000094,79.16999999999825,175.60580000000118,91.48839999999836,null,null,null,null,null,null
cmut4z3yk01amxsbkqbkts9zk,image-to-video,performance_concurrent_flow,10,2026-10-04T01:22:35.539Z,2026-10-04T01:22:35.890Z,2026-10-04T01:22:35.898Z,2026-10-04T01:22:35.906Z,2026-10-04T01:22:35.544Z,2026-10-04T01:22:35.546Z,2026-10-04T01:22:35.835Z,2026-10-04T01:22:35.856Z,2026-10-04T01:22:35.882Z,2026-10-04T01:22:35.884Z,2026-10-04T01:22:35.884Z,2026-10-04T01:22:35.981Z,2026-10-04T01:22:36.085Z,2026-10-04T01:22:36.134Z,2026-10-04T01:22:36.158Z,2026-10-04T01:22:36.352Z,2026-10-04T01:22:36.158Z,2026-10-04T01:22:36.222Z,2026-10-04T01:22:36.403Z,2026-10-04T01:22:36.552Z,2026-10-04T01:22:36.684Z,2026-10-04T01:22:36.746Z,2026-10-04T01:22:36.873Z,2026-10-04T01:22:36.873Z,2026-10-04T01:22:36.914Z,351,16,49,245,181,41,5,289,49,26,1414.6749999999993,354.4969000000019,14.692000000002736,15.544099999999162,154.0126999999993,234.3110000000015,18.580300000001444,108.31490000000122,241.98050000000148,15.98530000000028,172.57300000000032,70.97140000000218,null,null,null,null,null,null
cmut4z40801atxsbkb0fd9ddc,image-to-video,performance_concurrent_flow,10,2026-10-04T01:22:35.539Z,2026-10-04T01:22:35.954Z,2026-10-04T01:22:35.969Z,2026-10-04T01:22:35.977Z,2026-10-04T01:22:35.544Z,2026-10-04T01:22:35.547Z,2026-10-04T01:22:35.890Z,2026-10-04T01:22:35.914Z,2026-10-04T01:22:35.941Z,2026-10-04T01:22:35.944Z,2026-10-04T01:22:35.944Z,2026-10-04T01:22:36.049Z,2026-10-04T01:22:36.160Z,2026-10-04T01:22:36.221Z,2026-10-04T01:22:36.237Z,2026-10-04T01:22:36.499Z,2026-10-04T01:22:36.237Z,2026-10-04T01:22:36.306Z,2026-10-04T01:22:36.566Z,2026-10-04T01:22:36.697Z,2026-10-04T01:22:36.757Z,2026-10-04T01:22:36.825Z,2026-10-04T01:22:36.937Z,2026-10-04T01:22:36.937Z,2026-10-04T01:22:36.974Z,415,23,61,329,260,37,5,343,54,27,1478.4089999999997,425.16629999999714,15.578699999998207,16.089499999998225,160.14919999999984,271.39010000000053,47.52479999999923,173.46479999999792,111.54579999999987,11.119599999998172,160.52580000000307,72.30880000000252,null,null,null,null,null,null
cmut4z41x01b0xsbkxeyhaycl,text-to-video,performance_concurrent_flow,10,2026-10-04T01:22:35.539Z,2026-10-04T01:22:36.012Z,2026-10-04T01:22:36.024Z,2026-10-04T01:22:36.033Z,2026-10-04T01:22:35.545Z,2026-10-04T01:22:35.547Z,2026-10-04T01:22:35.955Z,2026-10-04T01:22:35.977Z,2026-10-04T01:22:36.005Z,2026-10-04T01:22:36.005Z,2026-10-04T01:22:36.005Z,2026-10-04T01:22:36.102Z,2026-10-04T01:22:36.179Z,2026-10-04T01:22:36.230Z,2026-10-04T01:22:36.250Z,2026-10-04T01:22:36.516Z,2026-10-04T01:22:36.250Z,2026-10-04T01:22:36.312Z,2026-10-04T01:22:36.660Z,2026-10-04T01:22:36.718Z,2026-10-04T01:22:36.780Z,2026-10-04T01:22:36.854Z,2026-10-04T01:22:36.948Z,2026-10-04T01:22:36.948Z,2026-10-04T01:22:36.984Z,473,21,51,410,348,36,6,408,50,28,1504.4372999999978,478.97160000000076,17.928400000000693,20.151200000000244,115.15880000000107,256.14819999999963,28.294999999998254,211.11989999999787,107.14069999999992,17.78819999999905,151.41379999999845,85.14170000000013,null,null,null,null,null,null
cmut4z57401efxsbkpnqhrumx,text-to-video,performance_concurrent_flow,10,2026-10-04T01:22:37.407Z,2026-10-04T01:22:37.475Z,2026-10-04T01:22:37.479Z,2026-10-04T01:22:37.483Z,2026-10-04T01:22:37.409Z,2026-10-04T01:22:37.412Z,2026-10-04T01:22:37.443Z,2026-10-04T01:22:37.458Z,2026-10-04T01:22:37.471Z,2026-10-04T01:22:37.472Z,2026-10-04T01:22:37.472Z,2026-10-04T01:22:37.511Z,2026-10-04T01:22:37.541Z,2026-10-04T01:22:37.572Z,2026-10-04T01:22:37.587Z,2026-10-04T01:22:37.695Z,2026-10-04T01:22:37.587Z,2026-10-04T01:22:37.614Z,2026-10-04T01:22:37.719Z,2026-10-04T01:22:37.771Z,2026-10-04T01:22:37.854Z,2026-10-04T01:22:37.931Z,2026-10-04T01:22:38.064Z,2026-10-04T01:22:38.064Z,2026-10-04T01:22:38.123Z,68,8,31,132,105,59,2,31,29,13,776.2517999999982,70.1092000000026,8.05080000000089,6.129899999999907,47.64890000000014,131.1324999999997,14.257000000001426,47.22660000000178,125.7416000000012,14.488100000002305,197.83459999999832,107.80840000000171,null,null,null,null,null,null
cmut4z56601eaxsbki8ysu10e,image-to-video,performance_concurrent_flow,10,2026-10-04T01:22:37.407Z,2026-10-04T01:22:37.443Z,2026-10-04T01:22:37.447Z,2026-10-04T01:22:37.456Z,2026-10-04T01:22:37.409Z,2026-10-04T01:22:37.411Z,2026-10-04T01:22:37.413Z,2026-10-04T01:22:37.424Z,2026-10-04T01:22:37.439Z,2026-10-04T01:22:37.440Z,2026-10-04T01:22:37.440Z,2026-10-04T01:22:37.484Z,2026-10-04T01:22:37.527Z,2026-10-04T01:22:37.560Z,2026-10-04T01:22:37.573Z,2026-10-04T01:22:37.686Z,2026-10-04T01:22:37.573Z,2026-10-04T01:22:37.603Z,2026-10-04T01:22:37.710Z,2026-10-04T01:22:37.760Z,2026-10-04T01:22:37.847Z,2026-10-04T01:22:37.924Z,2026-10-04T01:22:38.077Z,2026-10-04T01:22:38.077Z,2026-10-04T01:22:38.137Z,36,13,33,137,107,60,2,2,27,15,809.0234000000019,38.21349999999802,6.935199999999895,7.2762000000002445,60.60060000000158,134.45030000000042,11.668600000000879,50.48119999999835,131.4828000000016,10.98660000000018,218.09700000000157,127.20639999999912,null,null,null,null,null,null
cmut4z57u01ejxsbk7sjtbgf5,text-to-video,performance_concurrent_flow,10,2026-10-04T01:22:37.407Z,2026-10-04T01:22:37.503Z,2026-10-04T01:22:37.506Z,2026-10-04T01:22:37.511Z,2026-10-04T01:22:37.410Z,2026-10-04T01:22:37.412Z,2026-10-04T01:22:37.475Z,2026-10-04T01:22:37.485Z,2026-10-04T01:22:37.499Z,2026-10-04T01:22:37.499Z,2026-10-04T01:22:37.499Z,2026-10-04T01:22:37.543Z,2026-10-04T01:22:37.585Z,2026-10-04T01:22:37.610Z,2026-10-04T01:22:37.625Z,2026-10-04T01:22:37.753Z,2026-10-04T01:22:37.625Z,2026-10-04T01:22:37.661Z,2026-10-04T01:22:37.779Z,2026-10-04T01:22:37.850Z,2026-10-04T01:22:37.931Z,2026-10-04T01:22:38.018Z,2026-10-04T01:22:38.154Z,2026-10-04T01:22:38.154Z,2026-10-04T01:22:38.233Z,96,8,25,154,118,79,3,63,24,14,933.4151999999995,97.86729999999807,7.703099999998813,7.141700000000128,61.659999999999854,141.20300000000134,12.709899999998015,61.411800000001676,141.1938999999984,15.630300000000716,207.65380000000005,172.30719999999928,null,null,null,null,null,null
cmut4z58n01enxsbkfgeleu4p,text-to-video,performance_concurrent_flow,10,2026-10-04T01:22:37.407Z,2026-10-04T01:22:37.531Z,2026-10-04T01:22:37.536Z,2026-10-04T01:22:37.540Z,2026-10-04T01:22:37.410Z,2026-10-04T01:22:37.412Z,2026-10-04T01:22:37.503Z,2026-10-04T01:22:37.513Z,2026-10-04T01:22:37.527Z,2026-10-04T01:22:37.527Z,2026-10-04T01:22:37.527Z,2026-10-04T01:22:37.579Z,2026-10-04T01:22:37.617Z,2026-10-04T01:22:37.649Z,2026-10-04T01:22:37.663Z,2026-10-04T01:22:37.795Z,2026-10-04T01:22:37.663Z,2026-10-04T01:22:37.701Z,2026-10-04T01:22:37.838Z,2026-10-04T01:22:37.894Z,2026-10-04T01:22:37.979Z,2026-10-04T01:22:38.067Z,2026-10-04T01:22:38.198Z,2026-10-04T01:22:38.198Z,2026-10-04T01:22:38.299Z,124,9,32,175,137,101,3,91,24,14,967.6769999999997,126.10859999999957,7.700400000001537,12.938600000001315,60.369200000001,150.64660000000003,16.11999999999898,72.38070000000153,133.1311999999998,12.082899999997608,213.16089999999895,155.61399999999776,null,null,null,null,null,null
cmut4z5as01eyxsbkvbwosdu5,image-to-video,performance_concurrent_flow,10,2026-10-04T01:22:37.407Z,2026-10-04T01:22:37.613Z,2026-10-04T01:22:37.620Z,2026-10-04T01:22:37.626Z,2026-10-04T01:22:37.410Z,2026-10-04T01:22:37.412Z,2026-10-04T01:22:37.572Z,2026-10-04T01:22:37.590Z,2026-10-04T01:22:37.607Z,2026-10-04T01:22:37.610Z,2026-10-04T01:22:37.610Z,2026-10-04T01:22:37.668Z,2026-10-04T01:22:37.737Z,2026-10-04T01:22:37.779Z,2026-10-04T01:22:37.796Z,2026-10-04T01:22:37.974Z,2026-10-04T01:22:37.796Z,2026-10-04T01:22:37.859Z,2026-10-04T01:22:38.007Z,2026-10-04T01:22:38.085Z,2026-10-04T01:22:38.153Z,2026-10-04T01:22:38.256Z,2026-10-04T01:22:38.441Z,2026-10-04T01:22:38.441Z,2026-10-04T01:22:38.515Z,206,13,42,211,148,74,3,160,38,17,1154.5570000000007,208.65669999999955,10.949099999997998,10.411800000001676,93.97829999999885,211.22070000000167,14.327099999998609,76.86219999999958,120.93889999999737,21.617699999998877,263.1794000000009,112.21310000000085,null,null,null,null,null,null
cmut4z59k01erxsbk01geoqcd,image-to-video,performance_concurrent_flow,10,2026-10-04T01:22:37.407Z,2026-10-04T01:22:37.572Z,2026-10-04T01:22:37.576Z,2026-10-04T01:22:37.580Z,2026-10-04T01:22:37.410Z,2026-10-04T01:22:37.412Z,2026-10-04T01:22:37.531Z,2026-10-04T01:22:37.546Z,2026-10-04T01:22:37.568Z,2026-10-04T01:22:37.569Z,2026-10-04T01:22:37.569Z,2026-10-04T01:22:37.624Z,2026-10-04T01:22:37.692Z,2026-10-04T01:22:37.726Z,2026-10-04T01:22:37.741Z,2026-10-04T01:22:37.902Z,2026-10-04T01:22:37.741Z,2026-10-04T01:22:37.786Z,2026-10-04T01:22:37.943Z,2026-10-04T01:22:38.000Z,2026-10-04T01:22:38.099Z,2026-10-04T01:22:38.188Z,2026-10-04T01:22:38.387Z,2026-10-04T01:22:38.387Z,2026-10-04T01:22:38.523Z,165,8,34,202,157,136,3,119,38,22,1162.1964000000007,167.33810000000085,12.585599999998522,10.057000000000698,94.24850000000151,180.6410999999971,12.465299999999843,73.52309999999852,148.11759999999776,25.510800000000017,277.1833999999981,154.25800000000163,null,null,null,null,null,null
cmut4z5bx01f6xsbk9ug0h3co,image-to-video,performance_concurrent_flow,10,2026-10-04T01:22:37.407Z,2026-10-04T01:22:37.657Z,2026-10-04T01:22:37.663Z,2026-10-04T01:22:37.670Z,2026-10-04T01:22:37.411Z,2026-10-04T01:22:37.412Z,2026-10-04T01:22:37.613Z,2026-10-04T01:22:37.631Z,2026-10-04T01:22:37.651Z,2026-10-04T01:22:37.653Z,2026-10-04T01:22:37.653Z,2026-10-04T01:22:37.718Z,2026-10-04T01:22:37.794Z,2026-10-04T01:22:37.848Z,2026-10-04T01:22:37.866Z,2026-10-04T01:22:38.052Z,2026-10-04T01:22:37.866Z,2026-10-04T01:22:37.923Z,2026-10-04T01:22:38.087Z,2026-10-04T01:22:38.151Z,2026-10-04T01:22:38.242Z,2026-10-04T01:22:38.380Z,2026-10-04T01:22:38.558Z,2026-10-04T01:22:38.558Z,2026-10-04T01:22:38.600Z,250,13,54,221,164,42,4,201,40,20,1234.5208999999995,253.20310000000245,10.199399999997695,14.800999999999476,107.23649999999907,226.53069999999934,14.061000000001513,69.25380000000223,155.08459999999832,31.26300000000265,269.5627999999997,73.59449999999924,null,null,null,null,null,null
cmut4z5d001fdxsbkl2gu3qhp,text-to-video,performance_concurrent_flow,10,2026-10-04T01:22:37.407Z,2026-10-04T01:22:37.697Z,2026-10-04T01:22:37.704Z,2026-10-04T01:22:37.709Z,2026-10-04T01:22:37.411Z,2026-10-04T01:22:37.413Z,2026-10-04T01:22:37.657Z,2026-10-04T01:22:37.670Z,2026-10-04T01:22:37.693Z,2026-10-04T01:22:37.693Z,2026-10-04T01:22:37.693Z,2026-10-04T01:22:37.762Z,2026-10-04T01:22:37.825Z,2026-10-04T01:22:37.874Z,2026-10-04T01:22:37.892Z,2026-10-04T01:22:38.072Z,2026-10-04T01:22:37.892Z,2026-10-04T01:22:37.953Z,2026-10-04T01:22:38.101Z,2026-10-04T01:22:38.169Z,2026-10-04T01:22:38.277Z,2026-10-04T01:22:38.390Z,2026-10-04T01:22:38.582Z,2026-10-04T01:22:38.582Z,2026-10-04T01:22:38.625Z,290,12,49,209,148,43,4,244,36,23,1257.4784,293.6144999999997,12.570299999999406,12.440200000000914,101.6359999999986,211.28769999999713,17.824799999998504,60.98070000000007,171.51000000000204,41.71979999999894,251.09349999999904,74.12740000000122,null,null,null,null,null,null
cmut4z5fi01foxsbka5gacish,text-to-video,performance_concurrent_flow,10,2026-10-04T01:22:37.407Z,2026-10-04T01:22:37.790Z,2026-10-04T01:22:37.801Z,2026-10-04T01:22:37.809Z,2026-10-04T01:22:37.409Z,2026-10-04T01:22:37.412Z,2026-10-04T01:22:37.743Z,2026-10-04T01:22:37.761Z,2026-10-04T01:22:37.785Z,2026-10-04T01:22:37.785Z,2026-10-04T01:22:37.785Z,2026-10-04T01:22:37.878Z,2026-10-04T01:22:37.948Z,2026-10-04T01:22:37.994Z,2026-10-04T01:22:38.008Z,2026-10-04T01:22:38.181Z,2026-10-04T01:22:38.008Z,2026-10-04T01:22:38.062Z,2026-10-04T01:22:38.241Z,2026-10-04T01:22:38.318Z,2026-10-04T01:22:38.415Z,2026-10-04T01:22:38.528Z,2026-10-04T01:22:38.629Z,2026-10-04T01:22:38.629Z,2026-10-04T01:22:38.665Z,383,19,46,233,179,36,2,331,42,24,1294.7531000000017,386.8247999999985,18.973000000001775,19.20669999999882,105.29899999999907,198.87319999999818,20.205900000000838,107.24850000000151,175.7345000000023,12.093399999997928,171.04160000000047,63.5612000000001,null,null,null,null,null,null
cmut4z5e901fixsbk3n36mdyb,image-to-video,performance_concurrent_flow,10,2026-10-04T01:22:37.407Z,2026-10-04T01:22:37.742Z,2026-10-04T01:22:37.754Z,2026-10-04T01:22:37.760Z,2026-10-04T01:22:37.411Z,2026-10-04T01:22:37.413Z,2026-10-04T01:22:37.698Z,2026-10-04T01:22:37.715Z,2026-10-04T01:22:37.736Z,2026-10-04T01:22:37.738Z,2026-10-04T01:22:37.738Z,2026-10-04T01:22:37.826Z,2026-10-04T01:22:37.932Z,2026-10-04T01:22:37.978Z,2026-10-04T01:22:37.993Z,2026-10-04T01:22:38.188Z,2026-10-04T01:22:37.993Z,2026-10-04T01:22:38.045Z,2026-10-04T01:22:38.259Z,2026-10-04T01:22:38.359Z,2026-10-04T01:22:38.450Z,2026-10-04T01:22:38.542Z,2026-10-04T01:22:38.636Z,2026-10-04T01:22:38.636Z,2026-10-04T01:22:38.672Z,335,18,46,266,214,36,4,285,40,21,1298.4029999999984,340.8084999999992,12.736399999997957,14.256199999999808,150.8737000000001,220.8669000000009,21.695700000000215,123.74809999999707,160.39300000000003,23.748100000000704,153.58480000000054,63.01729999999952,null,null,null,null,null,null
cmut4z6fm01j1xsbkssj2fq0c,text-to-video,performance_concurrent_flow,10,2026-10-04T01:22:39.038Z,2026-10-04T01:22:39.080Z,2026-10-04T01:22:39.084Z,2026-10-04T01:22:39.088Z,2026-10-04T01:22:39.040Z,2026-10-04T01:22:39.044Z,2026-10-04T01:22:39.046Z,2026-10-04T01:22:39.060Z,2026-10-04T01:22:39.076Z,2026-10-04T01:22:39.076Z,2026-10-04T01:22:39.076Z,2026-10-04T01:22:39.118Z,2026-10-04T01:22:39.151Z,2026-10-04T01:22:39.180Z,2026-10-04T01:22:39.193Z,2026-10-04T01:22:39.290Z,2026-10-04T01:22:39.193Z,2026-10-04T01:22:39.220Z,2026-10-04T01:22:39.310Z,2026-10-04T01:22:39.357Z,2026-10-04T01:22:39.424Z,2026-10-04T01:22:39.494Z,2026-10-04T01:22:39.648Z,2026-10-04T01:22:39.648Z,2026-10-04T01:22:39.712Z,42,8,29,117,90,64,2,2,30,16,749.5090000000018,43.18109999999797,7.044999999998254,6.158200000001671,53.52010000000155,122.60940000000119,7.635399999999208,46.91809999999896,102.50299999999697,18.824899999999616,209.33330000000205,125.23969999999827,null,null,null,null,null,null
cmut4z6gi01j5xsbkmtec27rd,image-to-video,performance_concurrent_flow,10,2026-10-04T01:22:39.038Z,2026-10-04T01:22:39.113Z,2026-10-04T01:22:39.119Z,2026-10-04T01:22:39.127Z,2026-10-04T01:22:39.041Z,2026-10-04T01:22:39.045Z,2026-10-04T01:22:39.080Z,2026-10-04T01:22:39.093Z,2026-10-04T01:22:39.108Z,2026-10-04T01:22:39.109Z,2026-10-04T01:22:39.110Z,2026-10-04T01:22:39.160Z,2026-10-04T01:22:39.210Z,2026-10-04T01:22:39.250Z,2026-10-04T01:22:39.264Z,2026-10-04T01:22:39.387Z,2026-10-04T01:22:39.264Z,2026-10-04T01:22:39.297Z,2026-10-04T01:22:39.419Z,2026-10-04T01:22:39.479Z,2026-10-04T01:22:39.547Z,2026-10-04T01:22:39.653Z,2026-10-04T01:22:39.807Z,2026-10-04T01:22:39.807Z,2026-10-04T01:22:39.884Z,75,14,40,155,122,77,3,35,29,15,925.2602000000006,76.65279999999984,7.241699999998673,7.787700000000768,72.10330000000249,150.72290000000066,13.705500000000029,62.51180000000022,120.00110000000132,36.074799999998504,225.1366999999991,141.32879999999932,null,null,null,null,null,null
cmut4z6hk01jaxsbknnncf91a,text-to-video,performance_concurrent_flow,10,2026-10-04T01:22:39.038Z,2026-10-04T01:22:39.149Z,2026-10-04T01:22:39.154Z,2026-10-04T01:22:39.164Z,2026-10-04T01:22:39.040Z,2026-10-04T01:22:39.044Z,2026-10-04T01:22:39.113Z,2026-10-04T01:22:39.129Z,2026-10-04T01:22:39.146Z,2026-10-04T01:22:39.146Z,2026-10-04T01:22:39.146Z,2026-10-04T01:22:39.201Z,2026-10-04T01:22:39.238Z,2026-10-04T01:22:39.267Z,2026-10-04T01:22:39.282Z,2026-10-04T01:22:39.408Z,2026-10-04T01:22:39.282Z,2026-10-04T01:22:39.313Z,2026-10-04T01:22:39.439Z,2026-10-04T01:22:39.493Z,2026-10-04T01:22:39.576Z,2026-10-04T01:22:39.673Z,2026-10-04T01:22:39.827Z,2026-10-04T01:22:39.827Z,2026-10-04T01:22:39.908Z,111,15,29,157,126,81,2,69,33,17,940.863400000002,113.11769999999888,13.370899999998073,9.058499999999185,59.4503999999979,141.75790000000052,11.897699999997712,62.668500000003405,133.9470999999976,21.035299999999552,223.41110000000117,138.43540000000212,null,null,null,null,null,null
cmut4z6im01jexsbkrwjw97hp,image-to-video,performance_concurrent_flow,10,2026-10-04T01:22:39.038Z,2026-10-04T01:22:39.191Z,2026-10-04T01:22:39.196Z,2026-10-04T01:22:39.200Z,2026-10-04T01:22:39.041Z,2026-10-04T01:22:39.045Z,2026-10-04T01:22:39.149Z,2026-10-04T01:22:39.168Z,2026-10-04T01:22:39.186Z,2026-10-04T01:22:39.187Z,2026-10-04T01:22:39.187Z,2026-10-04T01:22:39.245Z,2026-10-04T01:22:39.302Z,2026-10-04T01:22:39.340Z,2026-10-04T01:22:39.354Z,2026-10-04T01:22:39.507Z,2026-10-04T01:22:39.354Z,2026-10-04T01:22:39.399Z,2026-10-04T01:22:39.542Z,2026-10-04T01:22:39.627Z,2026-10-04T01:22:39.708Z,2026-10-04T01:22:39.802Z,2026-10-04T01:22:39.976Z,2026-10-04T01:22:39.976Z,2026-10-04T01:22:40.042Z,153,9,38,188,143,66,3,104,38,18,1072.2515000000021,155.35649999999805,7.691299999998591,12.777099999999336,86.3047000000006,178.54809999999998,12.89940000000206,79.10180000000037,156.73559999999998,18.363000000001193,240.0524000000005,117.89120000000185,null,null,null,null,null,null
cmut4z6jn01jkxsbkt53ebjg4,image-to-video,performance_concurrent_flow,10,2026-10-04T01:22:39.038Z,2026-10-04T01:22:39.234Z,2026-10-04T01:22:39.239Z,2026-10-04T01:22:39.248Z,2026-10-04T01:22:39.042Z,2026-10-04T01:22:39.045Z,2026-10-04T01:22:39.191Z,2026-10-04T01:22:39.204Z,2026-10-04T01:22:39.227Z,2026-10-04T01:22:39.229Z,2026-10-04T01:22:39.229Z,2026-10-04T01:22:39.284Z,2026-10-04T01:22:39.352Z,2026-10-04T01:22:39.393Z,2026-10-04T01:22:39.407Z,2026-10-04T01:22:39.573Z,2026-10-04T01:22:39.407Z,2026-10-04T01:22:39.460Z,2026-10-04T01:22:39.622Z,2026-10-04T01:22:39.699Z,2026-10-04T01:22:39.788Z,2026-10-04T01:22:39.900Z,2026-10-04T01:22:40.047Z,2026-10-04T01:22:40.047Z,2026-10-04T01:22:40.118Z,196,14,41,215,162,71,4,146,38,23,1135.7992000000013,197.5573000000004,8.446500000001834,7.444200000001729,92.83299999999872,182.66619999999966,14.052400000000489,96.8373999999967,149.71960000000036,17.485599999999977,240.38229999999749,116.26160000000164,null,null,null,null,null,null
cmut4z6kz01jrxsbkaunnh0oj,image-to-video,performance_concurrent_flow,10,2026-10-04T01:22:39.038Z,2026-10-04T01:22:39.278Z,2026-10-04T01:22:39.283Z,2026-10-04T01:22:39.290Z,2026-10-04T01:22:39.042Z,2026-10-04T01:22:39.045Z,2026-10-04T01:22:39.233Z,2026-10-04T01:22:39.252Z,2026-10-04T01:22:39.273Z,2026-10-04T01:22:39.274Z,2026-10-04T01:22:39.275Z,2026-10-04T01:22:39.336Z,2026-10-04T01:22:39.409Z,2026-10-04T01:22:39.455Z,2026-10-04T01:22:39.471Z,2026-10-04T01:22:39.660Z,2026-10-04T01:22:39.471Z,2026-10-04T01:22:39.516Z,2026-10-04T01:22:39.698Z,2026-10-04T01:22:39.780Z,2026-10-04T01:22:39.860Z,2026-10-04T01:22:39.959Z,2026-10-04T01:22:40.120Z,2026-10-04T01:22:40.120Z,2026-10-04T01:22:40.175Z,240,12,46,227,182,55,4,188,41,21,1209.0472000000009,241.73839999999836,9.954700000002049,9.337999999999738,105.74530000000232,213.3231999999989,20.891500000001543,83.67950000000201,153.89949999999953,18.709900000001653,234.1724000000031,107.9989999999998,null,null,null,null,null,null
cmut4z6m101jxxsbkdhubhovh,text-to-video,performance_concurrent_flow,10,2026-10-04T01:22:39.038Z,2026-10-04T01:22:39.316Z,2026-10-04T01:22:39.328Z,2026-10-04T01:22:39.334Z,2026-10-04T01:22:39.043Z,2026-10-04T01:22:39.046Z,2026-10-04T01:22:39.279Z,2026-10-04T01:22:39.293Z,2026-10-04T01:22:39.312Z,2026-10-04T01:22:39.312Z,2026-10-04T01:22:39.312Z,2026-10-04T01:22:39.379Z,2026-10-04T01:22:39.437Z,2026-10-04T01:22:39.481Z,2026-10-04T01:22:39.497Z,2026-10-04T01:22:39.689Z,2026-10-04T01:22:39.497Z,2026-10-04T01:22:39.546Z,2026-10-04T01:22:39.729Z,2026-10-04T01:22:39.800Z,2026-10-04T01:22:39.904Z,2026-10-04T01:22:39.987Z,2026-10-04T01:22:40.146Z,2026-10-04T01:22:40.146Z,2026-10-04T01:22:40.209Z,278,18,44,232,183,63,5,233,33,19,1219.2510000000002,283.29879999999685,11.420900000000984,7.924899999998161,89.76959999999963,222.3662000000004,17.416199999999662,77.08909999999742,155.30839999999807,17.16410000000178,224.54290000000037,100.86170000000129,null,null,null,null,null,null
cmut4z6n901k3xsbkcnt6krte,text-to-video,performance_concurrent_flow,10,2026-10-04T01:22:39.038Z,2026-10-04T01:22:39.363Z,2026-10-04T01:22:39.372Z,2026-10-04T01:22:39.378Z,2026-10-04T01:22:39.043Z,2026-10-04T01:22:39.046Z,2026-10-04T01:22:39.315Z,2026-10-04T01:22:39.337Z,2026-10-04T01:22:39.359Z,2026-10-04T01:22:39.359Z,2026-10-04T01:22:39.359Z,2026-10-04T01:22:39.440Z,2026-10-04T01:22:39.496Z,2026-10-04T01:22:39.541Z,2026-10-04T01:22:39.561Z,2026-10-04T01:22:39.776Z,2026-10-04T01:22:39.561Z,2026-10-04T01:22:39.639Z,2026-10-04T01:22:39.804Z,2026-10-04T01:22:39.892Z,2026-10-04T01:22:39.965Z,2026-10-04T01:22:40.062Z,2026-10-04T01:22:40.213Z,2026-10-04T01:22:40.213Z,2026-10-04T01:22:40.273Z,325,15,45,243,165,60,5,269,44,22,1303.3552999999993,328.02980000000025,16.137300000002142,15.224899999997433,92.09059999999954,243.08339999999953,16.586699999999837,74.7999000000018,145.5668000000005,20.44680000000153,219.57299999999668,120.10689999999886,null,null,null,null,null,null
cmut4z6oh01kaxsbko848dwc0,text-to-video,performance_concurrent_flow,10,2026-10-04T01:22:39.038Z,2026-10-04T01:22:39.413Z,2026-10-04T01:22:39.422Z,2026-10-04T01:22:39.428Z,2026-10-04T01:22:39.042Z,2026-10-04T01:22:39.045Z,2026-10-04T01:22:39.364Z,2026-10-04T01:22:39.380Z,2026-10-04T01:22:39.407Z,2026-10-04T01:22:39.407Z,2026-10-04T01:22:39.407Z,2026-10-04T01:22:39.488Z,2026-10-04T01:22:39.546Z,2026-10-04T01:22:39.617Z,2026-10-04T01:22:39.637Z,2026-10-04T01:22:39.821Z,2026-10-04T01:22:39.637Z,2026-10-04T01:22:39.695Z,2026-10-04T01:22:39.871Z,2026-10-04T01:22:39.952Z,2026-10-04T01:22:40.032Z,2026-10-04T01:22:40.111Z,2026-10-04T01:22:40.242Z,2026-10-04T01:22:40.242Z,2026-10-04T01:22:40.287Z,375,15,71,234,176,45,4,319,43,27,1316.8679999999986,378.6017000000029,15.775499999999738,15.369900000001508,92.34349999999904,247.6830000000009,17.148800000002666,88.62770000000091,137.26090000000113,10.613499999999476,198.02929999999833,104.46279999999751,null,null,null,null,null,null
cmut4z6q101kgxsbkgp7c6k5c,image-to-video,performance_concurrent_flow,10,2026-10-04T01:22:39.038Z,2026-10-04T01:22:39.472Z,2026-10-04T01:22:39.481Z,2026-10-04T01:22:39.487Z,2026-10-04T01:22:39.044Z,2026-10-04T01:22:39.049Z,2026-10-04T01:22:39.414Z,2026-10-04T01:22:39.436Z,2026-10-04T01:22:39.464Z,2026-10-04T01:22:39.466Z,2026-10-04T01:22:39.467Z,2026-10-04T01:22:39.545Z,2026-10-04T01:22:39.671Z,2026-10-04T01:22:39.736Z,2026-10-04T01:22:39.754Z,2026-10-04T01:22:39.954Z,2026-10-04T01:22:39.754Z,2026-10-04T01:22:39.809Z,2026-10-04T01:22:39.989Z,2026-10-04T01:22:40.051Z,2026-10-04T01:22:40.140Z,2026-10-04T01:22:40.216Z,2026-10-04T01:22:40.327Z,2026-10-04T01:22:40.327Z,2026-10-04T01:22:40.365Z,434,15,65,235,180,38,6,365,52,28,1360.1076999999968,437.47599999999875,11.405199999997421,14.67239999999947,167.26629999999932,242.40899999999965,22.24829999999929,71.46889999999985,132.46189999999842,11.952399999998306,180.77190000000337,56.438099999999395,null,null,null,null,null,null
cmut4z7qc01nrxsbkb1jknswq,text-to-video,performance_concurrent_flow,10,2026-10-04T01:22:40.726Z,2026-10-04T01:22:40.756Z,2026-10-04T01:22:40.760Z,2026-10-04T01:22:40.763Z,2026-10-04T01:22:40.728Z,2026-10-04T01:22:40.730Z,2026-10-04T01:22:40.733Z,2026-10-04T01:22:40.742Z,2026-10-04T01:22:40.754Z,2026-10-04T01:22:40.754Z,2026-10-04T01:22:40.754Z,2026-10-04T01:22:40.786Z,2026-10-04T01:22:40.807Z,2026-10-04T01:22:40.826Z,2026-10-04T01:22:40.838Z,2026-10-04T01:22:40.928Z,2026-10-04T01:22:40.838Z,2026-10-04T01:22:40.862Z,2026-10-04T01:22:40.951Z,2026-10-04T01:22:40.990Z,2026-10-04T01:22:41.055Z,2026-10-04T01:22:41.144Z,2026-10-04T01:22:41.279Z,2026-10-04T01:22:41.279Z,2026-10-04T01:22:41.356Z,30,7,19,113,89,77,2,3,21,12,694.161799999998,32.09480000000258,5.803199999998469,5.517100000000937,35.93640000000232,103.79769999999917,8.78570000000036,43.47429999999804,104.32340000000113,14.498500000001513,204.70010000000184,130.265199999998,null,null,null,null,null,null
cmut4z7qz01nvxsbkh691gw4y,text-to-video,performance_concurrent_flow,10,2026-10-04T01:22:40.726Z,2026-10-04T01:22:40.779Z,2026-10-04T01:22:40.782Z,2026-10-04T01:22:40.786Z,2026-10-04T01:22:40.728Z,2026-10-04T01:22:40.731Z,2026-10-04T01:22:40.756Z,2026-10-04T01:22:40.765Z,2026-10-04T01:22:40.776Z,2026-10-04T01:22:40.776Z,2026-10-04T01:22:40.776Z,2026-10-04T01:22:40.808Z,2026-10-04T01:22:40.833Z,2026-10-04T01:22:40.855Z,2026-10-04T01:22:40.868Z,2026-10-04T01:22:40.979Z,2026-10-04T01:22:40.868Z,2026-10-04T01:22:40.899Z,2026-10-04T01:22:41.003Z,2026-10-04T01:22:41.061Z,2026-10-04T01:22:41.141Z,2026-10-04T01:22:41.220Z,2026-10-04T01:22:41.365Z,2026-10-04T01:22:41.365Z,2026-10-04T01:22:41.424Z,53,7,22,135,104,59,2,25,20,11,761.0773999999983,54.321600000002945,5.352100000000064,5.305100000001403,40.52859999999782,118.77110000000175,16.965799999998126,48.15799999999945,133.23619999999937,12.979299999999057,209.8068999999996,110.43059999999969,null,null,null,null,null,null
cmut4z7ro01nzxsbkmz73i0ea,image-to-video,performance_concurrent_flow,10,2026-10-04T01:22:40.726Z,2026-10-04T01:22:40.805Z,2026-10-04T01:22:40.809Z,2026-10-04T01:22:40.815Z,2026-10-04T01:22:40.729Z,2026-10-04T01:22:40.731Z,2026-10-04T01:22:40.779Z,2026-10-04T01:22:40.790Z,2026-10-04T01:22:40.801Z,2026-10-04T01:22:40.802Z,2026-10-04T01:22:40.802Z,2026-10-04T01:22:40.840Z,2026-10-04T01:22:40.882Z,2026-10-04T01:22:40.918Z,2026-10-04T01:22:40.932Z,2026-10-04T01:22:41.073Z,2026-10-04T01:22:40.932Z,2026-10-04T01:22:40.967Z,2026-10-04T01:22:41.106Z,2026-10-04T01:22:41.172Z,2026-10-04T01:22:41.247Z,2026-10-04T01:22:41.354Z,2026-10-04T01:22:41.485Z,2026-10-04T01:22:41.485Z,2026-10-04T01:22:41.537Z,79,10,36,174,139,52,3,48,23,11,859.9182000000001,80.20630000000165,6.200600000000122,6.448199999998906,65.51380000000063,154.03190000000177,17.580799999999726,66.49469999999928,126.85090000000127,22.862499999999272,213.44950000000244,91.62039999999979,null,null,null,null,null,null
cmut4z7se01o4xsbk13uueyon,image-to-video,performance_concurrent_flow,10,2026-10-04T01:22:40.726Z,2026-10-04T01:22:40.835Z,2026-10-04T01:22:40.838Z,2026-10-04T01:22:40.844Z,2026-10-04T01:22:40.729Z,2026-10-04T01:22:40.731Z,2026-10-04T01:22:40.805Z,2026-10-04T01:22:40.816Z,2026-10-04T01:22:40.830Z,2026-10-04T01:22:40.832Z,2026-10-04T01:22:40.832Z,2026-10-04T01:22:40.873Z,2026-10-04T01:22:40.930Z,2026-10-04T01:22:40.962Z,2026-10-04T01:22:40.977Z,2026-10-04T01:22:41.153Z,2026-10-04T01:22:40.977Z,2026-10-04T01:22:41.015Z,2026-10-04T01:22:41.187Z,2026-10-04T01:22:41.253Z,2026-10-04T01:22:41.346Z,2026-10-04T01:22:41.426Z,2026-10-04T01:22:41.546Z,2026-10-04T01:22:41.546Z,2026-10-04T01:22:41.595Z,109,9,32,210,172,49,3,74,27,14,912.1782999999996,109.90430000000197,7.051300000002811,6.895300000000134,75.93149999999878,191.27640000000247,19.73370000000068,68.47280000000319,144.23359999999957,15.982599999999366,183.07429999999658,81.84449999999924,null,null,null,null,null,null
cmut4z7t901oaxsbk8wxpvca0,image-to-video,performance_concurrent_flow,10,2026-10-04T01:22:40.726Z,2026-10-04T01:22:40.864Z,2026-10-04T01:22:40.869Z,2026-10-04T01:22:40.874Z,2026-10-04T01:22:40.729Z,2026-10-04T01:22:40.732Z,2026-10-04T01:22:40.835Z,2026-10-04T01:22:40.847Z,2026-10-04T01:22:40.860Z,2026-10-04T01:22:40.862Z,2026-10-04T01:22:40.862Z,2026-10-04T01:22:40.916Z,2026-10-04T01:22:40.974Z,2026-10-04T01:22:41.010Z,2026-10-04T01:22:41.026Z,2026-10-04T01:22:41.218Z,2026-10-04T01:22:41.026Z,2026-10-04T01:22:41.078Z,2026-10-04T01:22:41.251Z,2026-10-04T01:22:41.314Z,2026-10-04T01:22:41.405Z,2026-10-04T01:22:41.483Z,2026-10-04T01:22:41.591Z,2026-10-04T01:22:41.591Z,2026-10-04T01:22:41.632Z,138,10,36,225,173,41,3,103,27,13,941.6366000000016,140.21370000000024,8.607200000002194,11.543499999999767,86.80169999999998,212.1214,14.312999999998283,72.74209999999948,141.82810000000245,13.3166999999994,164.69700000000012,67.78089999999793,null,null,null,null,null,null
cmut4z7u001ohxsbkpg6jctbx,text-to-video,performance_concurrent_flow,10,2026-10-04T01:22:40.726Z,2026-10-04T01:22:40.896Z,2026-10-04T01:22:40.906Z,2026-10-04T01:22:40.911Z,2026-10-04T01:22:40.729Z,2026-10-04T01:22:40.732Z,2026-10-04T01:22:40.864Z,2026-10-04T01:22:40.873Z,2026-10-04T01:22:40.892Z,2026-10-04T01:22:40.892Z,2026-10-04T01:22:40.892Z,2026-10-04T01:22:40.950Z,2026-10-04T01:22:40.993Z,2026-10-04T01:22:41.034Z,2026-10-04T01:22:41.050Z,2026-10-04T01:22:41.216Z,2026-10-04T01:22:41.050Z,2026-10-04T01:22:41.102Z,2026-10-04T01:22:41.249Z,2026-10-04T01:22:41.326Z,2026-10-04T01:22:41.406Z,2026-10-04T01:22:41.492Z,2026-10-04T01:22:41.598Z,2026-10-04T01:22:41.598Z,2026-10-04T01:22:41.637Z,170,15,41,199,147,39,3,132,28,19,953.1113000000005,176.85029999999824,8.307799999998679,8.445299999999406,69.54639999999927,196.45070000000123,13.3166999999994,73.90480000000025,140.1201000000001,14.13260000000082,171.91609999999855,72.5518000000011,null,null,null,null,null,null
cmut4z7v201omxsbkx5a0r0et,image-to-video,performance_concurrent_flow,10,2026-10-04T01:22:40.726Z,2026-10-04T01:22:40.935Z,2026-10-04T01:22:40.940Z,2026-10-04T01:22:40.947Z,2026-10-04T01:22:40.729Z,2026-10-04T01:22:40.732Z,2026-10-04T01:22:40.895Z,2026-10-04T01:22:40.911Z,2026-10-04T01:22:40.929Z,2026-10-04T01:22:40.931Z,2026-10-04T01:22:40.931Z,2026-10-04T01:22:40.996Z,2026-10-04T01:22:41.086Z,2026-10-04T01:22:41.140Z,2026-10-04T01:22:41.155Z,2026-10-04T01:22:41.323Z,2026-10-04T01:22:41.155Z,2026-10-04T01:22:41.204Z,2026-10-04T01:22:41.365Z,2026-10-04T01:22:41.430Z,2026-10-04T01:22:41.506Z,2026-10-04T01:22:41.571Z,2026-10-04T01:22:41.661Z,2026-10-04T01:22:41.661Z,2026-10-04T01:22:41.701Z,209,12,54,210,161,40,3,163,36,18,1005.2423999999992,210.86679999999978,10.333299999998417,16.023400000001857,122.66449999999895,200.9914000000026,14.04320000000007,77.59289999999964,128.46069999999963,13.971399999998539,138.02790000000095,62.465000000000146,null,null,null,null,null,null
cmut4z7w301osxsbki47gsg6d,text-to-video,performance_concurrent_flow,10,2026-10-04T01:22:40.726Z,2026-10-04T01:22:40.973Z,2026-10-04T01:22:40.981Z,2026-10-04T01:22:40.988Z,2026-10-04T01:22:40.730Z,2026-10-04T01:22:40.733Z,2026-10-04T01:22:40.935Z,2026-10-04T01:22:40.950Z,2026-10-04T01:22:40.969Z,2026-10-04T01:22:40.969Z,2026-10-04T01:22:40.969Z,2026-10-04T01:22:41.044Z,2026-10-04T01:22:41.107Z,2026-10-04T01:22:41.159Z,2026-10-04T01:22:41.174Z,2026-10-04T01:22:41.371Z,2026-10-04T01:22:41.174Z,2026-10-04T01:22:41.228Z,2026-10-04T01:22:41.405Z,2026-10-04T01:22:41.478Z,2026-10-04T01:22:41.541Z,2026-10-04T01:22:41.600Z,2026-10-04T01:22:41.688Z,2026-10-04T01:22:41.688Z,2026-10-04T01:22:41.718Z,247,15,52,231,177,30,4,202,34,19,1021.4962000000014,250.87249999999767,11.43630000000121,13.335100000000239,103.26699999999983,234.48389999999927,13.087600000002567,71.47490000000107,114.87129999999888,13.643899999999121,131.70030000000042,52.78569999999672,null,null,null,null,null,null
cmut4z7ym01p8xsbksv3vadip,text-to-video,performance_concurrent_flow,10,2026-10-04T01:22:40.726Z,2026-10-04T01:22:41.077Z,2026-10-04T01:22:41.087Z,2026-10-04T01:22:41.097Z,2026-10-04T01:22:40.730Z,2026-10-04T01:22:40.734Z,2026-10-04T01:22:41.026Z,2026-10-04T01:22:41.040Z,2026-10-04T01:22:41.071Z,2026-10-04T01:22:41.071Z,2026-10-04T01:22:41.071Z,2026-10-04T01:22:41.164Z,2026-10-04T01:22:41.225Z,2026-10-04T01:22:41.261Z,2026-10-04T01:22:41.278Z,2026-10-04T01:22:41.473Z,2026-10-04T01:22:41.278Z,2026-10-04T01:22:41.357Z,2026-10-04T01:22:41.501Z,2026-10-04T01:22:41.552Z,2026-10-04T01:22:41.609Z,2026-10-04T01:22:41.657Z,2026-10-04T01:22:41.735Z,2026-10-04T01:22:41.735Z,2026-10-04T01:22:41.762Z,351,20,36,223,144,27,4,292,45,31,1060.899400000002,353.8970999999983,14.37960000000021,19.155299999998533,100.21799999999712,215.8715000000011,10.594399999998132,65.14080000000104,94.71270000000004,11.484300000000076,111.9974000000002,46.76020000000062,null,null,null,null,null,null
cmut4z7xa01oyxsbkcgkag5as,image-to-video,performance_concurrent_flow,10,2026-10-04T01:22:40.726Z,2026-10-04T01:22:41.025Z,2026-10-04T01:22:41.032Z,2026-10-04T01:22:41.038Z,2026-10-04T01:22:40.730Z,2026-10-04T01:22:40.733Z,2026-10-04T01:22:40.974Z,2026-10-04T01:22:40.992Z,2026-10-04T01:22:41.017Z,2026-10-04T01:22:41.019Z,2026-10-04T01:22:41.019Z,2026-10-04T01:22:41.106Z,2026-10-04T01:22:41.200Z,2026-10-04T01:22:41.249Z,2026-10-04T01:22:41.264Z,2026-10-04T01:22:41.480Z,2026-10-04T01:22:41.264Z,2026-10-04T01:22:41.355Z,2026-10-04T01:22:41.510Z,2026-10-04T01:22:41.562Z,2026-10-04T01:22:41.616Z,2026-10-04T01:22:41.666Z,2026-10-04T01:22:41.739Z,2026-10-04T01:22:41.739Z,2026-10-04T01:22:41.769Z,299,13,49,246,155,30,4,241,45,25,1068.9447,302.02560000000085,15.64140000000043,22.770699999997305,131.26339999999982,237.44970000000103,28.98240000000078,55.12609999999768,96.51329999999871,10.521499999998923,110.72889999999825,48.01440000000002,null,null,null,null,null,null
cmut4z8rr01sixsbkm2s0csha,image-to-video,performance_concurrent_flow,10,2026-10-04T01:22:42.070Z,2026-10-04T01:22:42.103Z,2026-10-04T01:22:42.107Z,2026-10-04T01:22:42.110Z,2026-10-04T01:22:42.072Z,2026-10-04T01:22:42.076Z,2026-10-04T01:22:42.077Z,2026-10-04T01:22:42.088Z,2026-10-04T01:22:42.100Z,2026-10-04T01:22:42.101Z,2026-10-04T01:22:42.101Z,2026-10-04T01:22:42.137Z,2026-10-04T01:22:42.187Z,2026-10-04T01:22:42.223Z,2026-10-04T01:22:42.237Z,2026-10-04T01:22:42.369Z,2026-10-04T01:22:42.237Z,2026-10-04T01:22:42.282Z,2026-10-04T01:22:42.404Z,2026-10-04T01:22:42.490Z,2026-10-04T01:22:42.557Z,2026-10-04T01:22:42.678Z,2026-10-04T01:22:42.826Z,2026-10-04T01:22:42.826Z,2026-10-04T01:22:42.884Z,33,7,36,167,122,58,2,1,24,12,875.1887999999999,34.725500000000466,7.376500000002125,6.911000000000058,65.66070000000036,155.93540000000212,14.01469999999972,87.47040000000197,120.09139999999752,38.52520000000004,232.10859999999957,106.83099999999831,null,null,null,null,null,null
cmut4z8sh01snxsbkhe54x78k,image-to-video,performance_concurrent_flow,10,2026-10-04T01:22:42.070Z,2026-10-04T01:22:42.134Z,2026-10-04T01:22:42.139Z,2026-10-04T01:22:42.146Z,2026-10-04T01:22:42.073Z,2026-10-04T01:22:42.076Z,2026-10-04T01:22:42.104Z,2026-10-04T01:22:42.115Z,2026-10-04T01:22:42.129Z,2026-10-04T01:22:42.131Z,2026-10-04T01:22:42.131Z,2026-10-04T01:22:42.186Z,2026-10-04T01:22:42.238Z,2026-10-04T01:22:42.277Z,2026-10-04T01:22:42.292Z,2026-10-04T01:22:42.449Z,2026-10-04T01:22:42.292Z,2026-10-04T01:22:42.332Z,2026-10-04T01:22:42.486Z,2026-10-04T01:22:42.545Z,2026-10-04T01:22:42.651Z,2026-10-04T01:22:42.745Z,2026-10-04T01:22:42.880Z,2026-10-04T01:22:42.880Z,2026-10-04T01:22:42.940Z,64,12,39,194,154,60,3,28,27,14,936.6968000000015,66.55519999999888,8.659799999997631,6.664000000000669,86.05229999999938,168.17309999999998,22.148700000001554,71.42269999999917,162.85859999999957,15.946499999998196,206.57920000000013,112.84890000000087,null,null,null,null,null,null
cmut4z8t901ssxsbknxi3u6r4,text-to-video,performance_concurrent_flow,10,2026-10-04T01:22:42.070Z,2026-10-04T01:22:42.162Z,2026-10-04T01:22:42.175Z,2026-10-04T01:22:42.187Z,2026-10-04T01:22:42.074Z,2026-10-04T01:22:42.076Z,2026-10-04T01:22:42.134Z,2026-10-04T01:22:42.143Z,2026-10-04T01:22:42.159Z,2026-10-04T01:22:42.159Z,2026-10-04T01:22:42.159Z,2026-10-04T01:22:42.228Z,2026-10-04T01:22:42.270Z,2026-10-04T01:22:42.299Z,2026-10-04T01:22:42.320Z,2026-10-04T01:22:42.488Z,2026-10-04T01:22:42.320Z,2026-10-04T01:22:42.354Z,2026-10-04T01:22:42.531Z,2026-10-04T01:22:42.587Z,2026-10-04T01:22:42.721Z,2026-10-04T01:22:42.806Z,2026-10-04T01:22:42.938Z,2026-10-04T01:22:42.938Z,2026-10-04T01:22:43.001Z,92,25,29,211,177,63,4,58,25,16,1001.1559000000016,97.78710000000137,10.085699999999633,12.086800000000949,64.33740000000034,181.87189999999828,20.61620000000039,77.15869999999995,179.8650000000016,18.213700000000244,198.73839999999836,121.28570000000036,null,null,null,null,null,null
cmut4z8vi01t2xsbkrqpo547s,text-to-video,performance_concurrent_flow,10,2026-10-04T01:22:42.070Z,2026-10-04T01:22:42.247Z,2026-10-04T01:22:42.261Z,2026-10-04T01:22:42.266Z,2026-10-04T01:22:42.073Z,2026-10-04T01:22:42.076Z,2026-10-04T01:22:42.210Z,2026-10-04T01:22:42.225Z,2026-10-04T01:22:42.239Z,2026-10-04T01:22:42.239Z,2026-10-04T01:22:42.239Z,2026-10-04T01:22:42.317Z,2026-10-04T01:22:42.357Z,2026-10-04T01:22:42.411Z,2026-10-04T01:22:42.428Z,2026-10-04T01:22:42.638Z,2026-10-04T01:22:42.428Z,2026-10-04T01:22:42.479Z,2026-10-04T01:22:42.666Z,2026-10-04T01:22:42.736Z,2026-10-04T01:22:42.813Z,2026-10-04T01:22:42.883Z,2026-10-04T01:22:43.022Z,2026-10-04T01:22:43.022Z,2026-10-04T01:22:43.089Z,177,19,54,238,187,67,3,134,29,14,1067.1608000000015,181.87509999999747,11.751500000002125,14.577100000002247,74.89349999999831,204.4346000000005,33.26469999999972,81.71849999999904,134.77289999999994,14.830799999999726,199.050900000002,101.640199999998,null,null,null,null,null,null
cmut4z8ua01swxsbkv91yov14,image-to-video,performance_concurrent_flow,10,2026-10-04T01:22:42.070Z,2026-10-04T01:22:42.210Z,2026-10-04T01:22:42.217Z,2026-10-04T01:22:42.223Z,2026-10-04T01:22:42.073Z,2026-10-04T01:22:42.076Z,2026-10-04T01:22:42.162Z,2026-10-04T01:22:42.183Z,2026-10-04T01:22:42.200Z,2026-10-04T01:22:42.201Z,2026-10-04T01:22:42.201Z,2026-10-04T01:22:42.273Z,2026-10-04T01:22:42.352Z,2026-10-04T01:22:42.405Z,2026-10-04T01:22:42.428Z,2026-10-04T01:22:42.642Z,2026-10-04T01:22:42.428Z,2026-10-04T01:22:42.478Z,2026-10-04T01:22:42.667Z,2026-10-04T01:22:42.737Z,2026-10-04T01:22:42.815Z,2026-10-04T01:22:42.890Z,2026-10-04T01:22:43.028Z,2026-10-04T01:22:43.028Z,2026-10-04T01:22:43.094Z,140,13,53,239,189,66,3,86,39,17,1070.7681000000011,142.98749999999927,7.868099999999686,15.189000000002125,114.68409999999858,201.5521000000008,29.105599999998958,95.60180000000037,137.35640000000058,17.190299999998388,200.5805999999975,98.50079999999798,null,null,null,null,null,null
cmut4z8wp01t6xsbks4a8pgy6,text-to-video,performance_concurrent_flow,10,2026-10-04T01:22:42.070Z,2026-10-04T01:22:42.287Z,2026-10-04T01:22:42.295Z,2026-10-04T01:22:42.301Z,2026-10-04T01:22:42.074Z,2026-10-04T01:22:42.077Z,2026-10-04T01:22:42.247Z,2026-10-04T01:22:42.267Z,2026-10-04T01:22:42.283Z,2026-10-04T01:22:42.283Z,2026-10-04T01:22:42.283Z,2026-10-04T01:22:42.350Z,2026-10-04T01:22:42.428Z,2026-10-04T01:22:42.506Z,2026-10-04T01:22:42.525Z,2026-10-04T01:22:42.726Z,2026-10-04T01:22:42.525Z,2026-10-04T01:22:42.568Z,2026-10-04T01:22:42.755Z,2026-10-04T01:22:42.820Z,2026-10-04T01:22:42.893Z,2026-10-04T01:22:42.970Z,2026-10-04T01:22:43.112Z,2026-10-04T01:22:43.112Z,2026-10-04T01:22:43.162Z,217,14,78,230,187,50,4,170,36,16,1132.036699999997,221.8761999999988,15.78150000000096,10.843300000000454,110.01250000000073,250.7494000000006,28.255099999998492,66.21039999999994,125.35770000000048,18.389100000000326,196.76450000000114,78.76070000000254,null,null,null,null,null,null
cmut4z8xn01tdxsbkp55dotza,text-to-video,performance_concurrent_flow,10,2026-10-04T01:22:42.070Z,2026-10-04T01:22:42.328Z,2026-10-04T01:22:42.336Z,2026-10-04T01:22:42.343Z,2026-10-04T01:22:42.075Z,2026-10-04T01:22:42.077Z,2026-10-04T01:22:42.287Z,2026-10-04T01:22:42.301Z,2026-10-04T01:22:42.324Z,2026-10-04T01:22:42.324Z,2026-10-04T01:22:42.324Z,2026-10-04T01:22:42.420Z,2026-10-04T01:22:42.496Z,2026-10-04T01:22:42.544Z,2026-10-04T01:22:42.561Z,2026-10-04T01:22:42.778Z,2026-10-04T01:22:42.561Z,2026-10-04T01:22:42.648Z,2026-10-04T01:22:42.819Z,2026-10-04T01:22:42.886Z,2026-10-04T01:22:42.961Z,2026-10-04T01:22:43.051Z,2026-10-04T01:22:43.165Z,2026-10-04T01:22:43.165Z,2026-10-04T01:22:43.208Z,258,15,48,258,171,43,5,210,37,23,1176.9076999999997,261.1165000000001,19.26890000000276,23.815300000002026,116.36350000000311,250.54299999999785,14.97859999999855,72.28989999999976,134.64930000000095,21.19970000000103,179.26369999999952,71.41920000000027,null,null,null,null,null,null
cmut4z8yt01tixsbk15t815f4,text-to-video,performance_concurrent_flow,10,2026-10-04T01:22:42.070Z,2026-10-04T01:22:42.381Z,2026-10-04T01:22:42.389Z,2026-10-04T01:22:42.394Z,2026-10-04T01:22:42.075Z,2026-10-04T01:22:42.078Z,2026-10-04T01:22:42.328Z,2026-10-04T01:22:42.344Z,2026-10-04T01:22:42.369Z,2026-10-04T01:22:42.369Z,2026-10-04T01:22:42.369Z,2026-10-04T01:22:42.471Z,2026-10-04T01:22:42.537Z,2026-10-04T01:22:42.572Z,2026-10-04T01:22:42.589Z,2026-10-04T01:22:42.805Z,2026-10-04T01:22:42.589Z,2026-10-04T01:22:42.680Z,2026-10-04T01:22:42.833Z,2026-10-04T01:22:42.897Z,2026-10-04T01:22:42.969Z,2026-10-04T01:22:43.056Z,2026-10-04T01:22:43.171Z,2026-10-04T01:22:43.171Z,2026-10-04T01:22:43.211Z,311,13,35,244,153,40,5,250,41,25,1176.6154999999999,315.31860000000233,11.158500000001368,30.999799999997776,105.00019999999859,229.95590000000084,26.754499999999098,64.45569999999861,121.10440000000017,18.34690000000046,179.28549999999814,65.31389999999737,null,null,null,null,null,null
cmut4z90d01tnxsbk958knrth,image-to-video,performance_concurrent_flow,10,2026-10-04T01:22:42.070Z,2026-10-04T01:22:42.456Z,2026-10-04T01:22:42.474Z,2026-10-04T01:22:42.488Z,2026-10-04T01:22:42.075Z,2026-10-04T01:22:42.078Z,2026-10-04T01:22:42.381Z,2026-10-04T01:22:42.411Z,2026-10-04T01:22:42.450Z,2026-10-04T01:22:42.452Z,2026-10-04T01:22:42.452Z,2026-10-04T01:22:42.546Z,2026-10-04T01:22:42.694Z,2026-10-04T01:22:42.751Z,2026-10-04T01:22:42.766Z,2026-10-04T01:22:42.947Z,2026-10-04T01:22:42.766Z,2026-10-04T01:22:42.822Z,2026-10-04T01:22:42.979Z,2026-10-04T01:22:43.050Z,2026-10-04T01:22:43.119Z,2026-10-04T01:22:43.178Z,2026-10-04T01:22:43.257Z,2026-10-04T01:22:43.257Z,2026-10-04T01:22:43.286Z,386,32,57,213,157,29,5,303,71,39,1239.2690000000002,398.4121000000014,15.361599999996542,12.583800000000338,195.17090000000098,216.22299999999814,12.812699999998586,65.21730000000025,124.3566000000028,10.819400000000314,123.19130000000223,46.003499999998894,null,null,null,null,null,null
cmut4z92v01twxsbk826owlrc,image-to-video,performance_concurrent_flow,10,2026-10-04T01:22:42.070Z,2026-10-04T01:22:42.529Z,2026-10-04T01:22:42.536Z,2026-10-04T01:22:42.541Z,2026-10-04T01:22:42.075Z,2026-10-04T01:22:42.077Z,2026-10-04T01:22:42.456Z,2026-10-04T01:22:42.489Z,2026-10-04T01:22:42.515Z,2026-10-04T01:22:42.517Z,2026-10-04T01:22:42.518Z,2026-10-04T01:22:42.605Z,2026-10-04T01:22:42.753Z,2026-10-04T01:22:42.804Z,2026-10-04T01:22:42.821Z,2026-10-04T01:22:42.987Z,2026-10-04T01:22:42.821Z,2026-10-04T01:22:42.872Z,2026-10-04T01:22:43.025Z,2026-10-04T01:22:43.096Z,2026-10-04T01:22:43.155Z,2026-10-04T01:22:43.208Z,2026-10-04T01:22:43.280Z,2026-10-04T01:22:43.280Z,2026-10-04T01:22:43.304Z,459,12,51,204,153,24,5,379,61,26,1261.4049000000014,461.28449999999793,12.302599999999074,14.646199999999226,189.32200000000012,202.60900000000038,16.315600000001723,79.30290000000241,108.31820000000153,11.28820000000269,112.59749999999985,43.80669999999736,null,null,null,null,null,null
cmut4z9yg01x8xsbkp9mic6f8,text-to-video,performance_concurrent_flow,10,2026-10-04T01:22:43.610Z,2026-10-04T01:22:43.643Z,2026-10-04T01:22:43.647Z,2026-10-04T01:22:43.651Z,2026-10-04T01:22:43.612Z,2026-10-04T01:22:43.614Z,2026-10-04T01:22:43.616Z,2026-10-04T01:22:43.625Z,2026-10-04T01:22:43.640Z,2026-10-04T01:22:43.640Z,2026-10-04T01:22:43.640Z,2026-10-04T01:22:43.677Z,2026-10-04T01:22:43.703Z,2026-10-04T01:22:43.726Z,2026-10-04T01:22:43.739Z,2026-10-04T01:22:43.818Z,2026-10-04T01:22:43.739Z,2026-10-04T01:22:43.761Z,2026-10-04T01:22:43.834Z,2026-10-04T01:22:43.872Z,2026-10-04T01:22:43.926Z,2026-10-04T01:22:43.988Z,2026-10-04T01:22:44.095Z,2026-10-04T01:22:44.095Z,2026-10-04T01:22:44.142Z,33,8,23,95,73,47,2,2,24,15,579.7619999999988,35.04500000000189,7.898700000001554,5.99630000000252,41.23559999999998,99.58860000000277,7.572000000000116,34.59909999999945,87.42840000000069,10.663400000001275,161.29769999999917,82.24330000000191,null,null,null,null,null,null
cmut4z9zb01xcxsbkifuvl0fc,image-to-video,performance_concurrent_flow,10,2026-10-04T01:22:43.610Z,2026-10-04T01:22:43.672Z,2026-10-04T01:22:43.676Z,2026-10-04T01:22:43.680Z,2026-10-04T01:22:43.612Z,2026-10-04T01:22:43.614Z,2026-10-04T01:22:43.643Z,2026-10-04T01:22:43.656Z,2026-10-04T01:22:43.668Z,2026-10-04T01:22:43.670Z,2026-10-04T01:22:43.670Z,2026-10-04T01:22:43.708Z,2026-10-04T01:22:43.750Z,2026-10-04T01:22:43.769Z,2026-10-04T01:22:43.782Z,2026-10-04T01:22:43.878Z,2026-10-04T01:22:43.782Z,2026-10-04T01:22:43.809Z,2026-10-04T01:22:43.902Z,2026-10-04T01:22:43.947Z,2026-10-04T01:22:44.009Z,2026-10-04T01:22:44.069Z,2026-10-04T01:22:44.183Z,2026-10-04T01:22:44.183Z,2026-10-04T01:22:44.240Z,62,8,19,120,93,57,2,29,27,12,678.6441000000013,64.2484000000004,6.467899999999645,8.093600000000151,58.389899999998306,107.17280000000028,10.031100000000151,47.01640000000043,102.9458999999988,11.27270000000135,158.60299999999916,98.38680000000022,null,null,null,null,null,null
cmut4za0401xhxsbk8qzzmcud,image-to-video,performance_concurrent_flow,10,2026-10-04T01:22:43.610Z,2026-10-04T01:22:43.706Z,2026-10-04T01:22:43.710Z,2026-10-04T01:22:43.715Z,2026-10-04T01:22:43.612Z,2026-10-04T01:22:43.614Z,2026-10-04T01:22:43.673Z,2026-10-04T01:22:43.685Z,2026-10-04T01:22:43.701Z,2026-10-04T01:22:43.702Z,2026-10-04T01:22:43.702Z,2026-10-04T01:22:43.745Z,2026-10-04T01:22:43.786Z,2026-10-04T01:22:43.811Z,2026-10-04T01:22:43.824Z,2026-10-04T01:22:43.934Z,2026-10-04T01:22:43.824Z,2026-10-04T01:22:43.852Z,2026-10-04T01:22:43.960Z,2026-10-04T01:22:44.011Z,2026-10-04T01:22:44.067Z,2026-10-04T01:22:44.131Z,2026-10-04T01:22:44.247Z,2026-10-04T01:22:44.247Z,2026-10-04T01:22:44.293Z,96,9,25,136,108,46,2,59,29,16,732.910899999999,97.51050000000032,9.159300000002986,7.132100000002538,58.90190000000075,122.9965000000011,14.986300000000483,52.000199999998586,99.04290000000037,11.142800000001444,165.747800000001,87.20200000000114,null,null,null,null,null,null
cmut4za1201xmxsbkevhgdf9a,image-to-video,performance_concurrent_flow,10,2026-10-04T01:22:43.610Z,2026-10-04T01:22:43.738Z,2026-10-04T01:22:43.742Z,2026-10-04T01:22:43.747Z,2026-10-04T01:22:43.613Z,2026-10-04T01:22:43.614Z,2026-10-04T01:22:43.706Z,2026-10-04T01:22:43.720Z,2026-10-04T01:22:43.734Z,2026-10-04T01:22:43.735Z,2026-10-04T01:22:43.735Z,2026-10-04T01:22:43.778Z,2026-10-04T01:22:43.824Z,2026-10-04T01:22:43.851Z,2026-10-04T01:22:43.865Z,2026-10-04T01:22:43.992Z,2026-10-04T01:22:43.865Z,2026-10-04T01:22:43.903Z,2026-10-04T01:22:44.022Z,2026-10-04T01:22:44.068Z,2026-10-04T01:22:44.130Z,2026-10-04T01:22:44.192Z,2026-10-04T01:22:44.312Z,2026-10-04T01:22:44.312Z,2026-10-04T01:22:44.356Z,128,9,27,157,119,44,3,92,29,14,790.313100000003,129.4357999999993,7.077400000001944,7.481700000000274,66.46260000000257,144.9266000000025,13.490799999999581,53.03339999999662,98.97940000000017,17.389900000001944,165.86710000000312,78.90990000000238,null,null,null,null,null,null
cmut4za1x01xsxsbkpj6lauvj,image-to-video,performance_concurrent_flow,10,2026-10-04T01:22:43.610Z,2026-10-04T01:22:43.768Z,2026-10-04T01:22:43.772Z,2026-10-04T01:22:43.778Z,2026-10-04T01:22:43.612Z,2026-10-04T01:22:43.615Z,2026-10-04T01:22:43.738Z,2026-10-04T01:22:43.751Z,2026-10-04T01:22:43.763Z,2026-10-04T01:22:43.765Z,2026-10-04T01:22:43.765Z,2026-10-04T01:22:43.809Z,2026-10-04T01:22:43.861Z,2026-10-04T01:22:43.894Z,2026-10-04T01:22:43.910Z,2026-10-04T01:22:44.045Z,2026-10-04T01:22:43.910Z,2026-10-04T01:22:43.948Z,2026-10-04T01:22:44.069Z,2026-10-04T01:22:44.125Z,2026-10-04T01:22:44.178Z,2026-10-04T01:22:44.247Z,2026-10-04T01:22:44.345Z,2026-10-04T01:22:44.345Z,2026-10-04T01:22:44.389Z,158,10,33,159,121,44,2,123,27,12,814.2744999999995,159.43669999999838,6.108800000001793,8.732499999998254,71.10919999999896,162.41660000000047,12.128700000001118,48.49850000000151,98.81979999999749,11.653900000001158,156.44670000000042,70.76719999999841,null,null,null,null,null,null
cmut4za2q01xzxsbkl52rnwo1,text-to-video,performance_concurrent_flow,10,2026-10-04T01:22:43.610Z,2026-10-04T01:22:43.797Z,2026-10-04T01:22:43.802Z,2026-10-04T01:22:43.806Z,2026-10-04T01:22:43.613Z,2026-10-04T01:22:43.615Z,2026-10-04T01:22:43.768Z,2026-10-04T01:22:43.780Z,2026-10-04T01:22:43.794Z,2026-10-04T01:22:43.794Z,2026-10-04T01:22:43.794Z,2026-10-04T01:22:43.840Z,2026-10-04T01:22:43.882Z,2026-10-04T01:22:43.912Z,2026-10-04T01:22:43.926Z,2026-10-04T01:22:44.059Z,2026-10-04T01:22:43.926Z,2026-10-04T01:22:43.966Z,2026-10-04T01:22:44.082Z,2026-10-04T01:22:44.138Z,2026-10-04T01:22:44.191Z,2026-10-04T01:22:44.263Z,2026-10-04T01:22:44.365Z,2026-10-04T01:22:44.365Z,2026-10-04T01:22:44.407Z,187,9,30,156,116,42,3,153,26,14,833.8793000000005,188.71770000000106,8.137699999999313,8.277600000001257,63.41060000000289,154.95920000000115,13.048900000001595,46.66869999999835,106.14329999999973,17.036400000000867,148.6309000000001,71.10499999999956,null,null,null,null,null,null
cmut4za3h01y4xsbk4h0e1t1z,text-to-video,performance_concurrent_flow,10,2026-10-04T01:22:43.610Z,2026-10-04T01:22:43.828Z,2026-10-04T01:22:43.833Z,2026-10-04T01:22:43.837Z,2026-10-04T01:22:43.613Z,2026-10-04T01:22:43.615Z,2026-10-04T01:22:43.797Z,2026-10-04T01:22:43.811Z,2026-10-04T01:22:43.825Z,2026-10-04T01:22:43.825Z,2026-10-04T01:22:43.825Z,2026-10-04T01:22:43.879Z,2026-10-04T01:22:43.919Z,2026-10-04T01:22:43.956Z,2026-10-04T01:22:43.973Z,2026-10-04T01:22:44.122Z,2026-10-04T01:22:43.973Z,2026-10-04T01:22:44.015Z,2026-10-04T01:22:44.145Z,2026-10-04T01:22:44.204Z,2026-10-04T01:22:44.270Z,2026-10-04T01:22:44.330Z,2026-10-04T01:22:44.421Z,2026-10-04T01:22:44.421Z,2026-10-04T01:22:44.454Z,218,9,37,172,130,33,3,182,28,14,873.1193999999996,220.1857999999993,9.520700000000943,9.767400000000634,68.72430000000168,176.4411,14.304299999999785,55.183499999999185,108.16849999999977,11.391999999999825,138.8754000000008,54.0483000000022,null,null,null,null,null,null
cmut4za4g01y9xsbkjnemrz7j,image-to-video,performance_concurrent_flow,10,2026-10-04T01:22:43.610Z,2026-10-04T01:22:43.864Z,2026-10-04T01:22:43.871Z,2026-10-04T01:22:43.881Z,2026-10-04T01:22:43.613Z,2026-10-04T01:22:43.615Z,2026-10-04T01:22:43.828Z,2026-10-04T01:22:43.842Z,2026-10-04T01:22:43.860Z,2026-10-04T01:22:43.861Z,2026-10-04T01:22:43.862Z,2026-10-04T01:22:43.924Z,2026-10-04T01:22:44.000Z,2026-10-04T01:22:44.044Z,2026-10-04T01:22:44.063Z,2026-10-04T01:22:44.206Z,2026-10-04T01:22:44.063Z,2026-10-04T01:22:44.106Z,2026-10-04T01:22:44.239Z,2026-10-04T01:22:44.288Z,2026-10-04T01:22:44.343Z,2026-10-04T01:22:44.397Z,2026-10-04T01:22:44.471Z,2026-10-04T01:22:44.471Z,2026-10-04T01:22:44.497Z,254,17,44,176,133,26,3,213,33,18,912.3891999999978,257.4367999999995,9.804599999999482,9.952599999996892,110.83070000000225,165.8846999999987,8.8096000000005,72.88969999999972,91.72839999999997,11.92580000000089,114.50509999999849,45.159999999999854,null,null,null,null,null,null
cmut4za5n01ygxsbkbrrswfw9,text-to-video,performance_concurrent_flow,10,2026-10-04T01:22:43.610Z,2026-10-04T01:22:43.915Z,2026-10-04T01:22:43.922Z,2026-10-04T01:22:43.928Z,2026-10-04T01:22:43.613Z,2026-10-04T01:22:43.615Z,2026-10-04T01:22:43.864Z,2026-10-04T01:22:43.885Z,2026-10-04T01:22:43.911Z,2026-10-04T01:22:43.911Z,2026-10-04T01:22:43.911Z,2026-10-04T01:22:43.980Z,2026-10-04T01:22:44.031Z,2026-10-04T01:22:44.067Z,2026-10-04T01:22:44.082Z,2026-10-04T01:22:44.227Z,2026-10-04T01:22:44.082Z,2026-10-04T01:22:44.128Z,2026-10-04T01:22:44.257Z,2026-10-04T01:22:44.311Z,2026-10-04T01:22:44.363Z,2026-10-04T01:22:44.418Z,2026-10-04T01:22:44.487Z,2026-10-04T01:22:44.487Z,2026-10-04T01:22:44.511Z,305,13,36,175,129,24,3,249,47,26,926.3673999999992,307.77790000000095,11.507499999999709,12.125099999997474,83.85060000000158,160.74209999999948,20.506199999999808,62.24790000000212,92.96099999999933,15.350500000000466,103.72290000000066,44.85860000000321,null,null,null,null,null,null
cmut4za6u01ypxsbk9ug723ha,text-to-video,performance_concurrent_flow,10,2026-10-04T01:22:43.610Z,2026-10-04T01:22:43.953Z,2026-10-04T01:22:43.960Z,2026-10-04T01:22:43.965Z,2026-10-04T01:22:43.614Z,2026-10-04T01:22:43.615Z,2026-10-04T01:22:43.914Z,2026-10-04T01:22:43.928Z,2026-10-04T01:22:43.947Z,2026-10-04T01:22:43.947Z,2026-10-04T01:22:43.947Z,2026-10-04T01:22:44.019Z,2026-10-04T01:22:44.065Z,2026-10-04T01:22:44.111Z,2026-10-04T01:22:44.127Z,2026-10-04T01:22:44.261Z,2026-10-04T01:22:44.127Z,2026-10-04T01:22:44.163Z,2026-10-04T01:22:44.287Z,2026-10-04T01:22:44.334Z,2026-10-04T01:22:44.391Z,2026-10-04T01:22:44.438Z,2026-10-04T01:22:44.499Z,2026-10-04T01:22:44.499Z,2026-10-04T01:22:44.525Z,343,12,46,160,124,26,4,299,33,19,944.670299999998,345.3639000000003,14.84690000000046,10.90690000000177,79.79479999999967,171.7484000000004,13.31079999999929,49.749400000000605,93.15439999999944,9.700799999998708,96.13839999999982,50.72680000000037,null,null,null,null,null,null
cmut4zbbz023sxsbkor8wjev5,text-to-video,performance_concurrent_flow,20,2026-10-04T01:22:45.389Z,2026-10-04T01:22:45.424Z,2026-10-04T01:22:45.430Z,2026-10-04T01:22:45.435Z,2026-10-04T01:22:45.392Z,2026-10-04T01:22:45.397Z,2026-10-04T01:22:45.400Z,2026-10-04T01:22:45.409Z,2026-10-04T01:22:45.422Z,2026-10-04T01:22:45.422Z,2026-10-04T01:22:45.422Z,2026-10-04T01:22:45.488Z,2026-10-04T01:22:45.515Z,2026-10-04T01:22:45.538Z,2026-10-04T01:22:45.550Z,2026-10-04T01:22:45.639Z,2026-10-04T01:22:45.550Z,2026-10-04T01:22:45.576Z,2026-10-04T01:22:45.662Z,2026-10-04T01:22:45.726Z,2026-10-04T01:22:45.803Z,2026-10-04T01:22:45.894Z,2026-10-04T01:22:46.066Z,2026-10-04T01:22:46.066Z,2026-10-04T01:22:46.150Z,35,11,23,112,86,84,3,3,22,13,856.9930999999997,39.606700000000274,6.599799999999959,5.761800000000221,72.90829999999914,103.11590000000069,10.524500000003172,45.37119999999777,135.4385000000002,19.409299999999348,246.5756999999976,165.6180000000022,null,null,null,null,null,null
cmut4zbcq023wxsbkqdwty5sh,text-to-video,performance_concurrent_flow,20,2026-10-04T01:22:45.389Z,2026-10-04T01:22:45.455Z,2026-10-04T01:22:45.459Z,2026-10-04T01:22:45.464Z,2026-10-04T01:22:45.393Z,2026-10-04T01:22:45.397Z,2026-10-04T01:22:45.425Z,2026-10-04T01:22:45.436Z,2026-10-04T01:22:45.449Z,2026-10-04T01:22:45.449Z,2026-10-04T01:22:45.449Z,2026-10-04T01:22:45.499Z,2026-10-04T01:22:45.530Z,2026-10-04T01:22:45.550Z,2026-10-04T01:22:45.564Z,2026-10-04T01:22:45.664Z,2026-10-04T01:22:45.564Z,2026-10-04T01:22:45.590Z,2026-10-04T01:22:45.690Z,2026-10-04T01:22:45.800Z,2026-10-04T01:22:45.896Z,2026-10-04T01:22:45.997Z,2026-10-04T01:22:46.174Z,2026-10-04T01:22:46.174Z,2026-10-04T01:22:46.268Z,66,9,20,126,100,94,4,28,24,13,979.3752999999997,67.95029999999679,7.964899999999034,13.880499999999302,47.62749999999869,113.10280000000057,11.199599999999919,87.45729999999821,166.2527000000009,19.296900000001187,263.65859999999884,174.34760000000097,null,null,null,null,null,null
cmut4zbdm0240xsbk13lkl3f4,image-to-video,performance_concurrent_flow,20,2026-10-04T01:22:45.389Z,2026-10-04T01:22:45.491Z,2026-10-04T01:22:45.495Z,2026-10-04T01:22:45.499Z,2026-10-04T01:22:45.393Z,2026-10-04T01:22:45.397Z,2026-10-04T01:22:45.456Z,2026-10-04T01:22:45.468Z,2026-10-04T01:22:45.487Z,2026-10-04T01:22:45.488Z,2026-10-04T01:22:45.489Z,2026-10-04T01:22:45.529Z,2026-10-04T01:22:45.574Z,2026-10-04T01:22:45.600Z,2026-10-04T01:22:45.613Z,2026-10-04T01:22:45.754Z,2026-10-04T01:22:45.613Z,2026-10-04T01:22:45.643Z,2026-10-04T01:22:45.800Z,2026-10-04T01:22:45.878Z,2026-10-04T01:22:45.972Z,2026-10-04T01:22:46.065Z,2026-10-04T01:22:46.256Z,2026-10-04T01:22:46.256Z,2026-10-04T01:22:46.354Z,102,8,26,187,157,98,4,59,32,19,1082.8784000000014,103.5128999999979,8.032300000002579,6.111199999999371,65.3836999999985,148.18929999999818,14.119699999999284,88.3872999999985,156.41439999999784,18.1916999999994,269.19500000000335,198.90899999999965,null,null,null,null,null,null
cmut4zbej0245xsbkogw0w9om,text-to-video,performance_concurrent_flow,20,2026-10-04T01:22:45.389Z,2026-10-04T01:22:45.520Z,2026-10-04T01:22:45.525Z,2026-10-04T01:22:45.529Z,2026-10-04T01:22:45.393Z,2026-10-04T01:22:45.398Z,2026-10-04T01:22:45.491Z,2026-10-04T01:22:45.500Z,2026-10-04T01:22:45.514Z,2026-10-04T01:22:45.515Z,2026-10-04T01:22:45.515Z,2026-10-04T01:22:45.557Z,2026-10-04T01:22:45.588Z,2026-10-04T01:22:45.612Z,2026-10-04T01:22:45.626Z,2026-10-04T01:22:45.779Z,2026-10-04T01:22:45.626Z,2026-10-04T01:22:45.661Z,2026-10-04T01:22:45.814Z,2026-10-04T01:22:45.891Z,2026-10-04T01:22:45.993Z,2026-10-04T01:22:46.097Z,2026-10-04T01:22:46.300Z,2026-10-04T01:22:46.300Z,2026-10-04T01:22:46.406Z,131,9,24,188,153,106,4,93,24,14,1118.5257999999994,132.96709999999803,7.0768000000025495,6.097799999999552,48.39480000000185,162.7453999999998,15.915199999999459,72.21570000000065,167.26430000000255,21.19670000000042,291.6602000000021,185.64679999999862,null,null,null,null,null,null
cmut4zbff0249xsbkxrl2jvqp,image-to-video,performance_concurrent_flow,20,2026-10-04T01:22:45.389Z,2026-10-04T01:22:45.549Z,2026-10-04T01:22:45.554Z,2026-10-04T01:22:45.557Z,2026-10-04T01:22:45.393Z,2026-10-04T01:22:45.398Z,2026-10-04T01:22:45.520Z,2026-10-04T01:22:45.533Z,2026-10-04T01:22:45.545Z,2026-10-04T01:22:45.546Z,2026-10-04T01:22:45.546Z,2026-10-04T01:22:45.592Z,2026-10-04T01:22:45.646Z,2026-10-04T01:22:45.684Z,2026-10-04T01:22:45.703Z,2026-10-04T01:22:45.899Z,2026-10-04T01:22:45.703Z,2026-10-04T01:22:45.763Z,2026-10-04T01:22:45.945Z,2026-10-04T01:22:46.026Z,2026-10-04T01:22:46.128Z,2026-10-04T01:22:46.249Z,2026-10-04T01:22:46.481Z,2026-10-04T01:22:46.481Z,2026-10-04T01:22:46.587Z,160,8,38,242,182,106,4,122,26,12,1296.006699999998,162.53780000000188,7.088399999996909,8.423399999999674,77.67779999999766,220.1823000000004,19.261399999999412,84.81359999999768,177.14129999999932,20.994300000002113,327.65399999999863,184.41100000000006,null,null,null,null,null,null
cmut4zbg8024gxsbkx1lciv0g,image-to-video,performance_concurrent_flow,20,2026-10-04T01:22:45.389Z,2026-10-04T01:22:45.582Z,2026-10-04T01:22:45.586Z,2026-10-04T01:22:45.591Z,2026-10-04T01:22:45.394Z,2026-10-04T01:22:45.398Z,2026-10-04T01:22:45.549Z,2026-10-04T01:22:45.561Z,2026-10-04T01:22:45.576Z,2026-10-04T01:22:45.578Z,2026-10-04T01:22:45.578Z,2026-10-04T01:22:45.629Z,2026-10-04T01:22:45.700Z,2026-10-04T01:22:45.753Z,2026-10-04T01:22:45.771Z,2026-10-04T01:22:45.970Z,2026-10-04T01:22:45.771Z,2026-10-04T01:22:45.827Z,2026-10-04T01:22:46.014Z,2026-10-04T01:22:46.091Z,2026-10-04T01:22:46.214Z,2026-10-04T01:22:46.331Z,2026-10-04T01:22:46.565Z,2026-10-04T01:22:46.565Z,2026-10-04T01:22:46.659Z,193,9,53,243,187,94,5,151,29,15,1363.5581999999995,194.35189999999784,10.442800000000716,8.69260000000213,95.12130000000252,234.0084999999999,19.783300000002782,83.44020000000091,185.95210000000225,22.35399999999936,332.28610000000117,170.06850000000122,null,null,null,null,null,null
cmut4zbh2024nxsbk5rh47qzh,text-to-video,performance_concurrent_flow,20,2026-10-04T01:22:45.389Z,2026-10-04T01:22:45.615Z,2026-10-04T01:22:45.620Z,2026-10-04T01:22:45.625Z,2026-10-04T01:22:45.394Z,2026-10-04T01:22:45.398Z,2026-10-04T01:22:45.582Z,2026-10-04T01:22:45.593Z,2026-10-04T01:22:45.612Z,2026-10-04T01:22:45.612Z,2026-10-04T01:22:45.612Z,2026-10-04T01:22:45.670Z,2026-10-04T01:22:45.735Z,2026-10-04T01:22:45.786Z,2026-10-04T01:22:45.804Z,2026-10-04T01:22:46.007Z,2026-10-04T01:22:45.804Z,2026-10-04T01:22:45.863Z,2026-10-04T01:22:46.055Z,2026-10-04T01:22:46.145Z,2026-10-04T01:22:46.257Z,2026-10-04T01:22:46.385Z,2026-10-04T01:22:46.618Z,2026-10-04T01:22:46.618Z,2026-10-04T01:22:46.700Z,226,10,51,251,192,82,5,184,30,19,1405.6061000000009,227.43929999999818,10.374700000000303,10.91139999999723,95.22620000000097,238.39830000000075,18.0766999999978,87.4594999999972,188.33890000000247,26.316100000000006,335.82700000000114,159.0659999999989,null,null,null,null,null,null
cmut4zbi1024txsbk2qzoi8v3,text-to-video,performance_concurrent_flow,20,2026-10-04T01:22:45.389Z,2026-10-04T01:22:45.650Z,2026-10-04T01:22:45.657Z,2026-10-04T01:22:45.662Z,2026-10-04T01:22:45.394Z,2026-10-04T01:22:45.398Z,2026-10-04T01:22:45.615Z,2026-10-04T01:22:45.627Z,2026-10-04T01:22:45.645Z,2026-10-04T01:22:45.645Z,2026-10-04T01:22:45.645Z,2026-10-04T01:22:45.733Z,2026-10-04T01:22:45.802Z,2026-10-04T01:22:45.855Z,2026-10-04T01:22:45.874Z,2026-10-04T01:22:46.093Z,2026-10-04T01:22:45.874Z,2026-10-04T01:22:45.940Z,2026-10-04T01:22:46.144Z,2026-10-04T01:22:46.238Z,2026-10-04T01:22:46.355Z,2026-10-04T01:22:46.492Z,2026-10-04T01:22:46.701Z,2026-10-04T01:22:46.701Z,2026-10-04T01:22:46.799Z,261,12,53,270,204,98,5,217,30,18,1498.563900000001,263.09579999999914,11.736899999999878,17.037199999998847,118.08629999999903,252.94970000000103,20.432400000001508,91.50849999999991,201.9948000000004,33.793900000000576,311.2970999999998,167.0659999999989,null,null,null,null,null,null
cmut4zbj1024zxsbkmqcgqgbl,text-to-video,performance_concurrent_flow,20,2026-10-04T01:22:45.389Z,2026-10-04T01:22:45.695Z,2026-10-04T01:22:45.703Z,2026-10-04T01:22:45.713Z,2026-10-04T01:22:45.394Z,2026-10-04T01:22:45.398Z,2026-10-04T01:22:45.650Z,2026-10-04T01:22:45.664Z,2026-10-04T01:22:45.687Z,2026-10-04T01:22:45.687Z,2026-10-04T01:22:45.687Z,2026-10-04T01:22:45.784Z,2026-10-04T01:22:45.857Z,2026-10-04T01:22:45.919Z,2026-10-04T01:22:45.940Z,2026-10-04T01:22:46.195Z,2026-10-04T01:22:45.940Z,2026-10-04T01:22:46.009Z,2026-10-04T01:22:46.243Z,2026-10-04T01:22:46.342Z,2026-10-04T01:22:46.469Z,2026-10-04T01:22:46.610Z,2026-10-04T01:22:46.802Z,2026-10-04T01:22:46.802Z,2026-10-04T01:22:46.890Z,306,18,62,303,234,88,5,252,37,23,1582.339100000001,308.65390000000116,20.69800000000032,14.468700000001263,115.77200000000084,295.1288999999997,21.472200000000157,93.21860000000015,212.89719999999943,41.96470000000045,290.47989999999845,152.00889999999708,null,null,null,null,null,null
cmut4zbkp0254xsbkq7f83v9c,image-to-video,performance_concurrent_flow,20,2026-10-04T01:22:45.389Z,2026-10-04T01:22:45.762Z,2026-10-04T01:22:45.769Z,2026-10-04T01:22:45.777Z,2026-10-04T01:22:45.395Z,2026-10-04T01:22:45.398Z,2026-10-04T01:22:45.695Z,2026-10-04T01:22:45.724Z,2026-10-04T01:22:45.753Z,2026-10-04T01:22:45.756Z,2026-10-04T01:22:45.756Z,2026-10-04T01:22:45.852Z,2026-10-04T01:22:45.971Z,2026-10-04T01:22:46.033Z,2026-10-04T01:22:46.052Z,2026-10-04T01:22:46.298Z,2026-10-04T01:22:46.052Z,2026-10-04T01:22:46.125Z,2026-10-04T01:22:46.358Z,2026-10-04T01:22:46.473Z,2026-10-04T01:22:46.598Z,2026-10-04T01:22:46.712Z,2026-10-04T01:22:46.908Z,2026-10-04T01:22:46.908Z,2026-10-04T01:22:46.985Z,373,15,62,306,233,77,6,297,61,29,1661.3771000000015,375.1873999999989,17.269099999997707,17.634900000000926,167.1391999999978,281.4035999999978,26.042099999998754,113.94940000000133,214.35640000000058,24.41569999999774,287.2523000000001,123.93579999999929,null,null,null,null,null,null
cmut4zbma025dxsbkwvypvxs1,text-to-video,performance_concurrent_flow,20,2026-10-04T01:22:45.389Z,2026-10-04T01:22:45.819Z,2026-10-04T01:22:45.829Z,2026-10-04T01:22:45.837Z,2026-10-04T01:22:45.395Z,2026-10-04T01:22:45.399Z,2026-10-04T01:22:45.762Z,2026-10-04T01:22:45.782Z,2026-10-04T01:22:45.812Z,2026-10-04T01:22:45.812Z,2026-10-04T01:22:45.812Z,2026-10-04T01:22:45.915Z,2026-10-04T01:22:45.994Z,2026-10-04T01:22:46.056Z,2026-10-04T01:22:46.074Z,2026-10-04T01:22:46.329Z,2026-10-04T01:22:46.074Z,2026-10-04T01:22:46.154Z,2026-10-04T01:22:46.381Z,2026-10-04T01:22:46.541Z,2026-10-04T01:22:46.662Z,2026-10-04T01:22:46.781Z,2026-10-04T01:22:46.968Z,2026-10-04T01:22:46.968Z,2026-10-04T01:22:47.037Z,430,18,62,307,227,69,6,363,50,30,1715.227799999997,434.29899999999907,20.772100000001956,16.879899999999907,126.27479999999923,286.627800000002,25.372699999999895,136.2494000000006,230.32949999999983,19.39719999999943,284.063299999998,120.89740000000165,null,null,null,null,null,null
cmut4zbo2025lxsbkgh1r2uac,image-to-video,performance_concurrent_flow,20,2026-10-04T01:22:45.389Z,2026-10-04T01:22:45.889Z,2026-10-04T01:22:45.899Z,2026-10-04T01:22:45.907Z,2026-10-04T01:22:45.395Z,2026-10-04T01:22:45.399Z,2026-10-04T01:22:45.820Z,2026-10-04T01:22:45.845Z,2026-10-04T01:22:45.879Z,2026-10-04T01:22:45.881Z,2026-10-04T01:22:45.882Z,2026-10-04T01:22:45.995Z,2026-10-04T01:22:46.118Z,2026-10-04T01:22:46.191Z,2026-10-04T01:22:46.213Z,2026-10-04T01:22:46.505Z,2026-10-04T01:22:46.213Z,2026-10-04T01:22:46.290Z,2026-10-04T01:22:46.567Z,2026-10-04T01:22:46.664Z,2026-10-04T01:22:46.775Z,2026-10-04T01:22:46.889Z,2026-10-04T01:22:47.051Z,2026-10-04T01:22:47.051Z,2026-10-04T01:22:47.118Z,500,18,73,354,277,67,6,421,61,34,1788.6926999999996,503.7926000000007,21.285100000000966,25.05159999999887,178.42599999999948,333.2462000000014,25.597999999998137,113.96099999999933,188.90820000000167,23.188900000001013,247.3806999999979,113.43050000000221,null,null,null,null,null,null
cmut4zbpu025uxsbken2ifhh9,text-to-video,performance_concurrent_flow,20,2026-10-04T01:22:45.389Z,2026-10-04T01:22:45.955Z,2026-10-04T01:22:45.965Z,2026-10-04T01:22:45.978Z,2026-10-04T01:22:45.395Z,2026-10-04T01:22:45.399Z,2026-10-04T01:22:45.889Z,2026-10-04T01:22:45.909Z,2026-10-04T01:22:45.947Z,2026-10-04T01:22:45.947Z,2026-10-04T01:22:45.947Z,2026-10-04T01:22:46.060Z,2026-10-04T01:22:46.147Z,2026-10-04T01:22:46.216Z,2026-10-04T01:22:46.233Z,2026-10-04T01:22:46.519Z,2026-10-04T01:22:46.233Z,2026-10-04T01:22:46.307Z,2026-10-04T01:22:46.584Z,2026-10-04T01:22:46.678Z,2026-10-04T01:22:46.793Z,2026-10-04T01:22:46.905Z,2026-10-04T01:22:47.059Z,2026-10-04T01:22:47.059Z,2026-10-04T01:22:47.125Z,566,23,69,351,277,66,6,490,58,38,1791.9184000000023,568.9772000000012,18.341599999999744,21.43419999999969,136.8325999999979,318.116399999999,23.95219999999972,122.67630000000281,189.83959999999934,27.441899999997986,234.53510000000097,110.14159999999902,null,null,null,null,null,null
cmut4zbrx0262xsbkf2e0cff0,image-to-video,performance_concurrent_flow,20,2026-10-04T01:22:45.389Z,2026-10-04T01:22:46.029Z,2026-10-04T01:22:46.040Z,2026-10-04T01:22:46.050Z,2026-10-04T01:22:45.396Z,2026-10-04T01:22:45.399Z,2026-10-04T01:22:45.954Z,2026-10-04T01:22:45.985Z,2026-10-04T01:22:46.018Z,2026-10-04T01:22:46.021Z,2026-10-04T01:22:46.021Z,2026-10-04T01:22:46.146Z,2026-10-04T01:22:46.285Z,2026-10-04T01:22:46.361Z,2026-10-04T01:22:46.386Z,2026-10-04T01:22:46.671Z,2026-10-04T01:22:46.386Z,2026-10-04T01:22:46.485Z,2026-10-04T01:22:46.722Z,2026-10-04T01:22:46.818Z,2026-10-04T01:22:46.926Z,2026-10-04T01:22:47.016Z,2026-10-04T01:22:47.153Z,2026-10-04T01:22:47.153Z,2026-10-04T01:22:47.209Z,640,21,76,336,237,56,7,555,67,33,1870.632700000002,644.2805000000008,25.959999999999127,21.78349999999773,195.6229999999996,342.7481000000007,24.983899999999267,99.55840000000171,182.46069999999963,20.002400000001217,200.58810000000085,96.04399999999805,null,null,null,null,null,null
cmut4zbty026cxsbkx1gs5aat,image-to-video,performance_concurrent_flow,20,2026-10-04T01:22:45.389Z,2026-10-04T01:22:46.103Z,2026-10-04T01:22:46.118Z,2026-10-04T01:22:46.131Z,2026-10-04T01:22:45.396Z,2026-10-04T01:22:45.399Z,2026-10-04T01:22:46.029Z,2026-10-04T01:22:46.057Z,2026-10-04T01:22:46.092Z,2026-10-04T01:22:46.097Z,2026-10-04T01:22:46.097Z,2026-10-04T01:22:46.226Z,2026-10-04T01:22:46.376Z,2026-10-04T01:22:46.459Z,2026-10-04T01:22:46.485Z,2026-10-04T01:22:46.750Z,2026-10-04T01:22:46.485Z,2026-10-04T01:22:46.572Z,2026-10-04T01:22:46.797Z,2026-10-04T01:22:46.892Z,2026-10-04T01:22:46.989Z,2026-10-04T01:22:47.072Z,2026-10-04T01:22:47.205Z,2026-10-04T01:22:47.205Z,2026-10-04T01:22:47.258Z,714,28,83,312,225,53,7,630,68,35,1907.0600000000013,720.1896000000015,23.14809999999852,20.49109999999928,213.21129999999903,323.0799999999981,23.607599999999366,101.79209999999875,169.44190000000162,15.750599999999395,193.4989999999998,81.29279999999926,null,null,null,null,null,null
cmut4zbvy026mxsbk9ec6skav,text-to-video,performance_concurrent_flow,20,2026-10-04T01:22:45.389Z,2026-10-04T01:22:46.176Z,2026-10-04T01:22:46.191Z,2026-10-04T01:22:46.202Z,2026-10-04T01:22:45.396Z,2026-10-04T01:22:45.399Z,2026-10-04T01:22:46.104Z,2026-10-04T01:22:46.133Z,2026-10-04T01:22:46.169Z,2026-10-04T01:22:46.169Z,2026-10-04T01:22:46.169Z,2026-10-04T01:22:46.299Z,2026-10-04T01:22:46.407Z,2026-10-04T01:22:46.504Z,2026-10-04T01:22:46.535Z,2026-10-04T01:22:46.778Z,2026-10-04T01:22:46.535Z,2026-10-04T01:22:46.613Z,2026-10-04T01:22:46.826Z,2026-10-04T01:22:46.914Z,2026-10-04T01:22:47.006Z,2026-10-04T01:22:47.093Z,2026-10-04T01:22:47.215Z,2026-10-04T01:22:47.215Z,2026-10-04T01:22:47.265Z,787,26,97,291,213,50,7,705,65,36,1915.8963000000003,792.4058000000005,21.709600000001956,22.691100000000006,170.1661000000022,328.26770000000033,21.004799999998795,94.2422000000006,157.6179000000011,17.83430000000226,191.54910000000018,77.5802999999978,null,null,null,null,null,null
cmut4zbyc026xxsbka05zkhvs,image-to-video,performance_concurrent_flow,20,2026-10-04T01:22:45.389Z,2026-10-04T01:22:46.275Z,2026-10-04T01:22:46.289Z,2026-10-04T01:22:46.301Z,2026-10-04T01:22:45.395Z,2026-10-04T01:22:45.399Z,2026-10-04T01:22:46.177Z,2026-10-04T01:22:46.217Z,2026-10-04T01:22:46.262Z,2026-10-04T01:22:46.266Z,2026-10-04T01:22:46.266Z,2026-10-04T01:22:46.412Z,2026-10-04T01:22:46.579Z,2026-10-04T01:22:46.653Z,2026-10-04T01:22:46.673Z,2026-10-04T01:22:46.917Z,2026-10-04T01:22:46.673Z,2026-10-04T01:22:46.754Z,2026-10-04T01:22:46.963Z,2026-10-04T01:22:47.032Z,2026-10-04T01:22:47.112Z,2026-10-04T01:22:47.185Z,2026-10-04T01:22:47.290Z,2026-10-04T01:22:47.290Z,2026-10-04T01:22:47.327Z,886,26,74,290,209,37,6,778,89,45,1972.3117999999995,891.5796000000009,28.858100000001286,22.49659999999858,238.16709999999875,294.47420000000056,20.94670000000042,82.24549999999726,135.60999999999694,15.931899999999587,158.21130000000267,63.123999999999796,null,null,null,null,null,null
cmut4zc0p0277xsbkdr247syn,text-to-video,performance_concurrent_flow,20,2026-10-04T01:22:45.389Z,2026-10-04T01:22:46.366Z,2026-10-04T01:22:46.380Z,2026-10-04T01:22:46.393Z,2026-10-04T01:22:45.396Z,2026-10-04T01:22:45.400Z,2026-10-04T01:22:46.275Z,2026-10-04T01:22:46.303Z,2026-10-04T01:22:46.356Z,2026-10-04T01:22:46.356Z,2026-10-04T01:22:46.356Z,2026-10-04T01:22:46.527Z,2026-10-04T01:22:46.631Z,2026-10-04T01:22:46.702Z,2026-10-04T01:22:46.725Z,2026-10-04T01:22:46.958Z,2026-10-04T01:22:46.725Z,2026-10-04T01:22:46.798Z,2026-10-04T01:22:46.996Z,2026-10-04T01:22:47.062Z,2026-10-04T01:22:47.140Z,2026-10-04T01:22:47.211Z,2026-10-04T01:22:47.311Z,2026-10-04T01:22:47.311Z,2026-10-04T01:22:47.345Z,977,27,71,271,198,34,7,875,81,53,1993.0123999999996,982.7273999999998,33.602999999999156,26.18760000000111,186.99029999999766,288.11659999999756,20.41349999999875,72.41249999999854,129.98199999999997,14.135000000002037,153.45910000000003,63.72060000000056,null,null,null,null,null,null
cmut4zc3m027gxsbkznxj3l0z,image-to-video,performance_concurrent_flow,20,2026-10-04T01:22:45.389Z,2026-10-04T01:22:46.472Z,2026-10-04T01:22:46.487Z,2026-10-04T01:22:46.506Z,2026-10-04T01:22:45.396Z,2026-10-04T01:22:45.400Z,2026-10-04T01:22:46.365Z,2026-10-04T01:22:46.408Z,2026-10-04T01:22:46.455Z,2026-10-04T01:22:46.459Z,2026-10-04T01:22:46.459Z,2026-10-04T01:22:46.622Z,2026-10-04T01:22:46.764Z,2026-10-04T01:22:46.828Z,2026-10-04T01:22:46.851Z,2026-10-04T01:22:47.049Z,2026-10-04T01:22:46.851Z,2026-10-04T01:22:46.920Z,2026-10-04T01:22:47.092Z,2026-10-04T01:22:47.148Z,2026-10-04T01:22:47.217Z,2026-10-04T01:22:47.280Z,2026-10-04T01:22:47.357Z,2026-10-04T01:22:47.357Z,2026-10-04T01:22:47.396Z,1083,34,64,241,172,39,7,965,94,47,2038.3234000000011,1088.6579999999994,35.56029999999737,26.121800000000803,203.77149999999892,252.17860000000292,19.07679999999891,70.02150000000256,116.19159999999829,13.821599999999307,122.94759999999951,61.270400000001246,null,null,null,null,null,null
cmut4zc6g027txsbk4vrnro2d,image-to-video,performance_concurrent_flow,20,2026-10-04T01:22:45.389Z,2026-10-04T01:22:46.573Z,2026-10-04T01:22:46.589Z,2026-10-04T01:22:46.600Z,2026-10-04T01:22:45.396Z,2026-10-04T01:22:45.400Z,2026-10-04T01:22:46.471Z,2026-10-04T01:22:46.509Z,2026-10-04T01:22:46.561Z,2026-10-04T01:22:46.565Z,2026-10-04T01:22:46.565Z,2026-10-04T01:22:46.690Z,2026-10-04T01:22:46.832Z,2026-10-04T01:22:46.898Z,2026-10-04T01:22:46.919Z,2026-10-04T01:22:47.133Z,2026-10-04T01:22:46.919Z,2026-10-04T01:22:46.982Z,2026-10-04T01:22:47.163Z,2026-10-04T01:22:47.219Z,2026-10-04T01:22:47.274Z,2026-10-04T01:22:47.322Z,2026-10-04T01:22:47.407Z,2026-10-04T01:22:47.407Z,2026-10-04T01:22:47.439Z,1184,27,66,244,181,32,7,1071,94,52,2077.188399999999,1189.765099999997,22.448300000000017,25.24250000000029,197.1866000000009,261.8664000000026,19.066800000000512,60.60229999999865,96.25510000000213,9.635600000001432,122.06620000000112,52.35789999999906,null,null,null,null,null,null
cmut4zdg702daxsbksknkox1c,text-to-video,performance_concurrent_flow,20,2026-10-04T01:22:48.119Z,2026-10-04T01:22:48.175Z,2026-10-04T01:22:48.180Z,2026-10-04T01:22:48.188Z,2026-10-04T01:22:48.125Z,2026-10-04T01:22:48.131Z,2026-10-04T01:22:48.136Z,2026-10-04T01:22:48.153Z,2026-10-04T01:22:48.172Z,2026-10-04T01:22:48.172Z,2026-10-04T01:22:48.173Z,2026-10-04T01:22:48.219Z,2026-10-04T01:22:48.261Z,2026-10-04T01:22:48.289Z,2026-10-04T01:22:48.302Z,2026-10-04T01:22:48.397Z,2026-10-04T01:22:48.302Z,2026-10-04T01:22:48.328Z,2026-10-04T01:22:48.422Z,2026-10-04T01:22:48.491Z,2026-10-04T01:22:48.556Z,2026-10-04T01:22:48.632Z,2026-10-04T01:22:48.804Z,2026-10-04T01:22:48.804Z,2026-10-04T01:22:48.898Z,56,13,28,120,94,94,6,5,36,19,859.816700000003,58.97450000000026,6.6873000000014144,5.337899999998626,63.34309999999823,117.72370000000228,10.181100000001607,68.41779999999926,106.34319999999934,17.695299999999406,235.08680000000095,159.9192000000039,null,null,null,null,null,null
cmut4zdh602dexsbk0ytqcjgr,text-to-video,performance_concurrent_flow,20,2026-10-04T01:22:48.119Z,2026-10-04T01:22:48.200Z,2026-10-04T01:22:48.206Z,2026-10-04T01:22:48.212Z,2026-10-04T01:22:48.125Z,2026-10-04T01:22:48.132Z,2026-10-04T01:22:48.176Z,2026-10-04T01:22:48.188Z,2026-10-04T01:22:48.198Z,2026-10-04T01:22:48.198Z,2026-10-04T01:22:48.198Z,2026-10-04T01:22:48.239Z,2026-10-04T01:22:48.285Z,2026-10-04T01:22:48.319Z,2026-10-04T01:22:48.333Z,2026-10-04T01:22:48.458Z,2026-10-04T01:22:48.333Z,2026-10-04T01:22:48.363Z,2026-10-04T01:22:48.485Z,2026-10-04T01:22:48.541Z,2026-10-04T01:22:48.614Z,2026-10-04T01:22:48.703Z,2026-10-04T01:22:48.887Z,2026-10-04T01:22:48.887Z,2026-10-04T01:22:48.971Z,81,12,34,152,122,84,6,44,22,10,946.0239999999976,85.43000000000029,5.317300000002433,5.627800000002026,65.88359999999739,132.3953999999976,30.893700000000536,56.09690000000046,118.45119999999952,14.711100000000442,263.88880000000063,159.8136999999988,null,null,null,null,null,null
cmut4zdhz02dixsbkbira3uok,image-to-video,performance_concurrent_flow,20,2026-10-04T01:22:48.119Z,2026-10-04T01:22:48.237Z,2026-10-04T01:22:48.241Z,2026-10-04T01:22:48.249Z,2026-10-04T01:22:48.125Z,2026-10-04T01:22:48.132Z,2026-10-04T01:22:48.201Z,2026-10-04T01:22:48.217Z,2026-10-04T01:22:48.229Z,2026-10-04T01:22:48.231Z,2026-10-04T01:22:48.231Z,2026-10-04T01:22:48.290Z,2026-10-04T01:22:48.350Z,2026-10-04T01:22:48.378Z,2026-10-04T01:22:48.393Z,2026-10-04T01:22:48.548Z,2026-10-04T01:22:48.393Z,2026-10-04T01:22:48.432Z,2026-10-04T01:22:48.581Z,2026-10-04T01:22:48.651Z,2026-10-04T01:22:48.739Z,2026-10-04T01:22:48.852Z,2026-10-04T01:22:49.040Z,2026-10-04T01:22:49.040Z,2026-10-04T01:22:49.139Z,118,12,28,188,149,99,6,69,30,12,1113.2354999999989,119.60319999999774,12.814899999997579,7.060600000000704,83.91630000000077,171.88260000000082,15.021300000000338,68.04089999999997,147.98530000000028,18.208999999998923,287.04609999999957,170.58989999999903,null,null,null,null,null,null
cmut4zdk302dtxsbkufmewls1,text-to-video,performance_concurrent_flow,20,2026-10-04T01:22:48.119Z,2026-10-04T01:22:48.309Z,2026-10-04T01:22:48.313Z,2026-10-04T01:22:48.319Z,2026-10-04T01:22:48.127Z,2026-10-04T01:22:48.132Z,2026-10-04T01:22:48.282Z,2026-10-04T01:22:48.293Z,2026-10-04T01:22:48.305Z,2026-10-04T01:22:48.305Z,2026-10-04T01:22:48.305Z,2026-10-04T01:22:48.357Z,2026-10-04T01:22:48.398Z,2026-10-04T01:22:48.436Z,2026-10-04T01:22:48.461Z,2026-10-04T01:22:48.615Z,2026-10-04T01:22:48.461Z,2026-10-04T01:22:48.508Z,2026-10-04T01:22:48.648Z,2026-10-04T01:22:48.730Z,2026-10-04T01:22:48.835Z,2026-10-04T01:22:48.953Z,2026-10-04T01:22:49.154Z,2026-10-04T01:22:49.154Z,2026-10-04T01:22:49.248Z,190,10,38,187,140,94,8,150,23,12,1238.5522999999994,192.04750000000058,7.400699999998324,10.372800000001007,65.94800000000032,188.49889999999868,16.482700000000477,80.05030000000261,164.20739999999932,31.75470000000132,290.6271000000015,183.4794000000038,null,null,null,null,null,null
cmut4zdj402dnxsbkb11strcs,image-to-video,performance_concurrent_flow,20,2026-10-04T01:22:48.119Z,2026-10-04T01:22:48.282Z,2026-10-04T01:22:48.300Z,2026-10-04T01:22:48.305Z,2026-10-04T01:22:48.126Z,2026-10-04T01:22:48.132Z,2026-10-04T01:22:48.237Z,2026-10-04T01:22:48.260Z,2026-10-04T01:22:48.276Z,2026-10-04T01:22:48.277Z,2026-10-04T01:22:48.277Z,2026-10-04T01:22:48.342Z,2026-10-04T01:22:48.400Z,2026-10-04T01:22:48.441Z,2026-10-04T01:22:48.467Z,2026-10-04T01:22:48.621Z,2026-10-04T01:22:48.467Z,2026-10-04T01:22:48.511Z,2026-10-04T01:22:48.656Z,2026-10-04T01:22:48.737Z,2026-10-04T01:22:48.840Z,2026-10-04T01:22:48.952Z,2026-10-04T01:22:49.168Z,2026-10-04T01:22:49.168Z,2026-10-04T01:22:49.267Z,163,23,41,189,145,99,7,105,40,16,1249.4694999999956,165.70379999999932,8.936400000002322,8.36409999999887,83.31150000000343,193.6735000000008,13.61409999999887,77.65439999999944,166.82760000000053,27.673500000000786,308.2024999999958,175.05420000000595,null,null,null,null,null,null
cmut4zdku02dyxsbkv2hsmbpp,text-to-video,performance_concurrent_flow,20,2026-10-04T01:22:48.119Z,2026-10-04T01:22:48.339Z,2026-10-04T01:22:48.347Z,2026-10-04T01:22:48.351Z,2026-10-04T01:22:48.129Z,2026-10-04T01:22:48.133Z,2026-10-04T01:22:48.308Z,2026-10-04T01:22:48.320Z,2026-10-04T01:22:48.336Z,2026-10-04T01:22:48.336Z,2026-10-04T01:22:48.336Z,2026-10-04T01:22:48.390Z,2026-10-04T01:22:48.438Z,2026-10-04T01:22:48.480Z,2026-10-04T01:22:48.500Z,2026-10-04T01:22:48.659Z,2026-10-04T01:22:48.500Z,2026-10-04T01:22:48.544Z,2026-10-04T01:22:48.707Z,2026-10-04T01:22:48.795Z,2026-10-04T01:22:48.903Z,2026-10-04T01:22:49.010Z,2026-10-04T01:22:49.216Z,2026-10-04T01:22:49.216Z,2026-10-04T01:22:49.315Z,220,12,42,207,163,99,10,175,28,16,1296.2345000000023,222.32749999999942,8.572900000002846,9.408900000002177,82.11839999999938,181.07740000000194,14.892299999999523,84.23869999999806,188.38890000000174,23.683499999995547,288.9189000000042,182.46760000000359,null,null,null,null,null,null
cmut4zdlp02e3xsbki36mlc63,text-to-video,performance_concurrent_flow,20,2026-10-04T01:22:48.119Z,2026-10-04T01:22:48.371Z,2026-10-04T01:22:48.376Z,2026-10-04T01:22:48.381Z,2026-10-04T01:22:48.128Z,2026-10-04T01:22:48.133Z,2026-10-04T01:22:48.339Z,2026-10-04T01:22:48.351Z,2026-10-04T01:22:48.368Z,2026-10-04T01:22:48.368Z,2026-10-04T01:22:48.368Z,2026-10-04T01:22:48.429Z,2026-10-04T01:22:48.499Z,2026-10-04T01:22:48.539Z,2026-10-04T01:22:48.554Z,2026-10-04T01:22:48.741Z,2026-10-04T01:22:48.554Z,2026-10-04T01:22:48.607Z,2026-10-04T01:22:48.789Z,2026-10-04T01:22:48.875Z,2026-10-04T01:22:48.975Z,2026-10-04T01:22:49.100Z,2026-10-04T01:22:49.306Z,2026-10-04T01:22:49.306Z,2026-10-04T01:22:49.400Z,252,10,40,235,182,94,9,206,29,17,1391.0344000000005,253.8008000000009,12.458800000000338,10.719199999999546,99.89429999999993,210.15819999999803,15.900100000002567,84.1961999999985,178.20580000000336,23.717499999998836,308.5431000000026,184.7638999999981,null,null,null,null,null,null
cmut4zdmo02e9xsbksjk1r7bg,image-to-video,performance_concurrent_flow,20,2026-10-04T01:22:48.119Z,2026-10-04T01:22:48.411Z,2026-10-04T01:22:48.417Z,2026-10-04T01:22:48.423Z,2026-10-04T01:22:48.128Z,2026-10-04T01:22:48.134Z,2026-10-04T01:22:48.371Z,2026-10-04T01:22:48.386Z,2026-10-04T01:22:48.406Z,2026-10-04T01:22:48.408Z,2026-10-04T01:22:48.408Z,2026-10-04T01:22:48.494Z,2026-10-04T01:22:48.581Z,2026-10-04T01:22:48.633Z,2026-10-04T01:22:48.649Z,2026-10-04T01:22:48.872Z,2026-10-04T01:22:48.649Z,2026-10-04T01:22:48.711Z,2026-10-04T01:22:48.925Z,2026-10-04T01:22:49.011Z,2026-10-04T01:22:49.124Z,2026-10-04T01:22:49.253Z,2026-10-04T01:22:49.493Z,2026-10-04T01:22:49.493Z,2026-10-04T01:22:49.588Z,292,12,52,276,214,95,9,237,37,20,1543.2118999999984,294.5730000000003,28.48370000000068,12.50630000000092,126.33139999999912,239.21129999999903,26.531599999998434,98.80210000000079,187.57710000000225,32.37629999999626,333.02530000000115,154.43139999999403,null,null,null,null,null,null
cmut4zdo202egxsbkoou1duvn,image-to-video,performance_concurrent_flow,20,2026-10-04T01:22:48.119Z,2026-10-04T01:22:48.491Z,2026-10-04T01:22:48.498Z,2026-10-04T01:22:48.505Z,2026-10-04T01:22:48.126Z,2026-10-04T01:22:48.134Z,2026-10-04T01:22:48.412Z,2026-10-04T01:22:48.437Z,2026-10-04T01:22:48.478Z,2026-10-04T01:22:48.480Z,2026-10-04T01:22:48.481Z,2026-10-04T01:22:48.562Z,2026-10-04T01:22:48.661Z,2026-10-04T01:22:48.724Z,2026-10-04T01:22:48.742Z,2026-10-04T01:22:48.980Z,2026-10-04T01:22:48.742Z,2026-10-04T01:22:48.811Z,2026-10-04T01:22:49.030Z,2026-10-04T01:22:49.127Z,2026-10-04T01:22:49.246Z,2026-10-04T01:22:49.373Z,2026-10-04T01:22:49.591Z,2026-10-04T01:22:49.591Z,2026-10-04T01:22:49.659Z,372,14,63,288,219,68,7,278,68,41,1610.737100000002,376.34119999999893,13.172299999998359,13.261500000000524,142.15780000000086,274.89310000000114,19.277000000001863,99.51950000000215,201.62860000000364,29.525599999993574,305.4524999999994,126.04040000000532,null,null,null,null,null,null
cmut4zdq302erxsbkmtx6ilxk,image-to-video,performance_concurrent_flow,20,2026-10-04T01:22:48.119Z,2026-10-04T01:22:48.540Z,2026-10-04T01:22:48.546Z,2026-10-04T01:22:48.553Z,2026-10-04T01:22:48.129Z,2026-10-04T01:22:48.134Z,2026-10-04T01:22:48.490Z,2026-10-04T01:22:48.509Z,2026-10-04T01:22:48.531Z,2026-10-04T01:22:48.535Z,2026-10-04T01:22:48.535Z,2026-10-04T01:22:48.625Z,2026-10-04T01:22:48.738Z,2026-10-04T01:22:48.803Z,2026-10-04T01:22:48.821Z,2026-10-04T01:22:49.054Z,2026-10-04T01:22:48.821Z,2026-10-04T01:22:48.894Z,2026-10-04T01:22:49.112Z,2026-10-04T01:22:49.213Z,2026-10-04T01:22:49.337Z,2026-10-04T01:22:49.468Z,2026-10-04T01:22:49.663Z,2026-10-04T01:22:49.663Z,2026-10-04T01:22:49.732Z,421,13,65,291,218,69,10,356,45,22,1685.3780000000006,423.2885000000024,15.310499999999593,23.00800000000163,160.95280000000275,270.09300000000076,20.424099999996542,101.26110000000335,211.77339999999822,23.59030000000348,297.5426000000007,126.87299999999959,null,null,null,null,null,null
cmut4zdrj02f0xsbklmidok7v,image-to-video,performance_concurrent_flow,20,2026-10-04T01:22:48.119Z,2026-10-04T01:22:48.601Z,2026-10-04T01:22:48.608Z,2026-10-04T01:22:48.614Z,2026-10-04T01:22:48.127Z,2026-10-04T01:22:48.135Z,2026-10-04T01:22:48.540Z,2026-10-04T01:22:48.563Z,2026-10-04T01:22:48.589Z,2026-10-04T01:22:48.593Z,2026-10-04T01:22:48.593Z,2026-10-04T01:22:48.693Z,2026-10-04T01:22:48.815Z,2026-10-04T01:22:48.890Z,2026-10-04T01:22:48.909Z,2026-10-04T01:22:49.192Z,2026-10-04T01:22:48.909Z,2026-10-04T01:22:48.978Z,2026-10-04T01:22:49.241Z,2026-10-04T01:22:49.351Z,2026-10-04T01:22:49.473Z,2026-10-04T01:22:49.601Z,2026-10-04T01:22:49.764Z,2026-10-04T01:22:49.764Z,2026-10-04T01:22:49.827Z,482,13,75,332,263,63,8,405,53,26,1790.7821000000004,484.92719999999827,16.731199999998353,16.261099999999715,177.9242000000013,321.7115999999987,29.448099999994156,107.40090000000055,216.22230000000127,30.764999999999418,247.3747000000003,132.11209999999846,null,null,null,null,null,null
cmut4zdta02f6xsbkvnue3nqm,image-to-video,performance_concurrent_flow,20,2026-10-04T01:22:48.119Z,2026-10-04T01:22:48.673Z,2026-10-04T01:22:48.688Z,2026-10-04T01:22:48.696Z,2026-10-04T01:22:48.126Z,2026-10-04T01:22:48.134Z,2026-10-04T01:22:48.600Z,2026-10-04T01:22:48.626Z,2026-10-04T01:22:48.661Z,2026-10-04T01:22:48.665Z,2026-10-04T01:22:48.665Z,2026-10-04T01:22:48.774Z,2026-10-04T01:22:48.903Z,2026-10-04T01:22:48.964Z,2026-10-04T01:22:48.982Z,2026-10-04T01:22:49.288Z,2026-10-04T01:22:48.982Z,2026-10-04T01:22:49.064Z,2026-10-04T01:22:49.346Z,2026-10-04T01:22:49.453Z,2026-10-04T01:22:49.576Z,2026-10-04T01:22:49.665Z,2026-10-04T01:22:49.816Z,2026-10-04T01:22:49.816Z,2026-10-04T01:22:49.890Z,554,23,61,364,282,74,7,466,65,35,1831.7016000000003,563.3915000000015,16.31420000000071,16.089399999997113,182.4298000000017,329.8151999999973,29.18370000000141,110.13409999999567,209.16569999999774,18.938900000001013,222.96760000000359,118.95620000000054,null,null,null,null,null,null
cmut4zdvb02fexsbkz8ym3fax,text-to-video,performance_concurrent_flow,20,2026-10-04T01:22:48.119Z,2026-10-04T01:22:48.738Z,2026-10-04T01:22:48.751Z,2026-10-04T01:22:48.758Z,2026-10-04T01:22:48.129Z,2026-10-04T01:22:48.135Z,2026-10-04T01:22:48.673Z,2026-10-04T01:22:48.697Z,2026-10-04T01:22:48.731Z,2026-10-04T01:22:48.731Z,2026-10-04T01:22:48.731Z,2026-10-04T01:22:48.845Z,2026-10-04T01:22:48.940Z,2026-10-04T01:22:49.004Z,2026-10-04T01:22:49.023Z,2026-10-04T01:22:49.299Z,2026-10-04T01:22:49.023Z,2026-10-04T01:22:49.104Z,2026-10-04T01:22:49.355Z,2026-10-04T01:22:49.461Z,2026-10-04T01:22:49.574Z,2026-10-04T01:22:49.666Z,2026-10-04T01:22:49.820Z,2026-10-04T01:22:49.820Z,2026-10-04T01:22:49.895Z,619,20,64,332,251,75,10,538,58,34,1835.373300000003,625.5043000000005,19.571600000002945,21.42569999999978,149.0139999999992,297.6926999999996,40.60359999999491,101.56940000000031,200.97219999999652,18.19480000000476,227.03899999999703,119.60829999999987,null,null,null,null,null,null
cmut4zdxg02foxsbkuhm8zr63,image-to-video,performance_concurrent_flow,20,2026-10-04T01:22:48.119Z,2026-10-04T01:22:48.825Z,2026-10-04T01:22:48.839Z,2026-10-04T01:22:48.848Z,2026-10-04T01:22:48.131Z,2026-10-04T01:22:48.136Z,2026-10-04T01:22:48.739Z,2026-10-04T01:22:48.775Z,2026-10-04T01:22:48.814Z,2026-10-04T01:22:48.817Z,2026-10-04T01:22:48.817Z,2026-10-04T01:22:48.949Z,2026-10-04T01:22:49.093Z,2026-10-04T01:22:49.170Z,2026-10-04T01:22:49.194Z,2026-10-04T01:22:49.482Z,2026-10-04T01:22:49.194Z,2026-10-04T01:22:49.287Z,2026-10-04T01:22:49.534Z,2026-10-04T01:22:49.621Z,2026-10-04T01:22:49.711Z,2026-10-04T01:22:49.798Z,2026-10-04T01:22:49.940Z,2026-10-04T01:22:49.940Z,2026-10-04T01:22:49.990Z,706,23,77,340,247,50,12,603,78,39,1931.340400000001,711.4819000000025,28.037900000002992,29.608400000000984,196.35680000000139,330.9589000000051,37.928899999998976,103.91670000000158,148.7997000000032,17.70219999999972,208.53169999999955,100.3556000000026,null,null,null,null,null,null
cmut4zdzm02fyxsbkheq1h1jb,text-to-video,performance_concurrent_flow,20,2026-10-04T01:22:48.119Z,2026-10-04T01:22:48.919Z,2026-10-04T01:22:48.935Z,2026-10-04T01:22:48.945Z,2026-10-04T01:22:48.126Z,2026-10-04T01:22:48.136Z,2026-10-04T01:22:48.826Z,2026-10-04T01:22:48.855Z,2026-10-04T01:22:48.908Z,2026-10-04T01:22:48.908Z,2026-10-04T01:22:48.908Z,2026-10-04T01:22:49.032Z,2026-10-04T01:22:49.130Z,2026-10-04T01:22:49.209Z,2026-10-04T01:22:49.228Z,2026-10-04T01:22:49.514Z,2026-10-04T01:22:49.228Z,2026-10-04T01:22:49.319Z,2026-10-04T01:22:49.570Z,2026-10-04T01:22:49.645Z,2026-10-04T01:22:49.734Z,2026-10-04T01:22:49.818Z,2026-10-04T01:22:49.954Z,2026-10-04T01:22:49.954Z,2026-10-04T01:22:50.005Z,800,26,79,342,251,51,7,690,82,53,1961.6739999999954,807.1210000000028,19.054400000000896,22.98410000000149,153.94950000000244,338.252800000002,21.527600000001257,97.12020000000484,149.59550000000309,18.879899999999907,197.0699999999997,117.08009999999922,null,null,null,null,null,null
cmut4ze2402g8xsbk5p1pxruq,text-to-video,performance_concurrent_flow,20,2026-10-04T01:22:48.119Z,2026-10-04T01:22:48.989Z,2026-10-04T01:22:49.001Z,2026-10-04T01:22:49.012Z,2026-10-04T01:22:48.129Z,2026-10-04T01:22:48.136Z,2026-10-04T01:22:48.920Z,2026-10-04T01:22:48.943Z,2026-10-04T01:22:48.981Z,2026-10-04T01:22:48.981Z,2026-10-04T01:22:48.981Z,2026-10-04T01:22:49.159Z,2026-10-04T01:22:49.261Z,2026-10-04T01:22:49.345Z,2026-10-04T01:22:49.367Z,2026-10-04T01:22:49.631Z,2026-10-04T01:22:49.367Z,2026-10-04T01:22:49.460Z,2026-10-04T01:22:49.674Z,2026-10-04T01:22:49.749Z,2026-10-04T01:22:49.830Z,2026-10-04T01:22:49.920Z,2026-10-04T01:22:50.035Z,2026-10-04T01:22:50.035Z,2026-10-04T01:22:50.108Z,870,23,84,307,214,73,10,784,61,38,2028.6782999999996,875.5658000000003,23.476800000004005,28.25619999999617,211.91250000000582,328.924500000001,18.063600000001315,79.34280000000581,142.16539999999804,25.95509999999922,183.4242000000013,94.19989999999962,null,null,null,null,null,null
cmut4ze6q02grxsbklyjzblhp,text-to-video,performance_concurrent_flow,20,2026-10-04T01:22:48.119Z,2026-10-04T01:22:49.178Z,2026-10-04T01:22:49.192Z,2026-10-04T01:22:49.201Z,2026-10-04T01:22:48.128Z,2026-10-04T01:22:48.136Z,2026-10-04T01:22:49.082Z,2026-10-04T01:22:49.113Z,2026-10-04T01:22:49.169Z,2026-10-04T01:22:49.169Z,2026-10-04T01:22:49.170Z,2026-10-04T01:22:49.305Z,2026-10-04T01:22:49.404Z,2026-10-04T01:22:49.486Z,2026-10-04T01:22:49.510Z,2026-10-04T01:22:49.727Z,2026-10-04T01:22:49.510Z,2026-10-04T01:22:49.589Z,2026-10-04T01:22:49.768Z,2026-10-04T01:22:49.836Z,2026-10-04T01:22:49.916Z,2026-10-04T01:22:49.985Z,2026-10-04T01:22:50.118Z,2026-10-04T01:22:50.118Z,2026-10-04T01:22:50.163Z,1059,23,82,258,179,45,9,946,87,56,2093.525600000001,1065.9888999999966,20.832799999996496,23.660200000005716,174.0720999999976,279.32390000000305,20.36529999999766,75.72159999999712,133.6440999999977,15.820400000004156,181.47290000000066,86.50500000000466,null,null,null,null,null,null
cmut4ze4c02ggxsbkajvgz1fs,image-to-video,performance_concurrent_flow,20,2026-10-04T01:22:48.119Z,2026-10-04T01:22:49.083Z,2026-10-04T01:22:49.096Z,2026-10-04T01:22:49.105Z,2026-10-04T01:22:48.129Z,2026-10-04T01:22:48.135Z,2026-10-04T01:22:48.989Z,2026-10-04T01:22:49.023Z,2026-10-04T01:22:49.069Z,2026-10-04T01:22:49.073Z,2026-10-04T01:22:49.073Z,2026-10-04T01:22:49.210Z,2026-10-04T01:22:49.369Z,2026-10-04T01:22:49.459Z,2026-10-04T01:22:49.484Z,2026-10-04T01:22:49.705Z,2026-10-04T01:22:49.484Z,2026-10-04T01:22:49.566Z,2026-10-04T01:22:49.742Z,2026-10-04T01:22:49.811Z,2026-10-04T01:22:49.893Z,2026-10-04T01:22:49.969Z,2026-10-04T01:22:50.105Z,2026-10-04T01:22:50.105Z,2026-10-04T01:22:50.152Z,964,22,90,258,176,47,10,854,84,46,2090.3271000000022,968.9940999999999,26.30069999999978,27.740700000002107,224.55520000000251,289.7482999999993,22.570499999994354,73.09900000000198,139.95610000000306,15.984799999998359,193.8359999999957,90.06239999999525,null,null,null,null,null,null
cmut4ze9f02h3xsbkhgc6o01u,text-to-video,performance_concurrent_flow,20,2026-10-04T01:22:48.119Z,2026-10-04T01:22:49.256Z,2026-10-04T01:22:49.270Z,2026-10-04T01:22:49.293Z,2026-10-04T01:22:48.127Z,2026-10-04T01:22:48.135Z,2026-10-04T01:22:49.178Z,2026-10-04T01:22:49.205Z,2026-10-04T01:22:49.244Z,2026-10-04T01:22:49.244Z,2026-10-04T01:22:49.244Z,2026-10-04T01:22:49.396Z,2026-10-04T01:22:49.500Z,2026-10-04T01:22:49.580Z,2026-10-04T01:22:49.597Z,2026-10-04T01:22:49.793Z,2026-10-04T01:22:49.597Z,2026-10-04T01:22:49.656Z,2026-10-04T01:22:49.826Z,2026-10-04T01:22:49.898Z,2026-10-04T01:22:49.967Z,2026-10-04T01:22:50.030Z,2026-10-04T01:22:50.159Z,2026-10-04T01:22:50.159Z,2026-10-04T01:22:50.205Z,1137,37,80,229,170,46,8,1043,66,39,2121.897399999998,1143.0796999999984,22.14050000000134,25.256099999998696,168.74689999999828,255.19959999999992,20.136700000002747,68.90459999999439,124.6247000000003,12.743499999996857,176.34139999999752,73.6559000000052,null,null,null,null,null,null
cmut4zec102hbxsbky4vbnsji,image-to-video,performance_concurrent_flow,20,2026-10-04T01:22:48.119Z,2026-10-04T01:22:49.368Z,2026-10-04T01:22:49.382Z,2026-10-04T01:22:49.392Z,2026-10-04T01:22:48.127Z,2026-10-04T01:22:48.135Z,2026-10-04T01:22:49.256Z,2026-10-04T01:22:49.301Z,2026-10-04T01:22:49.354Z,2026-10-04T01:22:49.359Z,2026-10-04T01:22:49.359Z,2026-10-04T01:22:49.495Z,2026-10-04T01:22:49.624Z,2026-10-04T01:22:49.681Z,2026-10-04T01:22:49.699Z,2026-10-04T01:22:49.892Z,2026-10-04T01:22:49.699Z,2026-10-04T01:22:49.763Z,2026-10-04T01:22:49.924Z,2026-10-04T01:22:49.980Z,2026-10-04T01:22:50.051Z,2026-10-04T01:22:50.135Z,2026-10-04T01:22:50.233Z,2026-10-04T01:22:50.233Z,2026-10-04T01:22:50.270Z,1249,24,57,225,161,37,8,1121,103,53,2188.4074000000037,1254.444999999996,31.67710000000079,21.293499999999767,185.47239999999874,233.4731000000029,21.179900000002817,61.15099999999802,121.72080000000278,24.71070000000327,148.69089999999414,65.65729999999894,null,null,null,null,null,null
cmut4zfhw02msxsbktall7edj,image-to-video,performance_concurrent_flow,20,2026-10-04T01:22:50.780Z,2026-10-04T01:22:50.826Z,2026-10-04T01:22:50.830Z,2026-10-04T01:22:50.834Z,2026-10-04T01:22:50.783Z,2026-10-04T01:22:50.790Z,2026-10-04T01:22:50.794Z,2026-10-04T01:22:50.806Z,2026-10-04T01:22:50.822Z,2026-10-04T01:22:50.823Z,2026-10-04T01:22:50.823Z,2026-10-04T01:22:50.865Z,2026-10-04T01:22:50.906Z,2026-10-04T01:22:50.931Z,2026-10-04T01:22:50.946Z,2026-10-04T01:22:51.050Z,2026-10-04T01:22:50.946Z,2026-10-04T01:22:50.972Z,2026-10-04T01:22:51.073Z,2026-10-04T01:22:51.129Z,2026-10-04T01:22:51.205Z,2026-10-04T01:22:51.296Z,2026-10-04T01:22:51.500Z,2026-10-04T01:22:51.500Z,2026-10-04T01:22:51.614Z,46,8,25,127,101,114,3,4,29,16,939.6501999999964,48.009799999999814,6.731100000004517,6.223500000000058,62.92369999999937,116.69640000000072,14.212899999998626,53.617200000000594,127.75149999999849,18.390599999998813,282.06090000000404,197.58459999999468,null,null,null,null,null,null
cmut4zfir02mxxsbk793f87mh,text-to-video,performance_concurrent_flow,20,2026-10-04T01:22:50.780Z,2026-10-04T01:22:50.852Z,2026-10-04T01:22:50.859Z,2026-10-04T01:22:50.864Z,2026-10-04T01:22:50.784Z,2026-10-04T01:22:50.790Z,2026-10-04T01:22:50.827Z,2026-10-04T01:22:50.836Z,2026-10-04T01:22:50.848Z,2026-10-04T01:22:50.848Z,2026-10-04T01:22:50.849Z,2026-10-04T01:22:50.892Z,2026-10-04T01:22:50.918Z,2026-10-04T01:22:50.948Z,2026-10-04T01:22:50.962Z,2026-10-04T01:22:51.088Z,2026-10-04T01:22:50.962Z,2026-10-04T01:22:50.992Z,2026-10-04T01:22:51.118Z,2026-10-04T01:22:51.180Z,2026-10-04T01:22:51.268Z,2026-10-04T01:22:51.371Z,2026-10-04T01:22:51.529Z,2026-10-04T01:22:51.529Z,2026-10-04T01:22:51.636Z,72,12,30,156,126,107,4,37,21,12,957.2741000000024,76.19610000000102,8.33469999999943,5.817800000004354,43.42670000000362,144.29780000000028,13.807100000005448,60.848799999999756,139.07940000000235,20.650300000001153,251.14470000000438,186.55080000000453,null,null,null,null,null,null
cmut4zfjn02n1xsbk5ltlpzfv,image-to-video,performance_concurrent_flow,20,2026-10-04T01:22:50.780Z,2026-10-04T01:22:50.888Z,2026-10-04T01:22:50.892Z,2026-10-04T01:22:50.896Z,2026-10-04T01:22:50.784Z,2026-10-04T01:22:50.791Z,2026-10-04T01:22:50.852Z,2026-10-04T01:22:50.869Z,2026-10-04T01:22:50.882Z,2026-10-04T01:22:50.884Z,2026-10-04T01:22:50.884Z,2026-10-04T01:22:50.924Z,2026-10-04T01:22:50.975Z,2026-10-04T01:22:51.003Z,2026-10-04T01:22:51.018Z,2026-10-04T01:22:51.164Z,2026-10-04T01:22:51.018Z,2026-10-04T01:22:51.062Z,2026-10-04T01:22:51.199Z,2026-10-04T01:22:51.274Z,2026-10-04T01:22:51.375Z,2026-10-04T01:22:51.450Z,2026-10-04T01:22:51.670Z,2026-10-04T01:22:51.670Z,2026-10-04T01:22:51.780Z,108,8,28,181,137,110,4,61,32,13,1114.344100000002,109.13410000000295,6.335799999993469,6.228300000002491,70.3798999999999,159.44079999999667,15.970200000003388,76.20890000000509,159.93249999999534,17.132900000004156,285.5729999999967,200.97499999999854,null,null,null,null,null,null
cmut4zfkg02n6xsbk5uhwyjdf,text-to-video,performance_concurrent_flow,20,2026-10-04T01:22:50.780Z,2026-10-04T01:22:50.914Z,2026-10-04T01:22:50.919Z,2026-10-04T01:22:50.923Z,2026-10-04T01:22:50.784Z,2026-10-04T01:22:50.791Z,2026-10-04T01:22:50.888Z,2026-10-04T01:22:50.898Z,2026-10-04T01:22:50.911Z,2026-10-04T01:22:50.911Z,2026-10-04T01:22:50.912Z,2026-10-04T01:22:50.959Z,2026-10-04T01:22:50.995Z,2026-10-04T01:22:51.023Z,2026-10-04T01:22:51.037Z,2026-10-04T01:22:51.185Z,2026-10-04T01:22:51.037Z,2026-10-04T01:22:51.079Z,2026-10-04T01:22:51.220Z,2026-10-04T01:22:51.288Z,2026-10-04T01:22:51.392Z,2026-10-04T01:22:51.516Z,2026-10-04T01:22:51.744Z,2026-10-04T01:22:51.744Z,2026-10-04T01:22:51.855Z,134,9,28,183,141,111,4,97,23,13,1184.2169000000067,135.7451000000001,10.867200000000594,7.687200000000303,57.26280000000406,161.7896000000037,16.802000000003318,68.09179999999469,159.3425999999963,34.334200000004785,327.75530000000435,197.8428000000058,null,null,null,null,null,null
cmut4zfl702naxsbkcjhfid47,text-to-video,performance_concurrent_flow,20,2026-10-04T01:22:50.780Z,2026-10-04T01:22:50.948Z,2026-10-04T01:22:50.952Z,2026-10-04T01:22:50.956Z,2026-10-04T01:22:50.785Z,2026-10-04T01:22:50.792Z,2026-10-04T01:22:50.915Z,2026-10-04T01:22:50.924Z,2026-10-04T01:22:50.940Z,2026-10-04T01:22:50.940Z,2026-10-04T01:22:50.940Z,2026-10-04T01:22:50.995Z,2026-10-04T01:22:51.036Z,2026-10-04T01:22:51.072Z,2026-10-04T01:22:51.087Z,2026-10-04T01:22:51.257Z,2026-10-04T01:22:51.087Z,2026-10-04T01:22:51.137Z,2026-10-04T01:22:51.297Z,2026-10-04T01:22:51.383Z,2026-10-04T01:22:51.508Z,2026-10-04T01:22:51.642Z,2026-10-04T01:22:51.879Z,2026-10-04T01:22:51.879Z,2026-10-04T01:22:51.983Z,168,8,36,210,160,104,5,123,25,16,1310.382700000002,169.04009999999835,8.5112999999983,8.457600000001548,69.3431000000055,187.3185999999987,18.635800000003655,76.87980000000243,205.78809999999794,27.38420000000042,341.2534999999989,191.30159999999887,null,null,null,null,null,null
cmut4zfm302ngxsbkaq32gedv,text-to-video,performance_concurrent_flow,20,2026-10-04T01:22:50.780Z,2026-10-04T01:22:50.976Z,2026-10-04T01:22:50.982Z,2026-10-04T01:22:50.987Z,2026-10-04T01:22:50.785Z,2026-10-04T01:22:50.792Z,2026-10-04T01:22:50.947Z,2026-10-04T01:22:50.957Z,2026-10-04T01:22:50.972Z,2026-10-04T01:22:50.972Z,2026-10-04T01:22:50.972Z,2026-10-04T01:22:51.023Z,2026-10-04T01:22:51.074Z,2026-10-04T01:22:51.116Z,2026-10-04T01:22:51.131Z,2026-10-04T01:22:51.314Z,2026-10-04T01:22:51.131Z,2026-10-04T01:22:51.185Z,2026-10-04T01:22:51.365Z,2026-10-04T01:22:51.429Z,2026-10-04T01:22:51.537Z,2026-10-04T01:22:51.667Z,2026-10-04T01:22:51.902Z,2026-10-04T01:22:51.902Z,2026-10-04T01:22:52.006Z,196,11,42,234,180,104,5,155,25,15,1328.6267000000007,198.35519999999815,8.886399999995774,9.149300000004587,74.83099999999831,200.0607999999993,21.904300000001967,89.41219999999885,166.28919999999925,30.079499999999825,334.85639999999694,186.61000000000058,null,null,null,null,null,null
cmut4zfn002nlxsbkokhwauiu,text-to-video,performance_concurrent_flow,20,2026-10-04T01:22:50.780Z,2026-10-04T01:22:51.011Z,2026-10-04T01:22:51.014Z,2026-10-04T01:22:51.020Z,2026-10-04T01:22:50.785Z,2026-10-04T01:22:50.792Z,2026-10-04T01:22:50.976Z,2026-10-04T01:22:50.990Z,2026-10-04T01:22:51.007Z,2026-10-04T01:22:51.007Z,2026-10-04T01:22:51.007Z,2026-10-04T01:22:51.071Z,2026-10-04T01:22:51.125Z,2026-10-04T01:22:51.168Z,2026-10-04T01:22:51.186Z,2026-10-04T01:22:51.390Z,2026-10-04T01:22:51.186Z,2026-10-04T01:22:51.241Z,2026-10-04T01:22:51.425Z,2026-10-04T01:22:51.536Z,2026-10-04T01:22:51.661Z,2026-10-04T01:22:51.800Z,2026-10-04T01:22:52.031Z,2026-10-04T01:22:52.031Z,2026-10-04T01:22:52.133Z,231,9,43,239,184,102,5,184,31,17,1450.2531999999992,232.07330000000366,14.002099999997881,15.26749999999447,80.75499999999738,227.04490000000078,23.276899999997113,86.3041000000012,217.60290000000532,32.630199999999604,338.0751999999993,176.0303000000058,null,null,null,null,null,null
cmut4zfo102ntxsbkj4m9jizf,image-to-video,performance_concurrent_flow,20,2026-10-04T01:22:50.780Z,2026-10-04T01:22:51.062Z,2026-10-04T01:22:51.068Z,2026-10-04T01:22:51.073Z,2026-10-04T01:22:50.786Z,2026-10-04T01:22:50.792Z,2026-10-04T01:22:51.011Z,2026-10-04T01:22:51.031Z,2026-10-04T01:22:51.055Z,2026-10-04T01:22:51.057Z,2026-10-04T01:22:51.057Z,2026-10-04T01:22:51.134Z,2026-10-04T01:22:51.230Z,2026-10-04T01:22:51.282Z,2026-10-04T01:22:51.302Z,2026-10-04T01:22:51.545Z,2026-10-04T01:22:51.302Z,2026-10-04T01:22:51.378Z,2026-10-04T01:22:51.605Z,2026-10-04T01:22:51.712Z,2026-10-04T01:22:51.839Z,2026-10-04T01:22:51.970Z,2026-10-04T01:22:52.191Z,2026-10-04T01:22:52.191Z,2026-10-04T01:22:52.288Z,282,11,52,303,227,97,6,219,46,24,1606.320799999994,283.5984000000026,16.12630000000354,13.32510000000184,134.16470000000118,260.1107999999949,32.72049999999581,111.81049999999959,221.5807999999961,31.311600000000908,316.63700000000244,175.76630000000296,null,null,null,null,null,null
cmut4zfpj02o1xsbkip5dp209,image-to-video,performance_concurrent_flow,20,2026-10-04T01:22:50.780Z,2026-10-04T01:22:51.111Z,2026-10-04T01:22:51.121Z,2026-10-04T01:22:51.127Z,2026-10-04T01:22:50.786Z,2026-10-04T01:22:50.793Z,2026-10-04T01:22:51.061Z,2026-10-04T01:22:51.080Z,2026-10-04T01:22:51.104Z,2026-10-04T01:22:51.105Z,2026-10-04T01:22:51.106Z,2026-10-04T01:22:51.192Z,2026-10-04T01:22:51.293Z,2026-10-04T01:22:51.364Z,2026-10-04T01:22:51.383Z,2026-10-04T01:22:51.640Z,2026-10-04T01:22:51.383Z,2026-10-04T01:22:51.447Z,2026-10-04T01:22:51.705Z,2026-10-04T01:22:51.812Z,2026-10-04T01:22:51.946Z,2026-10-04T01:22:52.074Z,2026-10-04T01:22:52.289Z,2026-10-04T01:22:52.289Z,2026-10-04T01:22:52.374Z,331,16,71,322,258,85,6,268,44,24,1691.8639999999941,334.6825000000026,14.069100000000617,15.940499999996973,145.90350000000035,296.20500000000175,29.313799999996263,112.46499999999651,222.77260000000388,25.89159999999538,317.5168999999951,165.3585000000021,null,null,null,null,null,null
cmut4zfqu02o7xsbkws4e0ne4,text-to-video,performance_concurrent_flow,20,2026-10-04T01:22:50.780Z,2026-10-04T01:22:51.162Z,2026-10-04T01:22:51.172Z,2026-10-04T01:22:51.179Z,2026-10-04T01:22:50.786Z,2026-10-04T01:22:50.793Z,2026-10-04T01:22:51.112Z,2026-10-04T01:22:51.129Z,2026-10-04T01:22:51.156Z,2026-10-04T01:22:51.156Z,2026-10-04T01:22:51.156Z,2026-10-04T01:22:51.251Z,2026-10-04T01:22:51.326Z,2026-10-04T01:22:51.394Z,2026-10-04T01:22:51.411Z,2026-10-04T01:22:51.651Z,2026-10-04T01:22:51.411Z,2026-10-04T01:22:51.459Z,2026-10-04T01:22:51.709Z,2026-10-04T01:22:51.818Z,2026-10-04T01:22:51.953Z,2026-10-04T01:22:52.085Z,2026-10-04T01:22:52.298Z,2026-10-04T01:22:52.298Z,2026-10-04T01:22:52.387Z,382,17,68,298,250,89,6,319,44,27,1698.796899999994,386.27900000000227,17.743900000001304,16.5711999999985,123.56350000000384,278.11179999999877,23.86239999999816,106.1215000000011,225.4652999999962,29.98979999999574,317.3425999999963,161.2213000000047,null,null,null,null,null,null
cmut4zfsi02ogxsbkdwdbbs30,image-to-video,performance_concurrent_flow,20,2026-10-04T01:22:50.780Z,2026-10-04T01:22:51.227Z,2026-10-04T01:22:51.237Z,2026-10-04T01:22:51.244Z,2026-10-04T01:22:50.787Z,2026-10-04T01:22:50.793Z,2026-10-04T01:22:51.163Z,2026-10-04T01:22:51.189Z,2026-10-04T01:22:51.218Z,2026-10-04T01:22:51.221Z,2026-10-04T01:22:51.221Z,2026-10-04T01:22:51.322Z,2026-10-04T01:22:51.432Z,2026-10-04T01:22:51.505Z,2026-10-04T01:22:51.527Z,2026-10-04T01:22:51.821Z,2026-10-04T01:22:51.527Z,2026-10-04T01:22:51.623Z,2026-10-04T01:22:51.887Z,2026-10-04T01:22:51.989Z,2026-10-04T01:22:52.112Z,2026-10-04T01:22:52.235Z,2026-10-04T01:22:52.440Z,2026-10-04T01:22:52.440Z,2026-10-04T01:22:52.521Z,447,17,73,360,264,81,7,370,58,29,1826.402900000001,450.9178000000029,18.013299999998708,15.700900000003458,161.55400000000373,338.14650000000256,26.486900000003516,119.89519999999902,204.94200000000274,29.098699999995006,297.00220000000263,151.91359999999986,null,null,null,null,null,null
cmut4zfu302ooxsbkop8srn6w,text-to-video,performance_concurrent_flow,20,2026-10-04T01:22:50.780Z,2026-10-04T01:22:51.281Z,2026-10-04T01:22:51.293Z,2026-10-04T01:22:51.304Z,2026-10-04T01:22:50.787Z,2026-10-04T01:22:50.793Z,2026-10-04T01:22:51.227Z,2026-10-04T01:22:51.246Z,2026-10-04T01:22:51.275Z,2026-10-04T01:22:51.275Z,2026-10-04T01:22:51.275Z,2026-10-04T01:22:51.396Z,2026-10-04T01:22:51.477Z,2026-10-04T01:22:51.564Z,2026-10-04T01:22:51.584Z,2026-10-04T01:22:51.874Z,2026-10-04T01:22:51.584Z,2026-10-04T01:22:51.669Z,2026-10-04T01:22:51.931Z,2026-10-04T01:22:52.041Z,2026-10-04T01:22:52.162Z,2026-10-04T01:22:52.281Z,2026-10-04T01:22:52.471Z,2026-10-04T01:22:52.471Z,2026-10-04T01:22:52.547Z,501,23,87,347,262,76,7,434,48,29,1845.800000000003,505.9354999999996,20.498200000001816,25.803699999996752,137.90840000000026,340.7618999999977,29.932699999997567,110.88739999999962,209.99029999999766,26.315699999999197,281.66909999999916,138.63410000000295,null,null,null,null,null,null
cmut4zfvr02owxsbk5j1j7rqi,text-to-video,performance_concurrent_flow,20,2026-10-04T01:22:50.780Z,2026-10-04T01:22:51.356Z,2026-10-04T01:22:51.371Z,2026-10-04T01:22:51.378Z,2026-10-04T01:22:50.787Z,2026-10-04T01:22:50.793Z,2026-10-04T01:22:51.282Z,2026-10-04T01:22:51.309Z,2026-10-04T01:22:51.348Z,2026-10-04T01:22:51.348Z,2026-10-04T01:22:51.348Z,2026-10-04T01:22:51.489Z,2026-10-04T01:22:51.602Z,2026-10-04T01:22:51.675Z,2026-10-04T01:22:51.696Z,2026-10-04T01:22:51.997Z,2026-10-04T01:22:51.696Z,2026-10-04T01:22:51.790Z,2026-10-04T01:22:52.055Z,2026-10-04T01:22:52.156Z,2026-10-04T01:22:52.264Z,2026-10-04T01:22:52.390Z,2026-10-04T01:22:52.580Z,2026-10-04T01:22:52.580Z,2026-10-04T01:22:52.662Z,576,22,73,359,265,82,7,489,66,39,1973.085699999996,582.8159999999989,19.758799999995972,40.29060000000027,173.9701999999961,342.45120000000315,25.346400000002177,108.76840000000084,197.64700000000448,21.267399999996996,285.3327999999965,160.15890000000218,null,null,null,null,null,null
cmut4zfxu02p3xsbk3n21j5je,text-to-video,performance_concurrent_flow,20,2026-10-04T01:22:50.780Z,2026-10-04T01:22:51.441Z,2026-10-04T01:22:51.454Z,2026-10-04T01:22:51.463Z,2026-10-04T01:22:50.788Z,2026-10-04T01:22:50.794Z,2026-10-04T01:22:51.355Z,2026-10-04T01:22:51.381Z,2026-10-04T01:22:51.417Z,2026-10-04T01:22:51.417Z,2026-10-04T01:22:51.417Z,2026-10-04T01:22:51.574Z,2026-10-04T01:22:51.677Z,2026-10-04T01:22:51.766Z,2026-10-04T01:22:51.791Z,2026-10-04T01:22:52.086Z,2026-10-04T01:22:51.791Z,2026-10-04T01:22:51.883Z,2026-10-04T01:22:52.139Z,2026-10-04T01:22:52.234Z,2026-10-04T01:22:52.354Z,2026-10-04T01:22:52.470Z,2026-10-04T01:22:52.652Z,2026-10-04T01:22:52.652Z,2026-10-04T01:22:52.736Z,661,22,89,348,256,84,8,561,62,36,2029.053700000004,666.6037000000069,22.51929999999993,27.636100000003353,183.32389999999577,347.22550000000047,28.433499999999185,100.04379999999946,199.36810000000696,26.189900000004855,271.8229999999967,139.8038000000015,null,null,null,null,null,null
cmut4zg0g02pexsbkeveblpgm,image-to-video,performance_concurrent_flow,20,2026-10-04T01:22:50.780Z,2026-10-04T01:22:51.540Z,2026-10-04T01:22:51.555Z,2026-10-04T01:22:51.565Z,2026-10-04T01:22:50.788Z,2026-10-04T01:22:50.794Z,2026-10-04T01:22:51.444Z,2026-10-04T01:22:51.476Z,2026-10-04T01:22:51.524Z,2026-10-04T01:22:51.530Z,2026-10-04T01:22:51.530Z,2026-10-04T01:22:51.673Z,2026-10-04T01:22:51.843Z,2026-10-04T01:22:51.937Z,2026-10-04T01:22:51.960Z,2026-10-04T01:22:52.266Z,2026-10-04T01:22:51.960Z,2026-10-04T01:22:52.053Z,2026-10-04T01:22:52.317Z,2026-10-04T01:22:52.404Z,2026-10-04T01:22:52.512Z,2026-10-04T01:22:52.606Z,2026-10-04T01:22:52.766Z,2026-10-04T01:22:52.766Z,2026-10-04T01:22:52.843Z,760,25,94,357,264,77,8,650,86,48,2129.9084000000003,767.0891999999949,29.525199999996403,27.84730000000127,231.33520000000135,375.0107000000062,25.3836999999985,94.4233000000022,177.51440000000002,20.377699999997276,230.43159999999625,133.54529999999795,null,null,null,null,null,null
cmut4zg3e02ppxsbkofawqncs,image-to-video,performance_concurrent_flow,20,2026-10-04T01:22:50.780Z,2026-10-04T01:22:51.645Z,2026-10-04T01:22:51.658Z,2026-10-04T01:22:51.668Z,2026-10-04T01:22:50.789Z,2026-10-04T01:22:50.794Z,2026-10-04T01:22:51.540Z,2026-10-04T01:22:51.582Z,2026-10-04T01:22:51.631Z,2026-10-04T01:22:51.636Z,2026-10-04T01:22:51.636Z,2026-10-04T01:22:51.785Z,2026-10-04T01:22:51.953Z,2026-10-04T01:22:52.034Z,2026-10-04T01:22:52.059Z,2026-10-04T01:22:52.322Z,2026-10-04T01:22:52.059Z,2026-10-04T01:22:52.145Z,2026-10-04T01:22:52.372Z,2026-10-04T01:22:52.464Z,2026-10-04T01:22:52.561Z,2026-10-04T01:22:52.654Z,2026-10-04T01:22:52.825Z,2026-10-04T01:22:52.825Z,2026-10-04T01:22:52.901Z,865,23,81,313,227,76,9,746,96,49,2176.2580000000016,869.236699999994,34.877800000002026,25.69600000000355,234.35160000000178,327.04529999999795,21.635000000002037,93.90370000000257,167.40499999999884,19.36030000000028,247.23829999999725,117.09960000000137,null,null,null,null,null,null
cmut4zg6302pzxsbkua6hfqg8,image-to-video,performance_concurrent_flow,20,2026-10-04T01:22:50.780Z,2026-10-04T01:22:51.748Z,2026-10-04T01:22:51.765Z,2026-10-04T01:22:51.778Z,2026-10-04T01:22:50.789Z,2026-10-04T01:22:50.794Z,2026-10-04T01:22:51.645Z,2026-10-04T01:22:51.680Z,2026-10-04T01:22:51.730Z,2026-10-04T01:22:51.734Z,2026-10-04T01:22:51.735Z,2026-10-04T01:22:51.909Z,2026-10-04T01:22:52.075Z,2026-10-04T01:22:52.153Z,2026-10-04T01:22:52.171Z,2026-10-04T01:22:52.420Z,2026-10-04T01:22:52.171Z,2026-10-04T01:22:52.250Z,2026-10-04T01:22:52.466Z,2026-10-04T01:22:52.563Z,2026-10-04T01:22:52.649Z,2026-10-04T01:22:52.753Z,2026-10-04T01:22:52.909Z,2026-10-04T01:22:52.909Z,2026-10-04T01:22:52.956Z,968,30,78,295,216,47,9,851,89,50,2212.7186,976.9159999999974,27.665399999998044,33.50409999999829,245.4719999999943,292.2251000000033,29.12090000000171,99.39069999999629,156.83460000000196,24.559900000000198,234.95729999999458,71.66969999999856,null,null,null,null,null,null
cmut4zg8w02q9xsbktt345ki4,text-to-video,performance_concurrent_flow,20,2026-10-04T01:22:50.780Z,2026-10-04T01:22:51.844Z,2026-10-04T01:22:51.860Z,2026-10-04T01:22:51.875Z,2026-10-04T01:22:50.790Z,2026-10-04T01:22:50.794Z,2026-10-04T01:22:51.748Z,2026-10-04T01:22:51.780Z,2026-10-04T01:22:51.830Z,2026-10-04T01:22:51.830Z,2026-10-04T01:22:51.830Z,2026-10-04T01:22:51.995Z,2026-10-04T01:22:52.100Z,2026-10-04T01:22:52.176Z,2026-10-04T01:22:52.199Z,2026-10-04T01:22:52.456Z,2026-10-04T01:22:52.199Z,2026-10-04T01:22:52.282Z,2026-10-04T01:22:52.504Z,2026-10-04T01:22:52.585Z,2026-10-04T01:22:52.670Z,2026-10-04T01:22:52.767Z,2026-10-04T01:22:52.921Z,2026-10-04T01:22:52.921Z,2026-10-04T01:22:52.965Z,1064,31,76,305,222,44,10,954,82,50,2226.791900000004,1068.5071000000025,31.176800000001094,30.299000000006345,173.85060000000522,311.02189999999973,26.351399999999558,86.52429999999731,153.11299999999756,22.333800000000338,221.80479999999807,75.85349999999744,null,null,null,null,null,null
cmut4zgbu02qlxsbk4julqdhn,image-to-video,performance_concurrent_flow,20,2026-10-04T01:22:50.780Z,2026-10-04T01:22:51.951Z,2026-10-04T01:22:51.965Z,2026-10-04T01:22:51.977Z,2026-10-04T01:22:50.789Z,2026-10-04T01:22:50.795Z,2026-10-04T01:22:51.844Z,2026-10-04T01:22:51.887Z,2026-10-04T01:22:51.938Z,2026-10-04T01:22:51.944Z,2026-10-04T01:22:51.944Z,2026-10-04T01:22:52.092Z,2026-10-04T01:22:52.247Z,2026-10-04T01:22:52.317Z,2026-10-04T01:22:52.336Z,2026-10-04T01:22:52.571Z,2026-10-04T01:22:52.336Z,2026-10-04T01:22:52.399Z,2026-10-04T01:22:52.611Z,2026-10-04T01:22:52.699Z,2026-10-04T01:22:52.788Z,2026-10-04T01:22:52.891Z,2026-10-04T01:22:52.990Z,2026-10-04T01:22:52.990Z,2026-10-04T01:22:53.040Z,1171,26,70,275,212,50,9,1049,100,51,2286.678700000004,1175.6144000000058,30.20799999999872,25.43579999999929,222.43870000000607,281.36590000000433,25.398699999997916,81.23180000000139,163.1955999999991,19.83749999999418,180.2491000000009,60.59259999999631,null,null,null,null,null,null
cmut4zgen02qtxsbk7r4p479x,image-to-video,performance_concurrent_flow,20,2026-10-04T01:22:50.780Z,2026-10-04T01:22:52.055Z,2026-10-04T01:22:52.068Z,2026-10-04T01:22:52.077Z,2026-10-04T01:22:50.790Z,2026-10-04T01:22:50.795Z,2026-10-04T01:22:51.952Z,2026-10-04T01:22:51.988Z,2026-10-04T01:22:52.037Z,2026-10-04T01:22:52.044Z,2026-10-04T01:22:52.045Z,2026-10-04T01:22:52.182Z,2026-10-04T01:22:52.326Z,2026-10-04T01:22:52.391Z,2026-10-04T01:22:52.413Z,2026-10-04T01:22:52.640Z,2026-10-04T01:22:52.413Z,2026-10-04T01:22:52.486Z,2026-10-04T01:22:52.675Z,2026-10-04T01:22:52.759Z,2026-10-04T01:22:52.850Z,2026-10-04T01:22:52.930Z,2026-10-04T01:22:53.021Z,2026-10-04T01:22:53.021Z,2026-10-04T01:22:53.055Z,1275,22,65,262,189,34,10,1157,92,49,2309.4154000000053,1278.7976000000053,25.888299999998708,22.864699999998265,216.3506999999954,265.3917999999976,23.33520000000135,89.99099999999453,156.73359999999957,12.33650000000489,137.66769999999815,61.89730000000418,null,null,null,null,null,null
cmut4zhns02wfxsbk3u2vppdn,text-to-video,performance_concurrent_flow,20,2026-10-04T01:22:53.563Z,2026-10-04T01:22:53.624Z,2026-10-04T01:22:53.627Z,2026-10-04T01:22:53.631Z,2026-10-04T01:22:53.567Z,2026-10-04T01:22:53.573Z,2026-10-04T01:22:53.601Z,2026-10-04T01:22:53.609Z,2026-10-04T01:22:53.621Z,2026-10-04T01:22:53.621Z,2026-10-04T01:22:53.621Z,2026-10-04T01:22:53.657Z,2026-10-04T01:22:53.686Z,2026-10-04T01:22:53.712Z,2026-10-04T01:22:53.725Z,2026-10-04T01:22:53.838Z,2026-10-04T01:22:53.725Z,2026-10-04T01:22:53.754Z,2026-10-04T01:22:53.866Z,2026-10-04T01:22:53.921Z,2026-10-04T01:22:53.998Z,2026-10-04T01:22:54.081Z,2026-10-04T01:22:54.242Z,2026-10-04T01:22:54.242Z,2026-10-04T01:22:54.330Z,61,7,26,141,112,88,4,28,20,12,856.9839999999967,61.77930000000197,7.015699999996286,6.925500000004831,44.52889999999752,132.2494000000006,10.72389999999723,55.65479999999661,123.51200000000244,16.788300000000163,243.25190000000293,148.70650000000023,null,null,null,null,null,null
cmut4zhn402waxsbkcb5leh84,image-to-video,performance_concurrent_flow,20,2026-10-04T01:22:53.563Z,2026-10-04T01:22:53.600Z,2026-10-04T01:22:53.604Z,2026-10-04T01:22:53.608Z,2026-10-04T01:22:53.566Z,2026-10-04T01:22:53.572Z,2026-10-04T01:22:53.576Z,2026-10-04T01:22:53.586Z,2026-10-04T01:22:53.597Z,2026-10-04T01:22:53.598Z,2026-10-04T01:22:53.598Z,2026-10-04T01:22:53.630Z,2026-10-04T01:22:53.671Z,2026-10-04T01:22:53.697Z,2026-10-04T01:22:53.713Z,2026-10-04T01:22:53.820Z,2026-10-04T01:22:53.713Z,2026-10-04T01:22:53.738Z,2026-10-04T01:22:53.842Z,2026-10-04T01:22:53.896Z,2026-10-04T01:22:53.967Z,2026-10-04T01:22:54.046Z,2026-10-04T01:22:54.216Z,2026-10-04T01:22:54.216Z,2026-10-04T01:22:54.330Z,37,8,26,129,104,114,3,4,22,11,854.2671000000046,39.094300000004296,5.328300000001036,5.88289999999688,56.25770000000193,130.8536000000022,8.41870000000199,46.44679999999789,118.8327000000063,12.391799999997602,276.57270000000426,148.73690000000352,null,null,null,null,null,null
cmut4zhoe02wjxsbk5gu7o0lv,text-to-video,performance_concurrent_flow,20,2026-10-04T01:22:53.563Z,2026-10-04T01:22:53.647Z,2026-10-04T01:22:53.652Z,2026-10-04T01:22:53.656Z,2026-10-04T01:22:53.567Z,2026-10-04T01:22:53.573Z,2026-10-04T01:22:53.623Z,2026-10-04T01:22:53.631Z,2026-10-04T01:22:53.645Z,2026-10-04T01:22:53.645Z,2026-10-04T01:22:53.645Z,2026-10-04T01:22:53.686Z,2026-10-04T01:22:53.719Z,2026-10-04T01:22:53.742Z,2026-10-04T01:22:53.760Z,2026-10-04T01:22:53.894Z,2026-10-04T01:22:53.760Z,2026-10-04T01:22:53.805Z,2026-10-04T01:22:53.922Z,2026-10-04T01:22:53.988Z,2026-10-04T01:22:54.065Z,2026-10-04T01:22:54.160Z,2026-10-04T01:22:54.318Z,2026-10-04T01:22:54.318Z,2026-10-04T01:22:54.405Z,84,9,23,162,117,87,4,50,22,14,942.5514000000039,85.85789999999542,9.590799999998126,6.441400000003341,49.89979999999923,149.20829999999842,15.900199999996403,59.055099999997765,132.01229999999487,18.89979999999923,236.36159999999654,172.41930000000139,null,null,null,null,null,null
cmut4zhp302wnxsbkpd2esjkg,text-to-video,performance_concurrent_flow,20,2026-10-04T01:22:53.563Z,2026-10-04T01:22:53.675Z,2026-10-04T01:22:53.680Z,2026-10-04T01:22:53.684Z,2026-10-04T01:22:53.567Z,2026-10-04T01:22:53.573Z,2026-10-04T01:22:53.648Z,2026-10-04T01:22:53.657Z,2026-10-04T01:22:53.672Z,2026-10-04T01:22:53.673Z,2026-10-04T01:22:53.673Z,2026-10-04T01:22:53.721Z,2026-10-04T01:22:53.753Z,2026-10-04T01:22:53.787Z,2026-10-04T01:22:53.803Z,2026-10-04T01:22:53.930Z,2026-10-04T01:22:53.803Z,2026-10-04T01:22:53.833Z,2026-10-04T01:22:53.968Z,2026-10-04T01:22:54.032Z,2026-10-04T01:22:54.117Z,2026-10-04T01:22:54.226Z,2026-10-04T01:22:54.432Z,2026-10-04T01:22:54.432Z,2026-10-04T01:22:54.532Z,112,9,34,165,135,100,4,75,25,15,1066.597600000001,114.62610000000132,11.592799999998533,9.255900000003749,51.720900000000256,152.80340000000433,13.902499999996508,65.43939999999566,143.70760000000155,20.944100000000617,301.94379999999364,174.46459999999934,null,null,null,null,null,null
cmut4zhpy02wrxsbkw4p7pyy3,image-to-video,performance_concurrent_flow,20,2026-10-04T01:22:53.563Z,2026-10-04T01:22:53.708Z,2026-10-04T01:22:53.713Z,2026-10-04T01:22:53.717Z,2026-10-04T01:22:53.568Z,2026-10-04T01:22:53.573Z,2026-10-04T01:22:53.676Z,2026-10-04T01:22:53.688Z,2026-10-04T01:22:53.704Z,2026-10-04T01:22:53.705Z,2026-10-04T01:22:53.705Z,2026-10-04T01:22:53.749Z,2026-10-04T01:22:53.818Z,2026-10-04T01:22:53.850Z,2026-10-04T01:22:53.865Z,2026-10-04T01:22:54.033Z,2026-10-04T01:22:53.865Z,2026-10-04T01:22:53.913Z,2026-10-04T01:22:54.074Z,2026-10-04T01:22:54.150Z,2026-10-04T01:22:54.240Z,2026-10-04T01:22:54.351Z,2026-10-04T01:22:54.564Z,2026-10-04T01:22:54.564Z,2026-10-04T01:22:54.660Z,145,9,32,209,161,96,5,103,29,16,1193.985799999995,147.24899999999616,7.478000000002794,7.62329999999929,90.52380000000267,187.01699999999983,16.8125,73.3130999999994,169.68349999999919,23.147499999999127,287.2330000000002,177.21169999999984,null,null,null,null,null,null
cmut4zhsz02xbxsbkqw1w6uu0,text-to-video,performance_concurrent_flow,20,2026-10-04T01:22:53.563Z,2026-10-04T01:22:53.824Z,2026-10-04T01:22:53.830Z,2026-10-04T01:22:53.834Z,2026-10-04T01:22:53.569Z,2026-10-04T01:22:53.574Z,2026-10-04T01:22:53.781Z,2026-10-04T01:22:53.801Z,2026-10-04T01:22:53.819Z,2026-10-04T01:22:53.819Z,2026-10-04T01:22:53.819Z,2026-10-04T01:22:53.892Z,2026-10-04T01:22:53.947Z,2026-10-04T01:22:53.993Z,2026-10-04T01:22:54.012Z,2026-10-04T01:22:54.219Z,2026-10-04T01:22:54.012Z,2026-10-04T01:22:54.067Z,2026-10-04T01:22:54.245Z,2026-10-04T01:22:54.341Z,2026-10-04T01:22:54.456Z,2026-10-04T01:22:54.576Z,2026-10-04T01:22:54.780Z,2026-10-04T01:22:54.780Z,2026-10-04T01:22:54.873Z,261,10,46,233,178,93,6,207,38,18,1398.107799999998,263.40899999999965,14.34479999999894,11.623399999996764,92.82440000000497,229.8946999999971,19.307400000005146,89.64620000000286,179.89809999999852,24.273600000000442,304.03779999999824,160.9873000000007,null,null,null,null,null,null
cmut4zhqv02wyxsbkk7zx7pu8,image-to-video,performance_concurrent_flow,20,2026-10-04T01:22:53.563Z,2026-10-04T01:22:53.741Z,2026-10-04T01:22:53.746Z,2026-10-04T01:22:53.752Z,2026-10-04T01:22:53.568Z,2026-10-04T01:22:53.573Z,2026-10-04T01:22:53.708Z,2026-10-04T01:22:53.721Z,2026-10-04T01:22:53.736Z,2026-10-04T01:22:53.738Z,2026-10-04T01:22:53.738Z,2026-10-04T01:22:53.806Z,2026-10-04T01:22:53.876Z,2026-10-04T01:22:53.916Z,2026-10-04T01:22:53.932Z,2026-10-04T01:22:54.139Z,2026-10-04T01:22:53.932Z,2026-10-04T01:22:53.985Z,2026-10-04T01:22:54.186Z,2026-10-04T01:22:54.342Z,2026-10-04T01:22:54.467Z,2026-10-04T01:22:54.592Z,2026-10-04T01:22:54.787Z,2026-10-04T01:22:54.787Z,2026-10-04T01:22:54.879Z,178,11,40,254,201,92,5,135,30,15,1404.0236000000004,180.33559999999852,13.429199999998673,12.735599999999977,102.94230000000243,226.32330000000366,21.71070000000327,148.4875000000029,207.85059999999794,27.02900000000227,294.5399000000034,159.56300000000192,null,null,null,null,null,null
cmut4zhrq02x6xsbklrfq7b8k,text-to-video,performance_concurrent_flow,20,2026-10-04T01:22:53.563Z,2026-10-04T01:22:53.781Z,2026-10-04T01:22:53.788Z,2026-10-04T01:22:53.796Z,2026-10-04T01:22:53.568Z,2026-10-04T01:22:53.573Z,2026-10-04T01:22:53.741Z,2026-10-04T01:22:53.752Z,2026-10-04T01:22:53.776Z,2026-10-04T01:22:53.776Z,2026-10-04T01:22:53.777Z,2026-10-04T01:22:53.844Z,2026-10-04T01:22:53.898Z,2026-10-04T01:22:53.941Z,2026-10-04T01:22:53.958Z,2026-10-04T01:22:54.173Z,2026-10-04T01:22:53.958Z,2026-10-04T01:22:54.011Z,2026-10-04T01:22:54.223Z,2026-10-04T01:22:54.350Z,2026-10-04T01:22:54.473Z,2026-10-04T01:22:54.597Z,2026-10-04T01:22:54.803Z,2026-10-04T01:22:54.803Z,2026-10-04T01:22:54.889Z,218,15,43,265,212,86,5,168,35,24,1410.809000000001,221.38680000000022,14.348599999997532,9.949300000000221,83.26460000000225,233.2682000000059,25.694599999995262,127.50620000000345,201.80589999999938,27.014200000005076,299.9721999999965,155.09219999999914,null,null,null,null,null,null
cmut4zhu102xhxsbkvq6xn50l,text-to-video,performance_concurrent_flow,20,2026-10-04T01:22:53.563Z,2026-10-04T01:22:53.864Z,2026-10-04T01:22:53.875Z,2026-10-04T01:22:53.881Z,2026-10-04T01:22:53.568Z,2026-10-04T01:22:53.574Z,2026-10-04T01:22:53.823Z,2026-10-04T01:22:53.836Z,2026-10-04T01:22:53.858Z,2026-10-04T01:22:53.859Z,2026-10-04T01:22:53.859Z,2026-10-04T01:22:53.939Z,2026-10-04T01:22:54.003Z,2026-10-04T01:22:54.053Z,2026-10-04T01:22:54.069Z,2026-10-04T01:22:54.302Z,2026-10-04T01:22:54.069Z,2026-10-04T01:22:54.131Z,2026-10-04T01:22:54.341Z,2026-10-04T01:22:54.437Z,2026-10-04T01:22:54.556Z,2026-10-04T01:22:54.673Z,2026-10-04T01:22:54.869Z,2026-10-04T01:22:54.869Z,2026-10-04T01:22:54.960Z,301,17,50,272,210,91,5,249,36,22,1477.3819000000003,304.74529999999504,13.847600000000966,13.674599999998463,100.2445000000007,260.1533999999956,22.859800000005635,82.29720000000088,196.58020000000397,25.423600000001898,290.93109999999433,153.0046000000002,null,null,null,null,null,null
cmut4zhvi02xmxsbksvo4vdbq,image-to-video,performance_concurrent_flow,20,2026-10-04T01:22:53.563Z,2026-10-04T01:22:53.921Z,2026-10-04T01:22:53.929Z,2026-10-04T01:22:53.937Z,2026-10-04T01:22:53.569Z,2026-10-04T01:22:53.574Z,2026-10-04T01:22:53.865Z,2026-10-04T01:22:53.889Z,2026-10-04T01:22:53.914Z,2026-10-04T01:22:53.917Z,2026-10-04T01:22:53.917Z,2026-10-04T01:22:54.005Z,2026-10-04T01:22:54.109Z,2026-10-04T01:22:54.172Z,2026-10-04T01:22:54.194Z,2026-10-04T01:22:54.423Z,2026-10-04T01:22:54.194Z,2026-10-04T01:22:54.267Z,2026-10-04T01:22:54.480Z,2026-10-04T01:22:54.582Z,2026-10-04T01:22:54.701Z,2026-10-04T01:22:54.814Z,2026-10-04T01:22:55.006Z,2026-10-04T01:22:55.006Z,2026-10-04T01:22:55.083Z,358,16,63,286,213,77,6,291,52,25,1596.8580000000002,361.70820000000094,15.702599999996892,18.593300000000454,143.95410000000265,272.44680000000517,23.222299999993993,105.17480000000069,203.12229999999545,26.305500000002212,274.27320000000327,139.96280000000115,null,null,null,null,null,null
cmut4zhx502xyxsbks4u9juvl,image-to-video,performance_concurrent_flow,20,2026-10-04T01:22:53.563Z,2026-10-04T01:22:53.986Z,2026-10-04T01:22:53.993Z,2026-10-04T01:22:54.003Z,2026-10-04T01:22:53.569Z,2026-10-04T01:22:53.574Z,2026-10-04T01:22:53.922Z,2026-10-04T01:22:53.947Z,2026-10-04T01:22:53.979Z,2026-10-04T01:22:53.981Z,2026-10-04T01:22:53.981Z,2026-10-04T01:22:54.073Z,2026-10-04T01:22:54.191Z,2026-10-04T01:22:54.243Z,2026-10-04T01:22:54.282Z,2026-10-04T01:22:54.527Z,2026-10-04T01:22:54.282Z,2026-10-04T01:22:54.346Z,2026-10-04T01:22:54.581Z,2026-10-04T01:22:54.680Z,2026-10-04T01:22:54.794Z,2026-10-04T01:22:54.904Z,2026-10-04T01:22:55.085Z,2026-10-04T01:22:55.085Z,2026-10-04T01:22:55.156Z,423,17,52,299,235,71,6,348,59,32,1700.2933000000048,425.57570000000123,14.984600000003411,16.227000000006228,164.79729999999836,288.9337999999989,26.434300000000803,102.26630000000296,193.07719999999972,24.321600000002945,269.53250000000116,159.79530000000523,null,null,null,null,null,null
cmut4zhyp02y6xsbkbus3za34,text-to-video,performance_concurrent_flow,20,2026-10-04T01:22:53.563Z,2026-10-04T01:22:54.037Z,2026-10-04T01:22:54.048Z,2026-10-04T01:22:54.056Z,2026-10-04T01:22:53.570Z,2026-10-04T01:22:53.574Z,2026-10-04T01:22:53.985Z,2026-10-04T01:22:54.004Z,2026-10-04T01:22:54.031Z,2026-10-04T01:22:54.031Z,2026-10-04T01:22:54.031Z,2026-10-04T01:22:54.133Z,2026-10-04T01:22:54.221Z,2026-10-04T01:22:54.322Z,2026-10-04T01:22:54.346Z,2026-10-04T01:22:54.616Z,2026-10-04T01:22:54.346Z,2026-10-04T01:22:54.422Z,2026-10-04T01:22:54.672Z,2026-10-04T01:22:54.769Z,2026-10-04T01:22:54.876Z,2026-10-04T01:22:54.985Z,2026-10-04T01:22:55.152Z,2026-10-04T01:22:55.152Z,2026-10-04T01:22:55.235Z,474,19,101,326,250,83,7,411,46,27,1769.2622999999949,476.67869999999675,18.559500000003027,17.649700000001758,174.57930000000488,312.23129999999946,26.91540000000532,104.33129999999801,180.62320000000182,21.389299999995274,255.10879999999452,165.2684999999983,null,null,null,null,null,null
cmut4zi0702ygxsbk2i4wypu6,text-to-video,performance_concurrent_flow,20,2026-10-04T01:22:53.563Z,2026-10-04T01:22:54.096Z,2026-10-04T01:22:54.106Z,2026-10-04T01:22:54.114Z,2026-10-04T01:22:53.570Z,2026-10-04T01:22:53.574Z,2026-10-04T01:22:54.038Z,2026-10-04T01:22:54.057Z,2026-10-04T01:22:54.088Z,2026-10-04T01:22:54.088Z,2026-10-04T01:22:54.089Z,2026-10-04T01:22:54.201Z,2026-10-04T01:22:54.305Z,2026-10-04T01:22:54.362Z,2026-10-04T01:22:54.379Z,2026-10-04T01:22:54.649Z,2026-10-04T01:22:54.379Z,2026-10-04T01:22:54.461Z,2026-10-04T01:22:54.699Z,2026-10-04T01:22:54.795Z,2026-10-04T01:22:54.901Z,2026-10-04T01:22:55.012Z,2026-10-04T01:22:55.170Z,2026-10-04T01:22:55.170Z,2026-10-04T01:22:55.261Z,533,18,57,320,238,91,7,464,50,31,1805.9458000000013,537.2249000000011,20.01629999999568,21.318999999995867,155.43829999999434,294.82310000000143,22.77679999999964,105.72310000000289,184.09679999999935,24.634399999995367,245.56210000000283,180.1258999999991,null,null,null,null,null,null
cmut4zi1t02ymxsbk45g6zrl6,text-to-video,performance_concurrent_flow,20,2026-10-04T01:22:53.563Z,2026-10-04T01:22:54.165Z,2026-10-04T01:22:54.178Z,2026-10-04T01:22:54.186Z,2026-10-04T01:22:53.570Z,2026-10-04T01:22:53.575Z,2026-10-04T01:22:54.096Z,2026-10-04T01:22:54.116Z,2026-10-04T01:22:54.155Z,2026-10-04T01:22:54.155Z,2026-10-04T01:22:54.155Z,2026-10-04T01:22:54.320Z,2026-10-04T01:22:54.416Z,2026-10-04T01:22:54.495Z,2026-10-04T01:22:54.515Z,2026-10-04T01:22:54.779Z,2026-10-04T01:22:54.515Z,2026-10-04T01:22:54.603Z,2026-10-04T01:22:54.831Z,2026-10-04T01:22:54.921Z,2026-10-04T01:22:55.027Z,2026-10-04T01:22:55.127Z,2026-10-04T01:22:55.315Z,2026-10-04T01:22:55.315Z,2026-10-04T01:22:55.425Z,602,21,79,316,228,110,7,521,59,39,1951.051999999996,606.5283999999956,18.790600000000268,63.75139999999374,158.92580000000453,320.9291999999987,21.87319999999454,90.46630000000005,181.36759999999776,23.282500000001164,268.14020000000164,180.87680000000546,null,null,null,null,null,null
cmut4zi3y02yuxsbkp0advo3h,image-to-video,performance_concurrent_flow,20,2026-10-04T01:22:53.563Z,2026-10-04T01:22:54.270Z,2026-10-04T01:22:54.282Z,2026-10-04T01:22:54.291Z,2026-10-04T01:22:53.571Z,2026-10-04T01:22:53.575Z,2026-10-04T01:22:54.165Z,2026-10-04T01:22:54.194Z,2026-10-04T01:22:54.232Z,2026-10-04T01:22:54.233Z,2026-10-04T01:22:54.233Z,2026-10-04T01:22:54.381Z,2026-10-04T01:22:54.528Z,2026-10-04T01:22:54.606Z,2026-10-04T01:22:54.624Z,2026-10-04T01:22:54.879Z,2026-10-04T01:22:54.624Z,2026-10-04T01:22:54.707Z,2026-10-04T01:22:54.927Z,2026-10-04T01:22:55.015Z,2026-10-04T01:22:55.112Z,2026-10-04T01:22:55.200Z,2026-10-04T01:22:55.417Z,2026-10-04T01:22:55.417Z,2026-10-04T01:22:55.510Z,707,21,78,303,220,93,8,590,68,38,2019.2462999999989,711.361699999994,21.249700000000303,20.417799999995623,204.3824999999997,305.6759999999995,21.239500000003318,95.13450000000012,166.75800000000163,15.104900000005728,296.04649999999674,145.45620000000054,null,null,null,null,null,null
cmut4zi6z02z3xsbk00hgwhj9,image-to-video,performance_concurrent_flow,20,2026-10-04T01:22:53.563Z,2026-10-04T01:22:54.348Z,2026-10-04T01:22:54.362Z,2026-10-04T01:22:54.370Z,2026-10-04T01:22:53.571Z,2026-10-04T01:22:53.575Z,2026-10-04T01:22:54.270Z,2026-10-04T01:22:54.304Z,2026-10-04T01:22:54.336Z,2026-10-04T01:22:54.339Z,2026-10-04T01:22:54.339Z,2026-10-04T01:22:54.472Z,2026-10-04T01:22:54.625Z,2026-10-04T01:22:54.699Z,2026-10-04T01:22:54.720Z,2026-10-04T01:22:54.959Z,2026-10-04T01:22:54.720Z,2026-10-04T01:22:54.795Z,2026-10-04T01:22:55.008Z,2026-10-04T01:22:55.087Z,2026-10-04T01:22:55.178Z,2026-10-04T01:22:55.291Z,2026-10-04T01:22:55.507Z,2026-10-04T01:22:55.507Z,2026-10-04T01:22:55.582Z,785,22,74,288,213,75,8,695,69,32,2099.355499999998,790.0267000000022,22.961899999994785,22.834999999999127,218.91399999999703,288.2852999999959,23.884400000002643,89.78710000000137,158.7283000000025,18.52679999999964,307.66279999999824,140.46480000000156,null,null,null,null,null,null
cmut4zi9802zkxsbksbetndnx,image-to-video,performance_concurrent_flow,20,2026-10-04T01:22:53.563Z,2026-10-04T01:22:54.440Z,2026-10-04T01:22:54.454Z,2026-10-04T01:22:54.463Z,2026-10-04T01:22:53.571Z,2026-10-04T01:22:53.575Z,2026-10-04T01:22:54.348Z,2026-10-04T01:22:54.384Z,2026-10-04T01:22:54.425Z,2026-10-04T01:22:54.430Z,2026-10-04T01:22:54.430Z,2026-10-04T01:22:54.567Z,2026-10-04T01:22:54.729Z,2026-10-04T01:22:54.801Z,2026-10-04T01:22:54.821Z,2026-10-04T01:22:55.053Z,2026-10-04T01:22:54.821Z,2026-10-04T01:22:54.892Z,2026-10-04T01:22:55.095Z,2026-10-04T01:22:55.168Z,2026-10-04T01:22:55.279Z,2026-10-04T01:22:55.415Z,2026-10-04T01:22:55.599Z,2026-10-04T01:22:55.599Z,2026-10-04T01:22:55.675Z,877,23,72,274,203,76,8,773,82,41,2187.0636000000013,883.7733999999982,23.31930000000284,26.390599999998813,227.92489999999816,280.38990000000194,20.6987999999983,86.67319999999745,169.28830000000016,24.843399999997928,291.2653999999966,136.79170000000158,null,null,null,null,null,null
cmut4zibq02zvxsbk9xoiee0a,image-to-video,performance_concurrent_flow,20,2026-10-04T01:22:53.563Z,2026-10-04T01:22:54.533Z,2026-10-04T01:22:54.550Z,2026-10-04T01:22:54.560Z,2026-10-04T01:22:53.572Z,2026-10-04T01:22:53.575Z,2026-10-04T01:22:54.440Z,2026-10-04T01:22:54.474Z,2026-10-04T01:22:54.520Z,2026-10-04T01:22:54.524Z,2026-10-04T01:22:54.524Z,2026-10-04T01:22:54.662Z,2026-10-04T01:22:54.801Z,2026-10-04T01:22:54.864Z,2026-10-04T01:22:54.886Z,2026-10-04T01:22:55.115Z,2026-10-04T01:22:54.886Z,2026-10-04T01:22:54.961Z,2026-10-04T01:22:55.147Z,2026-10-04T01:22:55.238Z,2026-10-04T01:22:55.359Z,2026-10-04T01:22:55.481Z,2026-10-04T01:22:55.656Z,2026-10-04T01:22:55.656Z,2026-10-04T01:22:55.724Z,970,27,63,261,186,68,9,865,84,46,2231.422099999996,975.3286999999982,22.664199999999255,25.741199999996752,200.56199999999808,271.346000000005,22.905900000005204,76.82890000000043,204.13160000000062,27.006200000003446,260.0020999999979,123.19080000000395,null,null,null,null,null,null
cmut4zie70301xsbkfgbpwiou,text-to-video,performance_concurrent_flow,20,2026-10-04T01:22:53.563Z,2026-10-04T01:22:54.614Z,2026-10-04T01:22:54.626Z,2026-10-04T01:22:54.638Z,2026-10-04T01:22:53.572Z,2026-10-04T01:22:53.575Z,2026-10-04T01:22:54.533Z,2026-10-04T01:22:54.563Z,2026-10-04T01:22:54.607Z,2026-10-04T01:22:54.607Z,2026-10-04T01:22:54.607Z,2026-10-04T01:22:54.740Z,2026-10-04T01:22:54.832Z,2026-10-04T01:22:54.900Z,2026-10-04T01:22:54.920Z,2026-10-04T01:22:55.157Z,2026-10-04T01:22:54.920Z,2026-10-04T01:22:54.991Z,2026-10-04T01:22:55.208Z,2026-10-04T01:22:55.309Z,2026-10-04T01:22:55.438Z,2026-10-04T01:22:55.542Z,2026-10-04T01:22:55.714Z,2026-10-04T01:22:55.714Z,2026-10-04T01:22:55.778Z,1051,24,68,288,217,64,9,958,74,44,2272.621800000001,1056.111499999999,26.100800000000163,22.44310000000405,155.02870000000257,293.3652000000002,14.752599999999802,92.41769999999815,214.37170000000333,21.28299999999581,249.3596000000034,108.85330000000249,null,null,null,null,null,null
cmut4zigq030bxsbkhahavl77,image-to-video,performance_concurrent_flow,20,2026-10-04T01:22:53.563Z,2026-10-04T01:22:54.707Z,2026-10-04T01:22:54.719Z,2026-10-04T01:22:54.730Z,2026-10-04T01:22:53.574Z,2026-10-04T01:22:53.576Z,2026-10-04T01:22:54.614Z,2026-10-04T01:22:54.654Z,2026-10-04T01:22:54.692Z,2026-10-04T01:22:54.698Z,2026-10-04T01:22:54.698Z,2026-10-04T01:22:54.825Z,2026-10-04T01:22:54.962Z,2026-10-04T01:22:55.026Z,2026-10-04T01:22:55.045Z,2026-10-04T01:22:55.265Z,2026-10-04T01:22:55.045Z,2026-10-04T01:22:55.115Z,2026-10-04T01:22:55.315Z,2026-10-04T01:22:55.426Z,2026-10-04T01:22:55.529Z,2026-10-04T01:22:55.636Z,2026-10-04T01:22:55.777Z,2026-10-04T01:22:55.777Z,2026-10-04T01:22:55.827Z,1144,23,64,270,200,50,11,1038,84,38,2316.334799999997,1148.770199999999,24.486400000001595,19.080500000003667,196.36059999999998,259.47959999999875,19.67160000000149,103.46659999999974,193.05849999999919,18.788500000002387,224.4707999999955,90.77309999999852,null,null,null,null,null,null
cmut4zjvk035txsbkkfwjvy72,image-to-video,performance_concurrent_flow,20,2026-10-04T01:22:56.456Z,2026-10-04T01:22:56.497Z,2026-10-04T01:22:56.501Z,2026-10-04T01:22:56.506Z,2026-10-04T01:22:56.458Z,2026-10-04T01:22:56.464Z,2026-10-04T01:22:56.470Z,2026-10-04T01:22:56.481Z,2026-10-04T01:22:56.491Z,2026-10-04T01:22:56.493Z,2026-10-04T01:22:56.493Z,2026-10-04T01:22:56.533Z,2026-10-04T01:22:56.571Z,2026-10-04T01:22:56.590Z,2026-10-04T01:22:56.604Z,2026-10-04T01:22:56.697Z,2026-10-04T01:22:56.604Z,2026-10-04T01:22:56.628Z,2026-10-04T01:22:56.718Z,2026-10-04T01:22:56.777Z,2026-10-04T01:22:56.848Z,2026-10-04T01:22:56.928Z,2026-10-04T01:22:57.080Z,2026-10-04T01:22:57.080Z,2026-10-04T01:22:57.166Z,41,9,19,114,90,86,2,6,23,10,791.5911999999953,42.82820000000356,10.229999999995925,5.017899999998917,51.82619999999588,106.09019999999873,11.224699999998847,47.968300000000454,121.66909999999916,20.277799999996205,213.26810000000114,153.50729999999749,null,null,null,null,null,null
cmut4zjwb035yxsbkfqf0vq75,text-to-video,performance_concurrent_flow,20,2026-10-04T01:22:56.456Z,2026-10-04T01:22:56.525Z,2026-10-04T01:22:56.529Z,2026-10-04T01:22:56.532Z,2026-10-04T01:22:56.459Z,2026-10-04T01:22:56.465Z,2026-10-04T01:22:56.497Z,2026-10-04T01:22:56.511Z,2026-10-04T01:22:56.523Z,2026-10-04T01:22:56.523Z,2026-10-04T01:22:56.523Z,2026-10-04T01:22:56.554Z,2026-10-04T01:22:56.581Z,2026-10-04T01:22:56.602Z,2026-10-04T01:22:56.616Z,2026-10-04T01:22:56.706Z,2026-10-04T01:22:56.616Z,2026-10-04T01:22:56.640Z,2026-10-04T01:22:56.730Z,2026-10-04T01:22:56.785Z,2026-10-04T01:22:56.858Z,2026-10-04T01:22:56.937Z,2026-10-04T01:22:57.088Z,2026-10-04T01:22:57.088Z,2026-10-04T01:22:57.174Z,69,7,21,114,90,86,3,32,26,12,800.4304999999949,71.18550000000687,6.156699999999546,5.125400000004447,40.50159999999596,107.8295999999973,9.939500000000407,53.979599999998754,117.53540000000066,17.452600000004168,215.81350000000384,150.11119999999937,null,null,null,null,null,null
cmut4zjx30362xsbkmol2ctdq,image-to-video,performance_concurrent_flow,20,2026-10-04T01:22:56.456Z,2026-10-04T01:22:56.552Z,2026-10-04T01:22:56.556Z,2026-10-04T01:22:56.559Z,2026-10-04T01:22:56.459Z,2026-10-04T01:22:56.465Z,2026-10-04T01:22:56.525Z,2026-10-04T01:22:56.536Z,2026-10-04T01:22:56.548Z,2026-10-04T01:22:56.549Z,2026-10-04T01:22:56.549Z,2026-10-04T01:22:56.586Z,2026-10-04T01:22:56.632Z,2026-10-04T01:22:56.656Z,2026-10-04T01:22:56.670Z,2026-10-04T01:22:56.810Z,2026-10-04T01:22:56.670Z,2026-10-04T01:22:56.706Z,2026-10-04T01:22:56.843Z,2026-10-04T01:22:56.911Z,2026-10-04T01:22:56.988Z,2026-10-04T01:22:57.075Z,2026-10-04T01:22:57.259Z,2026-10-04T01:22:57.259Z,2026-10-04T01:22:57.362Z,96,7,24,173,137,103,3,60,24,12,1021.5195000000022,98.17219999999361,6.398000000001048,6.984199999998964,63.842200000006414,146.35859999999957,17.99279999999999,67.52459999999701,132.35919999999896,17.90280000000348,264.4372999999978,193.89360000000306,null,null,null,null,null,null
cmut4zjxu0367xsbko74i0hhb,text-to-video,performance_concurrent_flow,20,2026-10-04T01:22:56.456Z,2026-10-04T01:22:56.590Z,2026-10-04T01:22:56.595Z,2026-10-04T01:22:56.600Z,2026-10-04T01:22:56.459Z,2026-10-04T01:22:56.465Z,2026-10-04T01:22:56.553Z,2026-10-04T01:22:56.564Z,2026-10-04T01:22:56.587Z,2026-10-04T01:22:56.587Z,2026-10-04T01:22:56.587Z,2026-10-04T01:22:56.632Z,2026-10-04T01:22:56.662Z,2026-10-04T01:22:56.691Z,2026-10-04T01:22:56.705Z,2026-10-04T01:22:56.871Z,2026-10-04T01:22:56.705Z,2026-10-04T01:22:56.753Z,2026-10-04T01:22:56.907Z,2026-10-04T01:22:56.973Z,2026-10-04T01:22:57.055Z,2026-10-04T01:22:57.157Z,2026-10-04T01:22:57.349Z,2026-10-04T01:22:57.349Z,2026-10-04T01:22:57.454Z,134,10,29,202,154,105,3,88,34,23,1111.7834000000003,136.4140999999945,9.713700000000244,6.750399999997171,48.07800000000134,180.72129999999743,14.80510000000504,66.24610000000393,141.50250000000233,18.718000000000757,278.51720000000205,202.11650000000373,null,null,null,null,null,null
cmut4zjyv036dxsbk0dekln83,text-to-video,performance_concurrent_flow,20,2026-10-04T01:22:56.456Z,2026-10-04T01:22:56.623Z,2026-10-04T01:22:56.627Z,2026-10-04T01:22:56.631Z,2026-10-04T01:22:56.460Z,2026-10-04T01:22:56.466Z,2026-10-04T01:22:56.590Z,2026-10-04T01:22:56.602Z,2026-10-04T01:22:56.621Z,2026-10-04T01:22:56.621Z,2026-10-04T01:22:56.621Z,2026-10-04T01:22:56.665Z,2026-10-04T01:22:56.705Z,2026-10-04T01:22:56.740Z,2026-10-04T01:22:56.760Z,2026-10-04T01:22:56.916Z,2026-10-04T01:22:56.760Z,2026-10-04T01:22:56.804Z,2026-10-04T01:22:56.948Z,2026-10-04T01:22:57.016Z,2026-10-04T01:22:57.107Z,2026-10-04T01:22:57.212Z,2026-10-04T01:22:57.431Z,2026-10-04T01:22:57.431Z,2026-10-04T01:22:57.541Z,167,8,35,188,144,110,4,124,31,19,1199.6828000000023,169.13300000000163,9.446400000000722,8.213999999999942,60.98429999999644,181.10970000000088,17.500299999999697,67.54970000000321,147.36760000000504,21.612999999997555,305.89919999999984,204.21300000000338,null,null,null,null,null,null
cmut4zjzu036ixsbk1d5thfdw,image-to-video,performance_concurrent_flow,20,2026-10-04T01:22:56.456Z,2026-10-04T01:22:56.656Z,2026-10-04T01:22:56.662Z,2026-10-04T01:22:56.666Z,2026-10-04T01:22:56.460Z,2026-10-04T01:22:56.466Z,2026-10-04T01:22:56.623Z,2026-10-04T01:22:56.636Z,2026-10-04T01:22:56.650Z,2026-10-04T01:22:56.652Z,2026-10-04T01:22:56.652Z,2026-10-04T01:22:56.709Z,2026-10-04T01:22:56.784Z,2026-10-04T01:22:56.833Z,2026-10-04T01:22:56.849Z,2026-10-04T01:22:57.024Z,2026-10-04T01:22:56.849Z,2026-10-04T01:22:56.908Z,2026-10-04T01:22:57.067Z,2026-10-04T01:22:57.150Z,2026-10-04T01:22:57.248Z,2026-10-04T01:22:57.372Z,2026-10-04T01:22:57.620Z,2026-10-04T01:22:57.620Z,2026-10-04T01:22:57.723Z,200,10,49,218,159,103,4,157,29,14,1368.7684000000008,203.5329999999958,9.298600000001898,12.856299999999464,102.46169999999984,209.17960000000312,16.18189999999595,77.04160000000411,175.66220000000612,26.677000000003318,343.4146000000037,185.78540000000066,null,null,null,null,null,null
cmut4zk0s036pxsbkhzui4tmv,image-to-video,performance_concurrent_flow,20,2026-10-04T01:22:56.456Z,2026-10-04T01:22:56.696Z,2026-10-04T01:22:56.702Z,2026-10-04T01:22:56.707Z,2026-10-04T01:22:56.461Z,2026-10-04T01:22:56.466Z,2026-10-04T01:22:56.656Z,2026-10-04T01:22:56.670Z,2026-10-04T01:22:56.690Z,2026-10-04T01:22:56.692Z,2026-10-04T01:22:56.692Z,2026-10-04T01:22:56.763Z,2026-10-04T01:22:56.854Z,2026-10-04T01:22:56.906Z,2026-10-04T01:22:56.922Z,2026-10-04T01:22:57.115Z,2026-10-04T01:22:56.922Z,2026-10-04T01:22:56.977Z,2026-10-04T01:22:57.165Z,2026-10-04T01:22:57.247Z,2026-10-04T01:22:57.373Z,2026-10-04T01:22:57.514Z,2026-10-04T01:22:57.746Z,2026-10-04T01:22:57.746Z,2026-10-04T01:22:57.848Z,240,11,52,243,188,102,5,190,36,20,1476.9110999999975,243.16219999999885,10.605000000003201,12.005700000001525,130.26380000000063,221.36939999999595,24.42679999999382,88.48869999999442,200.84799999999814,28.52060000000347,345.94630000000325,163.14600000000064,null,null,null,null,null,null
cmut4zk1v036wxsbkk43ma6s8,text-to-video,performance_concurrent_flow,20,2026-10-04T01:22:56.456Z,2026-10-04T01:22:56.737Z,2026-10-04T01:22:56.749Z,2026-10-04T01:22:56.764Z,2026-10-04T01:22:56.461Z,2026-10-04T01:22:56.466Z,2026-10-04T01:22:56.696Z,2026-10-04T01:22:56.710Z,2026-10-04T01:22:56.731Z,2026-10-04T01:22:56.732Z,2026-10-04T01:22:56.732Z,2026-10-04T01:22:56.825Z,2026-10-04T01:22:56.889Z,2026-10-04T01:22:56.934Z,2026-10-04T01:22:56.951Z,2026-10-04T01:22:57.182Z,2026-10-04T01:22:56.951Z,2026-10-04T01:22:57.010Z,2026-10-04T01:22:57.230Z,2026-10-04T01:22:57.328Z,2026-10-04T01:22:57.454Z,2026-10-04T01:22:57.595Z,2026-10-04T01:22:57.824Z,2026-10-04T01:22:57.824Z,2026-10-04T01:22:57.913Z,281,27,45,279,220,89,5,230,36,21,1550.785100000001,284.53250000000116,12.45049999999901,12.685999999994237,106.49299999999494,255.8793000000005,21.494299999998475,82.85770000000048,218.62019999999757,31.596299999997427,338.3816999999981,162.34640000000218,null,null,null,null,null,null
cmut4zk380372xsbkdilge8rs,text-to-video,performance_concurrent_flow,20,2026-10-04T01:22:56.456Z,2026-10-04T01:22:56.790Z,2026-10-04T01:22:56.802Z,2026-10-04T01:22:56.809Z,2026-10-04T01:22:56.462Z,2026-10-04T01:22:56.466Z,2026-10-04T01:22:56.737Z,2026-10-04T01:22:56.759Z,2026-10-04T01:22:56.782Z,2026-10-04T01:22:56.782Z,2026-10-04T01:22:56.782Z,2026-10-04T01:22:56.878Z,2026-10-04T01:22:56.937Z,2026-10-04T01:22:56.989Z,2026-10-04T01:22:57.006Z,2026-10-04T01:22:57.215Z,2026-10-04T01:22:57.006Z,2026-10-04T01:22:57.063Z,2026-10-04T01:22:57.260Z,2026-10-04T01:22:57.360Z,2026-10-04T01:22:57.500Z,2026-10-04T01:22:57.638Z,2026-10-04T01:22:57.863Z,2026-10-04T01:22:57.863Z,2026-10-04T01:22:57.943Z,334,19,52,254,197,80,6,271,45,23,1583.3130999999994,339.51000000000204,18.286299999999756,14.0853000000061,101.81179999999586,239.49109999999928,21.61609999999928,94.88730000000214,221.3764999999985,26.479200000001583,331.69439999999304,160.0728999999992,null,null,null,null,null,null
cmut4zk4q037bxsbk8acndq7d,text-to-video,performance_concurrent_flow,20,2026-10-04T01:22:56.456Z,2026-10-04T01:22:56.854Z,2026-10-04T01:22:56.861Z,2026-10-04T01:22:56.872Z,2026-10-04T01:22:56.461Z,2026-10-04T01:22:56.467Z,2026-10-04T01:22:56.790Z,2026-10-04T01:22:56.813Z,2026-10-04T01:22:56.847Z,2026-10-04T01:22:56.847Z,2026-10-04T01:22:56.847Z,2026-10-04T01:22:56.933Z,2026-10-04T01:22:57.005Z,2026-10-04T01:22:57.060Z,2026-10-04T01:22:57.076Z,2026-10-04T01:22:57.320Z,2026-10-04T01:22:57.076Z,2026-10-04T01:22:57.149Z,2026-10-04T01:22:57.370Z,2026-10-04T01:22:57.487Z,2026-10-04T01:22:57.622Z,2026-10-04T01:22:57.748Z,2026-10-04T01:22:57.955Z,2026-10-04T01:22:57.955Z,2026-10-04T01:22:58.043Z,398,18,55,294,221,88,5,323,57,34,1674.9368000000031,400.9886999999944,17.550900000002002,16.182600000000093,105.17420000000129,268.6322,30.48819999999978,102.60259999999835,226.95980000000418,30.460400000003574,304.7502999999997,156.07420000000275,null,null,null,null,null,null
cmut4zk6n037gxsbk6vej0hs2,image-to-video,performance_concurrent_flow,20,2026-10-04T01:22:56.456Z,2026-10-04T01:22:56.921Z,2026-10-04T01:22:56.928Z,2026-10-04T01:22:56.935Z,2026-10-04T01:22:56.462Z,2026-10-04T01:22:56.468Z,2026-10-04T01:22:56.854Z,2026-10-04T01:22:56.882Z,2026-10-04T01:22:56.913Z,2026-10-04T01:22:56.915Z,2026-10-04T01:22:56.915Z,2026-10-04T01:22:57.010Z,2026-10-04T01:22:57.123Z,2026-10-04T01:22:57.188Z,2026-10-04T01:22:57.206Z,2026-10-04T01:22:57.482Z,2026-10-04T01:22:57.206Z,2026-10-04T01:22:57.285Z,2026-10-04T01:22:57.544Z,2026-10-04T01:22:57.657Z,2026-10-04T01:22:57.786Z,2026-10-04T01:22:57.903Z,2026-10-04T01:22:58.102Z,2026-10-04T01:22:58.102Z,2026-10-04T01:22:58.176Z,465,14,65,338,259,74,6,386,61,31,1786.8224000000046,467.6777000000002,17.531499999997322,21.5940000000046,156.64339999999356,308.9319000000032,25.811299999993935,120.59730000000127,218.8434999999954,24.484300000003714,285.94659999999567,127.55939999999828,null,null,null,null,null,null
cmut4zk87037qxsbkxxn95d4o,text-to-video,performance_concurrent_flow,20,2026-10-04T01:22:56.456Z,2026-10-04T01:22:56.978Z,2026-10-04T01:22:56.987Z,2026-10-04T01:22:56.995Z,2026-10-04T01:22:56.462Z,2026-10-04T01:22:56.468Z,2026-10-04T01:22:56.921Z,2026-10-04T01:22:56.938Z,2026-10-04T01:22:56.972Z,2026-10-04T01:22:56.972Z,2026-10-04T01:22:56.972Z,2026-10-04T01:22:57.069Z,2026-10-04T01:22:57.155Z,2026-10-04T01:22:57.217Z,2026-10-04T01:22:57.237Z,2026-10-04T01:22:57.519Z,2026-10-04T01:22:57.237Z,2026-10-04T01:22:57.322Z,2026-10-04T01:22:57.578Z,2026-10-04T01:22:57.693Z,2026-10-04T01:22:57.812Z,2026-10-04T01:22:57.926Z,2026-10-04T01:22:58.117Z,2026-10-04T01:22:58.117Z,2026-10-04T01:22:58.193Z,522,17,62,341,256,76,6,453,51,34,1802.6094000000012,525.6203999999998,16.789999999993597,16.349499999996624,135.8934999999983,309.3084000000017,31.559399999998277,116.22899999999936,206.75130000000354,26.548000000002503,276.48769999999786,127.28220000000147,null,null,null,null,null,null
cmut4zk9t037yxsbkxqzu2lqe,text-to-video,performance_concurrent_flow,20,2026-10-04T01:22:56.456Z,2026-10-04T01:22:57.032Z,2026-10-04T01:22:57.041Z,2026-10-04T01:22:57.052Z,2026-10-04T01:22:56.462Z,2026-10-04T01:22:56.468Z,2026-10-04T01:22:56.978Z,2026-10-04T01:22:56.996Z,2026-10-04T01:22:57.026Z,2026-10-04T01:22:57.026Z,2026-10-04T01:22:57.026Z,2026-10-04T01:22:57.139Z,2026-10-04T01:22:57.225Z,2026-10-04T01:22:57.298Z,2026-10-04T01:22:57.323Z,2026-10-04T01:22:57.619Z,2026-10-04T01:22:57.323Z,2026-10-04T01:22:57.408Z,2026-10-04T01:22:57.679Z,2026-10-04T01:22:57.781Z,2026-10-04T01:22:57.893Z,2026-10-04T01:22:58.011Z,2026-10-04T01:22:58.192Z,2026-10-04T01:22:58.192Z,2026-10-04T01:22:58.255Z,576,20,73,356,271,63,6,510,48,30,1866.613400000002,580.880799999999,19.67569999999978,19.954600000004575,139.86929999999847,341.287599999996,31.77180000000226,110.34670000000187,194.26550000000134,20.176899999998568,275.6605000000054,117.28919999999925,null,null,null,null,null,null
cmut4zkbm0387xsbk700ko3xn,image-to-video,performance_concurrent_flow,20,2026-10-04T01:22:56.456Z,2026-10-04T01:22:57.109Z,2026-10-04T01:22:57.120Z,2026-10-04T01:22:57.129Z,2026-10-04T01:22:56.463Z,2026-10-04T01:22:56.469Z,2026-10-04T01:22:57.032Z,2026-10-04T01:22:57.061Z,2026-10-04T01:22:57.094Z,2026-10-04T01:22:57.099Z,2026-10-04T01:22:57.099Z,2026-10-04T01:22:57.220Z,2026-10-04T01:22:57.363Z,2026-10-04T01:22:57.449Z,2026-10-04T01:22:57.468Z,2026-10-04T01:22:57.760Z,2026-10-04T01:22:57.468Z,2026-10-04T01:22:57.563Z,2026-10-04T01:22:57.814Z,2026-10-04T01:22:57.906Z,2026-10-04T01:22:58.020Z,2026-10-04T01:22:58.123Z,2026-10-04T01:22:58.275Z,2026-10-04T01:22:58.275Z,2026-10-04T01:22:58.337Z,653,20,86,346,251,62,7,563,67,33,1935.3991999999998,657.6856000000043,24.614499999996042,20.33009999999922,198.96310000000085,347.6342000000004,23.488500000006752,105.94380000000092,182.9841000000015,21.485000000000582,236.1310999999987,100.28149999999732,null,null,null,null,null,null
cmut4zkdt038fxsbkw3tat052,image-to-video,performance_concurrent_flow,20,2026-10-04T01:22:56.456Z,2026-10-04T01:22:57.192Z,2026-10-04T01:22:57.204Z,2026-10-04T01:22:57.212Z,2026-10-04T01:22:56.463Z,2026-10-04T01:22:56.469Z,2026-10-04T01:22:57.109Z,2026-10-04T01:22:57.141Z,2026-10-04T01:22:57.180Z,2026-10-04T01:22:57.185Z,2026-10-04T01:22:57.185Z,2026-10-04T01:22:57.316Z,2026-10-04T01:22:57.476Z,2026-10-04T01:22:57.565Z,2026-10-04T01:22:57.590Z,2026-10-04T01:22:57.870Z,2026-10-04T01:22:57.590Z,2026-10-04T01:22:57.683Z,2026-10-04T01:22:57.920Z,2026-10-04T01:22:58.017Z,2026-10-04T01:22:58.116Z,2026-10-04T01:22:58.206Z,2026-10-04T01:22:58.342Z,2026-10-04T01:22:58.342Z,2026-10-04T01:22:58.389Z,736,20,89,330,237,47,7,640,76,39,1979.5827999999965,741.648000000001,21.97439999999915,19.160499999998137,234.4539999999979,342.73489999999583,25.99659999999858,94.08499999999913,180.13300000000163,17.846700000001874,205.0876999999964,82.15820000000531,null,null,null,null,null,null
cmut4zkin0391xsbk9muzhgnd,text-to-video,performance_concurrent_flow,20,2026-10-04T01:22:56.456Z,2026-10-04T01:22:57.364Z,2026-10-04T01:22:57.380Z,2026-10-04T01:22:57.392Z,2026-10-04T01:22:56.463Z,2026-10-04T01:22:56.469Z,2026-10-04T01:22:57.282Z,2026-10-04T01:22:57.315Z,2026-10-04T01:22:57.354Z,2026-10-04T01:22:57.354Z,2026-10-04T01:22:57.354Z,2026-10-04T01:22:57.509Z,2026-10-04T01:22:57.623Z,2026-10-04T01:22:57.710Z,2026-10-04T01:22:57.728Z,2026-10-04T01:22:57.987Z,2026-10-04T01:22:57.728Z,2026-10-04T01:22:57.815Z,2026-10-04T01:22:58.031Z,2026-10-04T01:22:58.118Z,2026-10-04T01:22:58.206Z,2026-10-04T01:22:58.290Z,2026-10-04T01:22:58.402Z,2026-10-04T01:22:58.402Z,2026-10-04T01:22:58.444Z,908,28,87,303,216,42,7,813,72,39,2028.4874999999956,913.149599999997,28.70679999999993,27.532099999996717,188.6588000000047,314.60429999999906,24.078099999998813,85.24839999999676,158.1327999999994,15.973700000002282,176.87549999999464,72.73380000000179,null,null,null,null,null,null
cmut4zkg6038rxsbklpp4hr99,image-to-video,performance_concurrent_flow,20,2026-10-04T01:22:56.456Z,2026-10-04T01:22:57.282Z,2026-10-04T01:22:57.299Z,2026-10-04T01:22:57.311Z,2026-10-04T01:22:56.463Z,2026-10-04T01:22:56.469Z,2026-10-04T01:22:57.191Z,2026-10-04T01:22:57.227Z,2026-10-04T01:22:57.265Z,2026-10-04T01:22:57.271Z,2026-10-04T01:22:57.271Z,2026-10-04T01:22:57.417Z,2026-10-04T01:22:57.583Z,2026-10-04T01:22:57.675Z,2026-10-04T01:22:57.699Z,2026-10-04T01:22:57.952Z,2026-10-04T01:22:57.699Z,2026-10-04T01:22:57.785Z,2026-10-04T01:22:58.014Z,2026-10-04T01:22:58.107Z,2026-10-04T01:22:58.196Z,2026-10-04T01:22:58.277Z,2026-10-04T01:22:58.393Z,2026-10-04T01:22:58.393Z,2026-10-04T01:22:58.445Z,826,29,92,315,229,52,7,722,80,38,2034.7863999999972,832.845699999998,19.8466999999946,24.022000000004482,241.22449999999662,323.6252000000022,18.770799999998417,103.89710000000196,165.69659999999567,16.590400000000955,182.83750000000146,83.0225999999966,null,null,null,null,null,null
cmut4zkkv039bxsbkflvp5x7b,text-to-video,performance_concurrent_flow,20,2026-10-04T01:22:56.456Z,2026-10-04T01:22:57.456Z,2026-10-04T01:22:57.471Z,2026-10-04T01:22:57.485Z,2026-10-04T01:22:56.464Z,2026-10-04T01:22:56.470Z,2026-10-04T01:22:57.363Z,2026-10-04T01:22:57.395Z,2026-10-04T01:22:57.445Z,2026-10-04T01:22:57.445Z,2026-10-04T01:22:57.445Z,2026-10-04T01:22:57.603Z,2026-10-04T01:22:57.715Z,2026-10-04T01:22:57.788Z,2026-10-04T01:22:57.807Z,2026-10-04T01:22:58.052Z,2026-10-04T01:22:57.807Z,2026-10-04T01:22:57.888Z,2026-10-04T01:22:58.104Z,2026-10-04T01:22:58.182Z,2026-10-04T01:22:58.260Z,2026-10-04T01:22:58.341Z,2026-10-04T01:22:58.443Z,2026-10-04T01:22:58.443Z,2026-10-04T01:22:58.484Z,1000,29,73,297,216,41,8,893,82,50,2072.7267999999967,1004.690300000002,27.78759999999602,25.169199999996636,182.76460000000225,300.98399999999674,18.37569999999687,91.511599999998,144.4823000000033,19.656599999994796,157.43669999999838,75.41320000000269,null,null,null,null,null,null
cmut4zknm039jxsbkuv2f3m3n,image-to-video,performance_concurrent_flow,20,2026-10-04T01:22:56.456Z,2026-10-04T01:22:57.561Z,2026-10-04T01:22:57.573Z,2026-10-04T01:22:57.588Z,2026-10-04T01:22:56.464Z,2026-10-04T01:22:56.471Z,2026-10-04T01:22:57.456Z,2026-10-04T01:22:57.495Z,2026-10-04T01:22:57.542Z,2026-10-04T01:22:57.548Z,2026-10-04T01:22:57.548Z,2026-10-04T01:22:57.705Z,2026-10-04T01:22:57.853Z,2026-10-04T01:22:57.919Z,2026-10-04T01:22:57.937Z,2026-10-04T01:22:58.199Z,2026-10-04T01:22:57.937Z,2026-10-04T01:22:58.021Z,2026-10-04T01:22:58.234Z,2026-10-04T01:22:58.305Z,2026-10-04T01:22:58.367Z,2026-10-04T01:22:58.426Z,2026-10-04T01:22:58.511Z,2026-10-04T01:22:58.511Z,2026-10-04T01:22:58.548Z,1105,27,66,297,213,37,8,985,92,47,2121.1350999999995,1110.3395999999993,28.8663000000015,24.816100000003644,221.77170000000478,304.1964999999982,22.732300000003306,66.2448000000004,122.64929999999731,8.149599999997008,133.54460000000108,55.765800000001036,null,null,null,null,null,null
cmut4zkqm039uxsbkwjzgx932,image-to-video,performance_concurrent_flow,20,2026-10-04T01:22:56.456Z,2026-10-04T01:22:57.668Z,2026-10-04T01:22:57.683Z,2026-10-04T01:22:57.697Z,2026-10-04T01:22:56.465Z,2026-10-04T01:22:56.471Z,2026-10-04T01:22:57.561Z,2026-10-04T01:22:57.603Z,2026-10-04T01:22:57.649Z,2026-10-04T01:22:57.653Z,2026-10-04T01:22:57.653Z,2026-10-04T01:22:57.800Z,2026-10-04T01:22:57.943Z,2026-10-04T01:22:58.014Z,2026-10-04T01:22:58.032Z,2026-10-04T01:22:58.241Z,2026-10-04T01:22:58.032Z,2026-10-04T01:22:58.108Z,2026-10-04T01:22:58.279Z,2026-10-04T01:22:58.340Z,2026-10-04T01:22:58.398Z,2026-10-04T01:22:58.455Z,2026-10-04T01:22:58.535Z,2026-10-04T01:22:58.535Z,2026-10-04T01:22:58.564Z,1212,29,71,247,171,29,9,1090,92,46,2142.3843999999954,1217.6267000000007,23.06430000000546,22.289700000001176,208.23709999999846,265.21689999999944,15.740700000002107,71.71700000000419,104.45289999999659,13.949899999999616,119.66480000000593,56.68609999999899,null,null,null,null,null,null
cmut4zlwt03fbxsbkpi2iqbmm,text-to-video,performance_concurrent_flow,20,2026-10-04T01:22:59.097Z,2026-10-04T01:22:59.131Z,2026-10-04T01:22:59.135Z,2026-10-04T01:22:59.139Z,2026-10-04T01:22:59.100Z,2026-10-04T01:22:59.105Z,2026-10-04T01:22:59.109Z,2026-10-04T01:22:59.118Z,2026-10-04T01:22:59.129Z,2026-10-04T01:22:59.129Z,2026-10-04T01:22:59.129Z,2026-10-04T01:22:59.171Z,2026-10-04T01:22:59.200Z,2026-10-04T01:22:59.236Z,2026-10-04T01:22:59.249Z,2026-10-04T01:22:59.426Z,2026-10-04T01:22:59.249Z,2026-10-04T01:22:59.312Z,2026-10-04T01:22:59.466Z,2026-10-04T01:22:59.523Z,2026-10-04T01:22:59.592Z,2026-10-04T01:22:59.664Z,2026-10-04T01:22:59.819Z,2026-10-04T01:22:59.819Z,2026-10-04T01:22:59.908Z,34,8,36,217,154,89,3,4,20,11,901.6246000000028,36.10570000000007,6.072999999996682,9.686699999998382,50.64820000000327,189.82690000000002,22.03110000000015,70.59960000000137,117.97299999999814,17.420399999995425,210.841499999995,164.5184999999983,null,null,null,null,null,null
cmut4zlxh03ffxsbklv8q1hx6,image-to-video,performance_concurrent_flow,20,2026-10-04T01:22:59.097Z,2026-10-04T01:22:59.161Z,2026-10-04T01:22:59.167Z,2026-10-04T01:22:59.171Z,2026-10-04T01:22:59.100Z,2026-10-04T01:22:59.105Z,2026-10-04T01:22:59.131Z,2026-10-04T01:22:59.142Z,2026-10-04T01:22:59.157Z,2026-10-04T01:22:59.159Z,2026-10-04T01:22:59.159Z,2026-10-04T01:22:59.215Z,2026-10-04T01:22:59.302Z,2026-10-04T01:22:59.346Z,2026-10-04T01:22:59.366Z,2026-10-04T01:22:59.527Z,2026-10-04T01:22:59.366Z,2026-10-04T01:22:59.416Z,2026-10-04T01:22:59.557Z,2026-10-04T01:22:59.620Z,2026-10-04T01:22:59.689Z,2026-10-04T01:22:59.779Z,2026-10-04T01:22:59.968Z,2026-10-04T01:22:59.968Z,2026-10-04T01:23:00.071Z,64,10,44,191,141,103,3,26,28,15,1080.893600000003,66.0685999999987,7.770300000003772,10.078800000002957,118.19809999999416,196.40280000000348,16.034899999998743,52.15950000000157,129.66820000000007,16.70230000000447,267.3076000000001,192.1235000000015,null,null,null,null,null,null
cmut4zlya03fkxsbk4trvg84h,text-to-video,performance_concurrent_flow,20,2026-10-04T01:22:59.097Z,2026-10-04T01:22:59.193Z,2026-10-04T01:22:59.199Z,2026-10-04T01:22:59.206Z,2026-10-04T01:22:59.101Z,2026-10-04T01:22:59.106Z,2026-10-04T01:22:59.162Z,2026-10-04T01:22:59.173Z,2026-10-04T01:22:59.190Z,2026-10-04T01:22:59.190Z,2026-10-04T01:22:59.190Z,2026-10-04T01:22:59.281Z,2026-10-04T01:22:59.338Z,2026-10-04T01:22:59.380Z,2026-10-04T01:22:59.396Z,2026-10-04T01:22:59.553Z,2026-10-04T01:22:59.396Z,2026-10-04T01:22:59.441Z,2026-10-04T01:22:59.578Z,2026-10-04T01:22:59.650Z,2026-10-04T01:22:59.733Z,2026-10-04T01:22:59.829Z,2026-10-04T01:23:00.045Z,2026-10-04T01:23:00.045Z,2026-10-04T01:23:00.147Z,96,13,42,182,137,102,4,56,28,17,1163.268799999998,98.0373999999938,18.915200000003097,15.638099999996484,106.40739999999641,182.04369999999471,13.400699999998324,67.20750000000407,144.37859999999637,18.034299999999348,291.19310000000405,196.90900000000693,null,null,null,null,null,null
cmut4zlzk03foxsbkuopidnqu,image-to-video,performance_concurrent_flow,20,2026-10-04T01:22:59.097Z,2026-10-04T01:22:59.260Z,2026-10-04T01:22:59.274Z,2026-10-04T01:22:59.284Z,2026-10-04T01:22:59.101Z,2026-10-04T01:22:59.106Z,2026-10-04T01:22:59.193Z,2026-10-04T01:22:59.217Z,2026-10-04T01:22:59.246Z,2026-10-04T01:22:59.247Z,2026-10-04T01:22:59.248Z,2026-10-04T01:22:59.364Z,2026-10-04T01:22:59.452Z,2026-10-04T01:22:59.495Z,2026-10-04T01:22:59.511Z,2026-10-04T01:22:59.681Z,2026-10-04T01:22:59.511Z,2026-10-04T01:22:59.563Z,2026-10-04T01:22:59.720Z,2026-10-04T01:22:59.797Z,2026-10-04T01:22:59.899Z,2026-10-04T01:23:00.016Z,2026-10-04T01:23:00.247Z,2026-10-04T01:23:00.247Z,2026-10-04T01:23:00.356Z,163,24,43,209,157,109,4,87,54,29,1360.3892999999953,164.96080000000075,13.44369999999617,19.528999999994994,141.8145000000004,197.5498000000007,16.28280000000086,72.89390000000276,167.0697,26.470800000002782,326.40869999999995,191.6828999999998,null,null,null,null,null,null
cmut4zm1c03fuxsbkn48z4gux,text-to-video,performance_concurrent_flow,20,2026-10-04T01:22:59.097Z,2026-10-04T01:22:59.317Z,2026-10-04T01:22:59.353Z,2026-10-04T01:22:59.357Z,2026-10-04T01:22:59.101Z,2026-10-04T01:22:59.106Z,2026-10-04T01:22:59.260Z,2026-10-04T01:22:59.282Z,2026-10-04T01:22:59.313Z,2026-10-04T01:22:59.313Z,2026-10-04T01:22:59.313Z,2026-10-04T01:22:59.430Z,2026-10-04T01:22:59.493Z,2026-10-04T01:22:59.537Z,2026-10-04T01:22:59.551Z,2026-10-04T01:22:59.711Z,2026-10-04T01:22:59.551Z,2026-10-04T01:22:59.596Z,2026-10-04T01:22:59.755Z,2026-10-04T01:22:59.825Z,2026-10-04T01:22:59.934Z,2026-10-04T01:23:00.062Z,2026-10-04T01:23:00.308Z,2026-10-04T01:23:00.308Z,2026-10-04T01:23:00.422Z,220,40,44,204,159,114,4,154,53,31,1421.6721000000034,248.80369999999675,18.27219999999943,12.015300000006391,111.16019999999844,184.51260000000184,17.959799999996903,78.29359999999724,169.46510000000126,22.897499999999127,364.4047999999966,182.2387000000017,null,null,null,null,null,null
cmut4zm2x03fzxsbkzj6b5wzr,text-to-video,performance_concurrent_flow,20,2026-10-04T01:22:59.097Z,2026-10-04T01:22:59.378Z,2026-10-04T01:22:59.383Z,2026-10-04T01:22:59.389Z,2026-10-04T01:22:59.102Z,2026-10-04T01:22:59.106Z,2026-10-04T01:22:59.316Z,2026-10-04T01:22:59.338Z,2026-10-04T01:22:59.373Z,2026-10-04T01:22:59.373Z,2026-10-04T01:22:59.373Z,2026-10-04T01:22:59.461Z,2026-10-04T01:22:59.510Z,2026-10-04T01:22:59.560Z,2026-10-04T01:22:59.574Z,2026-10-04T01:22:59.757Z,2026-10-04T01:22:59.574Z,2026-10-04T01:22:59.630Z,2026-10-04T01:22:59.802Z,2026-10-04T01:22:59.881Z,2026-10-04T01:22:59.994Z,2026-10-04T01:23:00.128Z,2026-10-04T01:23:00.372Z,2026-10-04T01:23:00.372Z,2026-10-04T01:23:00.474Z,281,11,50,228,172,102,5,210,57,35,1479.395199999999,282.7479999999996,12.713900000002468,16.34270000000106,102.65260000000126,203.06139999999868,17.580199999996694,83.84790000000066,188.94569999999658,35.82519999999931,340.07740000000194,186.60310000000027,null,null,null,null,null,null
cmut4zm4h03g5xsbks34qkzz5,image-to-video,performance_concurrent_flow,20,2026-10-04T01:22:59.097Z,2026-10-04T01:22:59.440Z,2026-10-04T01:22:59.449Z,2026-10-04T01:22:59.457Z,2026-10-04T01:22:59.102Z,2026-10-04T01:22:59.106Z,2026-10-04T01:22:59.378Z,2026-10-04T01:22:59.395Z,2026-10-04T01:22:59.421Z,2026-10-04T01:22:59.428Z,2026-10-04T01:22:59.428Z,2026-10-04T01:22:59.510Z,2026-10-04T01:22:59.603Z,2026-10-04T01:22:59.652Z,2026-10-04T01:22:59.668Z,2026-10-04T01:22:59.879Z,2026-10-04T01:22:59.668Z,2026-10-04T01:22:59.723Z,2026-10-04T01:22:59.929Z,2026-10-04T01:23:00.047Z,2026-10-04T01:23:00.166Z,2026-10-04T01:23:00.321Z,2026-10-04T01:23:00.547Z,2026-10-04T01:23:00.547Z,2026-10-04T01:23:00.648Z,343,17,49,261,206,101,5,272,50,26,1632.7597000000023,348.94669999999314,19.79330000000482,10.01579999999376,127.18389999999636,223.81590000000142,26.20400000000518,100.41990000000078,227.443299999999,37.76959999999963,341.97000000000116,158.43990000000485,null,null,null,null,null,null
cmut4zm6603gcxsbk89nwwoxs,text-to-video,performance_concurrent_flow,20,2026-10-04T01:22:59.097Z,2026-10-04T01:22:59.489Z,2026-10-04T01:22:59.496Z,2026-10-04T01:22:59.503Z,2026-10-04T01:22:59.102Z,2026-10-04T01:22:59.106Z,2026-10-04T01:22:59.439Z,2026-10-04T01:22:59.455Z,2026-10-04T01:22:59.484Z,2026-10-04T01:22:59.484Z,2026-10-04T01:22:59.484Z,2026-10-04T01:22:59.561Z,2026-10-04T01:22:59.629Z,2026-10-04T01:22:59.668Z,2026-10-04T01:22:59.685Z,2026-10-04T01:22:59.901Z,2026-10-04T01:22:59.685Z,2026-10-04T01:22:59.742Z,2026-10-04T01:22:59.949Z,2026-10-04T01:23:00.061Z,2026-10-04T01:23:00.190Z,2026-10-04T01:23:00.333Z,2026-10-04T01:23:00.559Z,2026-10-04T01:23:00.559Z,2026-10-04T01:23:00.653Z,392,14,39,264,207,94,5,333,45,29,1639.7093999999997,393.8347999999969,14.5850999999966,14.525299999993877,102.18760000000475,227.29390000000421,26.67399999999907,96.94789999999921,232.2274000000034,25.033699999999953,336.6987000000008,157.47449999999662,null,null,null,null,null,null
cmut4zm9703grxsbkf8x8y3m3,text-to-video,performance_concurrent_flow,20,2026-10-04T01:22:59.097Z,2026-10-04T01:22:59.599Z,2026-10-04T01:22:59.613Z,2026-10-04T01:22:59.624Z,2026-10-04T01:22:59.103Z,2026-10-04T01:22:59.107Z,2026-10-04T01:22:59.548Z,2026-10-04T01:22:59.565Z,2026-10-04T01:22:59.593Z,2026-10-04T01:22:59.593Z,2026-10-04T01:22:59.594Z,2026-10-04T01:22:59.685Z,2026-10-04T01:22:59.763Z,2026-10-04T01:22:59.817Z,2026-10-04T01:22:59.834Z,2026-10-04T01:23:00.079Z,2026-10-04T01:22:59.834Z,2026-10-04T01:22:59.907Z,2026-10-04T01:23:00.133Z,2026-10-04T01:23:00.254Z,2026-10-04T01:23:00.383Z,2026-10-04T01:23:00.505Z,2026-10-04T01:23:00.711Z,2026-10-04T01:23:00.711Z,2026-10-04T01:23:00.791Z,502,25,54,299,226,80,6,441,45,28,1768.178200000002,506.85289999999804,16.72400000000198,14.986199999999371,114.93899999999849,265.81759999999485,30.276899999997113,107.72910000000411,227.25710000000254,25.298900000001595,298.3359999999957,139.89760000000388,null,null,null,null,null,null
cmut4zm7m03ghxsbkr98iwtsx,image-to-video,performance_concurrent_flow,20,2026-10-04T01:22:59.097Z,2026-10-04T01:22:59.549Z,2026-10-04T01:22:59.557Z,2026-10-04T01:22:59.563Z,2026-10-04T01:22:59.102Z,2026-10-04T01:22:59.107Z,2026-10-04T01:22:59.488Z,2026-10-04T01:22:59.508Z,2026-10-04T01:22:59.538Z,2026-10-04T01:22:59.539Z,2026-10-04T01:22:59.540Z,2026-10-04T01:22:59.632Z,2026-10-04T01:22:59.732Z,2026-10-04T01:22:59.795Z,2026-10-04T01:22:59.814Z,2026-10-04T01:23:00.084Z,2026-10-04T01:22:59.814Z,2026-10-04T01:22:59.892Z,2026-10-04T01:23:00.140Z,2026-10-04T01:23:00.262Z,2026-10-04T01:23:00.395Z,2026-10-04T01:23:00.516Z,2026-10-04T01:23:00.718Z,2026-10-04T01:23:00.718Z,2026-10-04T01:23:00.797Z,452,14,63,326,248,79,5,381,51,30,1773.890999999996,454.5280999999959,11.236700000001292,22.0399000000034,142.52870000000257,302.8724000000002,25.82100000000355,113.04619999999704,230.76780000000144,25.59219999999914,298.76640000000043,134.7251000000033,null,null,null,null,null,null
cmut4zmaw03gwxsbk96urvxvr,image-to-video,performance_concurrent_flow,20,2026-10-04T01:22:59.097Z,2026-10-04T01:22:59.660Z,2026-10-04T01:22:59.667Z,2026-10-04T01:22:59.674Z,2026-10-04T01:22:59.103Z,2026-10-04T01:22:59.107Z,2026-10-04T01:22:59.598Z,2026-10-04T01:22:59.626Z,2026-10-04T01:22:59.650Z,2026-10-04T01:22:59.655Z,2026-10-04T01:22:59.655Z,2026-10-04T01:22:59.750Z,2026-10-04T01:22:59.874Z,2026-10-04T01:22:59.948Z,2026-10-04T01:22:59.967Z,2026-10-04T01:23:00.310Z,2026-10-04T01:22:59.967Z,2026-10-04T01:23:00.063Z,2026-10-04T01:23:00.371Z,2026-10-04T01:23:00.474Z,2026-10-04T01:23:00.598Z,2026-10-04T01:23:00.705Z,2026-10-04T01:23:00.872Z,2026-10-04T01:23:00.872Z,2026-10-04T01:23:00.937Z,563,14,74,404,308,65,6,491,57,24,1895.8382999999958,565.829700000002,16.655899999997928,18.698100000001432,177.47799999999552,377.29499999999825,30.17410000000382,111.66219999999885,216.3044000000009,17.538000000000466,242.44150000000081,110.98489999999583,null,null,null,null,null,null
cmut4zmce03h8xsbkk3kdffwl,image-to-video,performance_concurrent_flow,20,2026-10-04T01:22:59.097Z,2026-10-04T01:22:59.722Z,2026-10-04T01:22:59.732Z,2026-10-04T01:22:59.738Z,2026-10-04T01:22:59.103Z,2026-10-04T01:22:59.107Z,2026-10-04T01:22:59.660Z,2026-10-04T01:22:59.680Z,2026-10-04T01:22:59.713Z,2026-10-04T01:22:59.716Z,2026-10-04T01:22:59.716Z,2026-10-04T01:22:59.823Z,2026-10-04T01:22:59.962Z,2026-10-04T01:23:00.029Z,2026-10-04T01:23:00.061Z,2026-10-04T01:23:00.364Z,2026-10-04T01:23:00.061Z,2026-10-04T01:23:00.149Z,2026-10-04T01:23:00.423Z,2026-10-04T01:23:00.523Z,2026-10-04T01:23:00.645Z,2026-10-04T01:23:00.750Z,2026-10-04T01:23:00.907Z,2026-10-04T01:23:00.907Z,2026-10-04T01:23:00.964Z,625,16,67,362,274,57,6,553,56,33,1925.8430000000008,629.9047000000064,25.901700000002165,18.32719999999972,186.92029999999795,349.0868000000046,30.054400000000896,107.1082000000024,207.49080000000686,21.885000000002037,234.4510999999984,103.48319999999512,null,null,null,null,null,null
cmut4zmeb03hfxsbktq9nh3u6,image-to-video,performance_concurrent_flow,20,2026-10-04T01:22:59.097Z,2026-10-04T01:22:59.800Z,2026-10-04T01:22:59.809Z,2026-10-04T01:22:59.816Z,2026-10-04T01:22:59.103Z,2026-10-04T01:22:59.107Z,2026-10-04T01:22:59.722Z,2026-10-04T01:22:59.753Z,2026-10-04T01:22:59.788Z,2026-10-04T01:22:59.791Z,2026-10-04T01:22:59.791Z,2026-10-04T01:22:59.911Z,2026-10-04T01:23:00.073Z,2026-10-04T01:23:00.163Z,2026-10-04T01:23:00.185Z,2026-10-04T01:23:00.475Z,2026-10-04T01:23:00.185Z,2026-10-04T01:23:00.275Z,2026-10-04T01:23:00.528Z,2026-10-04T01:23:00.637Z,2026-10-04T01:23:00.737Z,2026-10-04T01:23:00.833Z,2026-10-04T01:23:00.972Z,2026-10-04T01:23:00.972Z,2026-10-04T01:23:01.030Z,703,16,90,343,253,58,6,615,69,35,1988.6922999999952,706.5902999999962,20.39050000000134,24.748599999998987,225.68680000000313,349.89050000000134,21.544300000001385,111.15960000000632,184.59130000000005,20.366900000000896,207.04529999999795,104.5002999999997,null,null,null,null,null,null
cmut4zmg703hoxsbkfdubkc2n,text-to-video,performance_concurrent_flow,20,2026-10-04T01:22:59.097Z,2026-10-04T01:22:59.868Z,2026-10-04T01:22:59.883Z,2026-10-04T01:22:59.897Z,2026-10-04T01:22:59.104Z,2026-10-04T01:22:59.108Z,2026-10-04T01:22:59.799Z,2026-10-04T01:22:59.818Z,2026-10-04T01:22:59.859Z,2026-10-04T01:22:59.859Z,2026-10-04T01:22:59.859Z,2026-10-04T01:22:59.997Z,2026-10-04T01:23:00.114Z,2026-10-04T01:23:00.198Z,2026-10-04T01:23:00.232Z,2026-10-04T01:23:00.510Z,2026-10-04T01:23:00.232Z,2026-10-04T01:23:00.321Z,2026-10-04T01:23:00.569Z,2026-10-04T01:23:00.665Z,2026-10-04T01:23:00.765Z,2026-10-04T01:23:00.858Z,2026-10-04T01:23:00.992Z,2026-10-04T01:23:00.992Z,2026-10-04T01:23:01.048Z,771,29,84,337,248,56,7,691,60,41,2002.1059999999998,775.677300000003,17.87279999999737,29.29599999999482,178.15439999999944,347.54159999999683,28.699399999997695,108.41530000000057,171.72750000000087,18.282500000001164,207.33660000000236,94.38700000000244,null,null,null,null,null,null
cmut4zmif03hwxsbk0ic7u213,text-to-video,performance_concurrent_flow,20,2026-10-04T01:22:59.097Z,2026-10-04T01:22:59.947Z,2026-10-04T01:22:59.959Z,2026-10-04T01:22:59.973Z,2026-10-04T01:22:59.104Z,2026-10-04T01:22:59.108Z,2026-10-04T01:22:59.868Z,2026-10-04T01:22:59.899Z,2026-10-04T01:22:59.938Z,2026-10-04T01:22:59.938Z,2026-10-04T01:22:59.938Z,2026-10-04T01:23:00.088Z,2026-10-04T01:23:00.196Z,2026-10-04T01:23:00.279Z,2026-10-04T01:23:00.305Z,2026-10-04T01:23:00.591Z,2026-10-04T01:23:00.305Z,2026-10-04T01:23:00.398Z,2026-10-04T01:23:00.645Z,2026-10-04T01:23:00.728Z,2026-10-04T01:23:00.824Z,2026-10-04T01:23:00.908Z,2026-10-04T01:23:01.031Z,2026-10-04T01:23:01.031Z,2026-10-04T01:23:01.085Z,850,26,83,340,247,54,7,760,70,39,2047.9517999999953,853.7387000000017,28.852200000001176,26.459600000001956,180.10549999999785,339.8507000000027,32.189900000004855,94.18819999999687,161.7306000000026,19.156699999999546,185.15090000000055,103.90849999999773,null,null,null,null,null,null
cmut4zmkg03i5xsbkiolv175z,text-to-video,performance_concurrent_flow,20,2026-10-04T01:22:59.097Z,2026-10-04T01:23:00.028Z,2026-10-04T01:23:00.049Z,2026-10-04T01:23:00.059Z,2026-10-04T01:22:59.104Z,2026-10-04T01:22:59.108Z,2026-10-04T01:22:59.947Z,2026-10-04T01:22:59.971Z,2026-10-04T01:23:00.016Z,2026-10-04T01:23:00.016Z,2026-10-04T01:23:00.017Z,2026-10-04T01:23:00.173Z,2026-10-04T01:23:00.299Z,2026-10-04T01:23:00.389Z,2026-10-04T01:23:00.409Z,2026-10-04T01:23:00.677Z,2026-10-04T01:23:00.409Z,2026-10-04T01:23:00.495Z,2026-10-04T01:23:00.718Z,2026-10-04T01:23:00.803Z,2026-10-04T01:23:00.887Z,2026-10-04T01:23:00.960Z,2026-10-04T01:23:01.089Z,2026-10-04T01:23:01.089Z,2026-10-04T01:23:01.135Z,931,31,90,309,223,46,7,839,69,45,2090.9851999999955,935.7877999999982,25.455399999998917,28.533800000004703,195.73400000000402,333.1022000000012,23.365899999997055,87.3891999999978,147.8946999999971,14.992500000000291,185.54799999999523,86.95969999999943,null,null,null,null,null,null
cmut4zmn603iexsbk8w5jrkl8,image-to-video,performance_concurrent_flow,20,2026-10-04T01:22:59.097Z,2026-10-04T01:23:00.132Z,2026-10-04T01:23:00.145Z,2026-10-04T01:23:00.156Z,2026-10-04T01:22:59.104Z,2026-10-04T01:22:59.108Z,2026-10-04T01:23:00.028Z,2026-10-04T01:23:00.069Z,2026-10-04T01:23:00.119Z,2026-10-04T01:23:00.123Z,2026-10-04T01:23:00.123Z,2026-10-04T01:23:00.277Z,2026-10-04T01:23:00.441Z,2026-10-04T01:23:00.518Z,2026-10-04T01:23:00.539Z,2026-10-04T01:23:00.781Z,2026-10-04T01:23:00.539Z,2026-10-04T01:23:00.631Z,2026-10-04T01:23:00.823Z,2026-10-04T01:23:00.891Z,2026-10-04T01:23:00.964Z,2026-10-04T01:23:01.041Z,2026-10-04T01:23:01.175Z,2026-10-04T01:23:01.175Z,2026-10-04T01:23:01.213Z,1035,24,77,284,192,38,7,920,95,50,2154.3683999999994,1039.7805000000008,32.73150000000169,35.24930000000313,227.01369999999588,299.9595999999947,21.50499999999738,76.83320000000094,126.97009999999864,21.864699999998265,185.07039999999688,68.54690000000119,null,null,null,null,null,null
cmut4zmpz03iqxsbk2yphcv07,image-to-video,performance_concurrent_flow,20,2026-10-04T01:22:59.097Z,2026-10-04T01:23:00.244Z,2026-10-04T01:23:00.260Z,2026-10-04T01:23:00.270Z,2026-10-04T01:22:59.105Z,2026-10-04T01:22:59.108Z,2026-10-04T01:23:00.132Z,2026-10-04T01:23:00.172Z,2026-10-04T01:23:00.230Z,2026-10-04T01:23:00.233Z,2026-10-04T01:23:00.233Z,2026-10-04T01:23:00.387Z,2026-10-04T01:23:00.539Z,2026-10-04T01:23:00.626Z,2026-10-04T01:23:00.644Z,2026-10-04T01:23:00.865Z,2026-10-04T01:23:00.644Z,2026-10-04T01:23:00.713Z,2026-10-04T01:23:00.901Z,2026-10-04T01:23:00.960Z,2026-10-04T01:23:01.032Z,2026-10-04T01:23:01.122Z,2026-10-04T01:23:01.224Z,2026-10-04T01:23:01.224Z,2026-10-04T01:23:01.261Z,1147,26,87,257,188,37,8,1024,101,58,2187.8623000000007,1153.3689999999988,29.497300000002724,26.03519999999844,223.41960000000108,287.11880000000383,19.40559999999823,69.2792000000045,117.52010000000155,27.96259999999893,162.14250000000175,52.5711999999985,null,null,null,null,null,null
cmut4zmt503j3xsbks1zi1pm1,image-to-video,performance_concurrent_flow,20,2026-10-04T01:22:59.097Z,2026-10-04T01:23:00.362Z,2026-10-04T01:23:00.375Z,2026-10-04T01:23:00.386Z,2026-10-04T01:22:59.104Z,2026-10-04T01:22:59.109Z,2026-10-04T01:23:00.244Z,2026-10-04T01:23:00.286Z,2026-10-04T01:23:00.346Z,2026-10-04T01:23:00.350Z,2026-10-04T01:23:00.350Z,2026-10-04T01:23:00.494Z,2026-10-04T01:23:00.647Z,2026-10-04T01:23:00.709Z,2026-10-04T01:23:00.727Z,2026-10-04T01:23:00.924Z,2026-10-04T01:23:00.727Z,2026-10-04T01:23:00.794Z,2026-10-04T01:23:00.954Z,2026-10-04T01:23:01.016Z,2026-10-04T01:23:01.073Z,2026-10-04T01:23:01.142Z,2026-10-04T01:23:01.230Z,2026-10-04T01:23:01.230Z,2026-10-04T01:23:01.264Z,1265,24,62,227,160,34,7,1135,106,60,2189.9625000000015,1270.787400000001,25.36939999999595,25.724099999999453,219.26959999999963,240.44720000000234,16.31550000000425,61.71570000000065,110.67200000000594,13.986700000001292,140.84649999999965,46.53790000000299,null,null,null,null,null,null
cmut4zmw203jdxsbkqn6avfsi,text-to-video,performance_concurrent_flow,20,2026-10-04T01:22:59.097Z,2026-10-04T01:23:00.448Z,2026-10-04T01:23:00.459Z,2026-10-04T01:23:00.472Z,2026-10-04T01:22:59.105Z,2026-10-04T01:22:59.109Z,2026-10-04T01:23:00.362Z,2026-10-04T01:23:00.391Z,2026-10-04T01:23:00.439Z,2026-10-04T01:23:00.439Z,2026-10-04T01:23:00.439Z,2026-10-04T01:23:00.584Z,2026-10-04T01:23:00.679Z,2026-10-04T01:23:00.739Z,2026-10-04T01:23:00.758Z,2026-10-04T01:23:00.947Z,2026-10-04T01:23:00.758Z,2026-10-04T01:23:00.822Z,2026-10-04T01:23:00.980Z,2026-10-04T01:23:01.036Z,2026-10-04T01:23:01.116Z,2026-10-04T01:23:01.181Z,2026-10-04T01:23:01.260Z,2026-10-04T01:23:01.260Z,2026-10-04T01:23:01.284Z,1351,24,60,222,158,24,8,1253,77,48,2213.3335000000006,1355.4064999999973,27.690699999999197,24.457399999999325,161.98180000000139,239.08689999999478,13.646600000000035,63.55630000000383,120.51559999999881,12.811399999998685,130.4765999999945,43.94860000000335,null,null,null,null,null,null
cmut4znxo03osxsbkec9s9l2g,image-to-video,performance_concurrent_flow,20,2026-10-04T01:23:01.719Z,2026-10-04T01:23:01.762Z,2026-10-04T01:23:01.766Z,2026-10-04T01:23:01.769Z,2026-10-04T01:23:01.722Z,2026-10-04T01:23:01.727Z,2026-10-04T01:23:01.731Z,2026-10-04T01:23:01.741Z,2026-10-04T01:23:01.755Z,2026-10-04T01:23:01.756Z,2026-10-04T01:23:01.756Z,2026-10-04T01:23:01.795Z,2026-10-04T01:23:01.859Z,2026-10-04T01:23:01.921Z,2026-10-04T01:23:01.947Z,2026-10-04T01:23:02.081Z,2026-10-04T01:23:01.947Z,2026-10-04T01:23:01.981Z,2026-10-04T01:23:02.103Z,2026-10-04T01:23:02.158Z,2026-10-04T01:23:02.240Z,2026-10-04T01:23:02.333Z,2026-10-04T01:23:02.504Z,2026-10-04T01:23:02.504Z,2026-10-04T01:23:02.609Z,43,7,62,156,122,105,3,4,25,14,978.1738000000041,45.19180000000051,9.590100000001257,4.834600000001956,80.56049999999959,202.82580000000598,8.5850999999966,45.150699999998324,130.25080000000162,16.08009999999922,258.0074999999997,171.82040000000416,null,null,null,null,null,null
cmut4znyk03oxxsbk2w4vqlx8,image-to-video,performance_concurrent_flow,20,2026-10-04T01:23:01.719Z,2026-10-04T01:23:01.790Z,2026-10-04T01:23:01.794Z,2026-10-04T01:23:01.798Z,2026-10-04T01:23:01.722Z,2026-10-04T01:23:01.728Z,2026-10-04T01:23:01.762Z,2026-10-04T01:23:01.776Z,2026-10-04T01:23:01.787Z,2026-10-04T01:23:01.788Z,2026-10-04T01:23:01.788Z,2026-10-04T01:23:01.855Z,2026-10-04T01:23:01.959Z,2026-10-04T01:23:01.990Z,2026-10-04T01:23:02.023Z,2026-10-04T01:23:02.164Z,2026-10-04T01:23:02.023Z,2026-10-04T01:23:02.072Z,2026-10-04T01:23:02.194Z,2026-10-04T01:23:02.252Z,2026-10-04T01:23:02.342Z,2026-10-04T01:23:02.439Z,2026-10-04T01:23:02.636Z,2026-10-04T01:23:02.636Z,2026-10-04T01:23:02.726Z,71,8,31,171,122,90,3,34,26,11,1105.4299000000028,73.15380000000005,16.200299999996787,17.171199999997043,133.7998000000007,171.63250000000698,17.3070000000007,63.29799999999523,138.36569999999483,15.444999999999709,282.32709999999497,170.40359999999782,null,null,null,null,null,null
cmut4znzc03p2xsbklvlryc0q,image-to-video,performance_concurrent_flow,20,2026-10-04T01:23:01.719Z,2026-10-04T01:23:01.840Z,2026-10-04T01:23:01.847Z,2026-10-04T01:23:01.854Z,2026-10-04T01:23:01.723Z,2026-10-04T01:23:01.728Z,2026-10-04T01:23:01.791Z,2026-10-04T01:23:01.805Z,2026-10-04T01:23:01.831Z,2026-10-04T01:23:01.832Z,2026-10-04T01:23:01.833Z,2026-10-04T01:23:01.940Z,2026-10-04T01:23:02.025Z,2026-10-04T01:23:02.068Z,2026-10-04T01:23:02.082Z,2026-10-04T01:23:02.225Z,2026-10-04T01:23:02.082Z,2026-10-04T01:23:02.115Z,2026-10-04T01:23:02.254Z,2026-10-04T01:23:02.339Z,2026-10-04T01:23:02.432Z,2026-10-04T01:23:02.536Z,2026-10-04T01:23:02.739Z,2026-10-04T01:23:02.739Z,2026-10-04T01:23:02.834Z,121,14,43,172,139,95,4,63,41,26,1226.8773,124.02760000000126,10.852099999996426,24.756900000000314,139.91719999999623,170.36449999999604,17.571900000002643,68.7531999999992,158.86929999999847,25.553700000004028,284.70240000000194,190.55979999999545,null,null,null,null,null,null
cmut4zo0t03p7xsbk0y8e4bbd,text-to-video,performance_concurrent_flow,20,2026-10-04T01:23:01.719Z,2026-10-04T01:23:01.898Z,2026-10-04T01:23:01.914Z,2026-10-04T01:23:01.926Z,2026-10-04T01:23:01.722Z,2026-10-04T01:23:01.728Z,2026-10-04T01:23:01.840Z,2026-10-04T01:23:01.856Z,2026-10-04T01:23:01.891Z,2026-10-04T01:23:01.891Z,2026-10-04T01:23:01.892Z,2026-10-04T01:23:01.982Z,2026-10-04T01:23:02.038Z,2026-10-04T01:23:02.078Z,2026-10-04T01:23:02.093Z,2026-10-04T01:23:02.248Z,2026-10-04T01:23:02.093Z,2026-10-04T01:23:02.130Z,2026-10-04T01:23:02.288Z,2026-10-04T01:23:02.362Z,2026-10-04T01:23:02.453Z,2026-10-04T01:23:02.567Z,2026-10-04T01:23:02.764Z,2026-10-04T01:23:02.764Z,2026-10-04T01:23:02.865Z,179,28,40,195,158,101,3,112,51,35,1251.1721000000034,181.7551999999996,19.338000000003376,14.952200000006997,80.94679999999789,187.33989999999903,12.981399999996938,70.49719999999797,162.59550000000309,17.011500000000524,293.67749999999796,184.72639999999956,null,null,null,null,null,null
cmut4zo3603pcxsbkdt44a74g,image-to-video,performance_concurrent_flow,20,2026-10-04T01:23:01.719Z,2026-10-04T01:23:01.971Z,2026-10-04T01:23:01.978Z,2026-10-04T01:23:01.983Z,2026-10-04T01:23:01.723Z,2026-10-04T01:23:01.728Z,2026-10-04T01:23:01.898Z,2026-10-04T01:23:01.941Z,2026-10-04T01:23:01.964Z,2026-10-04T01:23:01.966Z,2026-10-04T01:23:01.966Z,2026-10-04T01:23:02.042Z,2026-10-04T01:23:02.118Z,2026-10-04T01:23:02.162Z,2026-10-04T01:23:02.177Z,2026-10-04T01:23:02.357Z,2026-10-04T01:23:02.177Z,2026-10-04T01:23:02.229Z,2026-10-04T01:23:02.409Z,2026-10-04T01:23:02.492Z,2026-10-04T01:23:02.614Z,2026-10-04T01:23:02.737Z,2026-10-04T01:23:02.953Z,2026-10-04T01:23:02.953Z,2026-10-04T01:23:03.047Z,252,12,44,232,180,94,4,170,68,23,1430.1754999999976,254.79750000000058,23.151400000002468,17.697500000002037,99.75890000000072,198.10119999999733,25.894000000000233,95.20590000000084,184.83830000000307,21.594199999999546,321.67400000000634,178.22699999999895,null,null,null,null,null,null
cmut4zo4e03pixsbkahl65p8y,text-to-video,performance_concurrent_flow,20,2026-10-04T01:23:01.719Z,2026-10-04T01:23:02.026Z,2026-10-04T01:23:02.031Z,2026-10-04T01:23:02.036Z,2026-10-04T01:23:01.723Z,2026-10-04T01:23:01.729Z,2026-10-04T01:23:01.972Z,2026-10-04T01:23:01.984Z,2026-10-04T01:23:02.014Z,2026-10-04T01:23:02.014Z,2026-10-04T01:23:02.015Z,2026-10-04T01:23:02.086Z,2026-10-04T01:23:02.132Z,2026-10-04T01:23:02.176Z,2026-10-04T01:23:02.191Z,2026-10-04T01:23:02.385Z,2026-10-04T01:23:02.191Z,2026-10-04T01:23:02.240Z,2026-10-04T01:23:02.428Z,2026-10-04T01:23:02.503Z,2026-10-04T01:23:02.625Z,2026-10-04T01:23:02.745Z,2026-10-04T01:23:02.962Z,2026-10-04T01:23:02.962Z,2026-10-04T01:23:03.062Z,307,10,44,237,188,100,4,243,42,30,1435.8595999999961,309.8547000000035,17.139900000001944,15.246300000006158,71.2609999999986,206.44490000000224,21.40729999999894,87.06339999999909,184.2905000000028,30.25970000000234,312.7243000000017,172.6576000000059,null,null,null,null,null,null
cmut4zo6003pnxsbk7neia5f5,image-to-video,performance_concurrent_flow,20,2026-10-04T01:23:01.719Z,2026-10-04T01:23:02.076Z,2026-10-04T01:23:02.082Z,2026-10-04T01:23:02.087Z,2026-10-04T01:23:01.724Z,2026-10-04T01:23:01.729Z,2026-10-04T01:23:02.026Z,2026-10-04T01:23:02.041Z,2026-10-04T01:23:02.071Z,2026-10-04T01:23:02.072Z,2026-10-04T01:23:02.072Z,2026-10-04T01:23:02.141Z,2026-10-04T01:23:02.232Z,2026-10-04T01:23:02.281Z,2026-10-04T01:23:02.299Z,2026-10-04T01:23:02.519Z,2026-10-04T01:23:02.299Z,2026-10-04T01:23:02.363Z,2026-10-04T01:23:02.573Z,2026-10-04T01:23:02.664Z,2026-10-04T01:23:02.787Z,2026-10-04T01:23:02.914Z,2026-10-04T01:23:03.127Z,2026-10-04T01:23:03.127Z,2026-10-04T01:23:03.216Z,357,11,49,274,210,89,5,297,46,30,1590.6935000000012,360.0978000000032,10.261699999995471,12.511700000002747,127.4085999999952,246.11069999999745,20.23309999999765,105.98309999999765,192.83069999999861,25.37220000000525,313.8721000000005,167.39140000000043,null,null,null,null,null,null
cmut4zo7c03pvxsbk51reqp1t,text-to-video,performance_concurrent_flow,20,2026-10-04T01:23:01.719Z,2026-10-04T01:23:02.122Z,2026-10-04T01:23:02.128Z,2026-10-04T01:23:02.141Z,2026-10-04T01:23:01.724Z,2026-10-04T01:23:01.729Z,2026-10-04T01:23:02.076Z,2026-10-04T01:23:02.090Z,2026-10-04T01:23:02.114Z,2026-10-04T01:23:02.114Z,2026-10-04T01:23:02.114Z,2026-10-04T01:23:02.216Z,2026-10-04T01:23:02.279Z,2026-10-04T01:23:02.324Z,2026-10-04T01:23:02.348Z,2026-10-04T01:23:02.587Z,2026-10-04T01:23:02.348Z,2026-10-04T01:23:02.415Z,2026-10-04T01:23:02.633Z,2026-10-04T01:23:02.721Z,2026-10-04T01:23:02.836Z,2026-10-04T01:23:02.964Z,2026-10-04T01:23:03.170Z,2026-10-04T01:23:03.170Z,2026-10-04T01:23:03.271Z,403,19,45,285,218,101,5,347,38,24,1631.1108000000022,405.52070000000094,20.925499999997555,15.700900000003458,107.84130000000005,265.02219999999943,22.510499999996682,90.46199999999953,190.6330999999991,31.685600000004342,301.5590000000011,162.85859999999957,null,null,null,null,null,null
cmut4zo8q03q1xsbksdcadldh,text-to-video,performance_concurrent_flow,20,2026-10-04T01:23:01.719Z,2026-10-04T01:23:02.175Z,2026-10-04T01:23:02.189Z,2026-10-04T01:23:02.197Z,2026-10-04T01:23:01.724Z,2026-10-04T01:23:01.729Z,2026-10-04T01:23:02.122Z,2026-10-04T01:23:02.140Z,2026-10-04T01:23:02.170Z,2026-10-04T01:23:02.170Z,2026-10-04T01:23:02.170Z,2026-10-04T01:23:02.258Z,2026-10-04T01:23:02.324Z,2026-10-04T01:23:02.399Z,2026-10-04T01:23:02.416Z,2026-10-04T01:23:02.650Z,2026-10-04T01:23:02.416Z,2026-10-04T01:23:02.482Z,2026-10-04T01:23:02.705Z,2026-10-04T01:23:02.806Z,2026-10-04T01:23:02.931Z,2026-10-04T01:23:03.054Z,2026-10-04T01:23:03.265Z,2026-10-04T01:23:03.265Z,2026-10-04T01:23:03.343Z,456,22,75,289,223,78,5,393,48,30,1703.4859999999971,460.8565000000017,17.528800000000047,14.453300000001036,112.44140000000334,279.2910999999949,18.96410000000469,101.90189999999711,210.05600000000413,25.248799999993935,304.7276999999958,140.4444999999978,null,null,null,null,null,null
cmut4zoad03q9xsbkjev9bxsc,image-to-video,performance_concurrent_flow,20,2026-10-04T01:23:01.719Z,2026-10-04T01:23:02.235Z,2026-10-04T01:23:02.242Z,2026-10-04T01:23:02.254Z,2026-10-04T01:23:01.725Z,2026-10-04T01:23:01.729Z,2026-10-04T01:23:02.174Z,2026-10-04T01:23:02.199Z,2026-10-04T01:23:02.227Z,2026-10-04T01:23:02.230Z,2026-10-04T01:23:02.230Z,2026-10-04T01:23:02.331Z,2026-10-04T01:23:02.452Z,2026-10-04T01:23:02.510Z,2026-10-04T01:23:02.536Z,2026-10-04T01:23:02.781Z,2026-10-04T01:23:02.536Z,2026-10-04T01:23:02.611Z,2026-10-04T01:23:02.833Z,2026-10-04T01:23:02.946Z,2026-10-04T01:23:03.070Z,2026-10-04T01:23:03.190Z,2026-10-04T01:23:03.378Z,2026-10-04T01:23:03.378Z,2026-10-04T01:23:03.458Z,516,19,58,297,222,80,6,445,56,28,1812.5324000000037,519.3668999999936,19.487600000000384,18.70850000000064,171.17029999999795,278.82189999999537,24.65179999999964,106.5561000000016,215.15630000000237,30.554400000000896,271.7690999999977,140.6742000000013,null,null,null,null,null,null
cmut4zobv03qgxsbkfq7rb54m,text-to-video,performance_concurrent_flow,20,2026-10-04T01:23:01.719Z,2026-10-04T01:23:02.291Z,2026-10-04T01:23:02.301Z,2026-10-04T01:23:02.308Z,2026-10-04T01:23:01.725Z,2026-10-04T01:23:01.729Z,2026-10-04T01:23:02.235Z,2026-10-04T01:23:02.253Z,2026-10-04T01:23:02.285Z,2026-10-04T01:23:02.285Z,2026-10-04T01:23:02.286Z,2026-10-04T01:23:02.394Z,2026-10-04T01:23:02.469Z,2026-10-04T01:23:02.548Z,2026-10-04T01:23:02.568Z,2026-10-04T01:23:02.818Z,2026-10-04T01:23:02.568Z,2026-10-04T01:23:02.643Z,2026-10-04T01:23:02.878Z,2026-10-04T01:23:02.987Z,2026-10-04T01:23:03.104Z,2026-10-04T01:23:03.226Z,2026-10-04T01:23:03.408Z,2026-10-04T01:23:03.408Z,2026-10-04T01:23:03.489Z,572,17,79,310,235,81,6,506,50,32,1850.3573999999935,577.2698999999993,12.917400000005728,28.577499999999418,133.16679999999906,297.3934999999983,25.005000000004657,108.38220000000001,213.0486000000019,20.861400000001595,275.82130000000325,145.63730000000214,null,null,null,null,null,null
cmut4zodh03qnxsbknzlbtlbh,text-to-video,performance_concurrent_flow,20,2026-10-04T01:23:01.719Z,2026-10-04T01:23:02.355Z,2026-10-04T01:23:02.364Z,2026-10-04T01:23:02.371Z,2026-10-04T01:23:01.725Z,2026-10-04T01:23:01.730Z,2026-10-04T01:23:02.291Z,2026-10-04T01:23:02.313Z,2026-10-04T01:23:02.347Z,2026-10-04T01:23:02.347Z,2026-10-04T01:23:02.347Z,2026-10-04T01:23:02.467Z,2026-10-04T01:23:02.550Z,2026-10-04T01:23:02.619Z,2026-10-04T01:23:02.635Z,2026-10-04T01:23:02.895Z,2026-10-04T01:23:02.635Z,2026-10-04T01:23:02.711Z,2026-10-04T01:23:02.949Z,2026-10-04T01:23:03.048Z,2026-10-04T01:23:03.166Z,2026-10-04T01:23:03.284Z,2026-10-04T01:23:03.453Z,2026-10-04T01:23:03.453Z,2026-10-04T01:23:03.527Z,636,16,69,314,238,74,6,561,56,34,1893.6924999999974,640.0872999999992,31.285499999998137,20.6649000000034,139.46219999999448,292.0512000000017,27.621299999998882,103.47879999999714,195.6753000000026,27.952100000002247,257.9152000000031,145.58989999999903,null,null,null,null,null,null
cmut4zofo03qxxsbkhg40qd32,image-to-video,performance_concurrent_flow,20,2026-10-04T01:23:01.719Z,2026-10-04T01:23:02.433Z,2026-10-04T01:23:02.445Z,2026-10-04T01:23:02.453Z,2026-10-04T01:23:01.727Z,2026-10-04T01:23:01.731Z,2026-10-04T01:23:02.355Z,2026-10-04T01:23:02.392Z,2026-10-04T01:23:02.423Z,2026-10-04T01:23:02.427Z,2026-10-04T01:23:02.427Z,2026-10-04T01:23:02.544Z,2026-10-04T01:23:02.673Z,2026-10-04T01:23:02.744Z,2026-10-04T01:23:02.761Z,2026-10-04T01:23:03.034Z,2026-10-04T01:23:02.761Z,2026-10-04T01:23:02.847Z,2026-10-04T01:23:03.086Z,2026-10-04T01:23:03.182Z,2026-10-04T01:23:03.298Z,2026-10-04T01:23:03.393Z,2026-10-04T01:23:03.576Z,2026-10-04T01:23:03.576Z,2026-10-04T01:23:03.673Z,714,20,71,325,239,97,8,624,72,31,2079.976300000002,719.2892999999967,19.830000000001746,16.904199999997218,190.27599999999802,317.81409999999596,24.496799999993527,103.5544000000009,187.88680000000022,18.65810000000056,258.28890000000683,207.31610000000364,null,null,null,null,null,null
cmut4zohp03r4xsbkl8c051ur,image-to-video,performance_concurrent_flow,20,2026-10-04T01:23:01.719Z,2026-10-04T01:23:02.511Z,2026-10-04T01:23:02.531Z,2026-10-04T01:23:02.539Z,2026-10-04T01:23:01.724Z,2026-10-04T01:23:01.730Z,2026-10-04T01:23:02.434Z,2026-10-04T01:23:02.464Z,2026-10-04T01:23:02.497Z,2026-10-04T01:23:02.500Z,2026-10-04T01:23:02.500Z,2026-10-04T01:23:02.637Z,2026-10-04T01:23:02.778Z,2026-10-04T01:23:02.853Z,2026-10-04T01:23:02.879Z,2026-10-04T01:23:03.147Z,2026-10-04T01:23:02.879Z,2026-10-04T01:23:02.961Z,2026-10-04T01:23:03.200Z,2026-10-04T01:23:03.301Z,2026-10-04T01:23:03.394Z,2026-10-04T01:23:03.495Z,2026-10-04T01:23:03.690Z,2026-10-04T01:23:03.690Z,2026-10-04T01:23:03.827Z,792,28,75,321,239,137,5,704,66,33,2252.9595000000045,805.1928000000044,24.846799999999348,24.795100000003004,200.07329999999638,324.37710000000516,25.573700000000827,103.16730000000098,169.33050000000367,20.68510000000242,290.5433000000048,249.60759999999573,null,null,null,null,null,null
cmut4zojs03rhxsbkyox9vot0,text-to-video,performance_concurrent_flow,20,2026-10-04T01:23:01.719Z,2026-10-04T01:23:02.588Z,2026-10-04T01:23:02.599Z,2026-10-04T01:23:02.611Z,2026-10-04T01:23:01.725Z,2026-10-04T01:23:01.730Z,2026-10-04T01:23:02.511Z,2026-10-04T01:23:02.539Z,2026-10-04T01:23:02.577Z,2026-10-04T01:23:02.577Z,2026-10-04T01:23:02.577Z,2026-10-04T01:23:02.710Z,2026-10-04T01:23:02.804Z,2026-10-04T01:23:02.883Z,2026-10-04T01:23:02.906Z,2026-10-04T01:23:03.201Z,2026-10-04T01:23:02.906Z,2026-10-04T01:23:02.989Z,2026-10-04T01:23:03.260Z,2026-10-04T01:23:03.343Z,2026-10-04T01:23:03.440Z,2026-10-04T01:23:03.535Z,2026-10-04T01:23:03.747Z,2026-10-04T01:23:03.747Z,2026-10-04T01:23:03.890Z,869,23,79,354,271,143,6,781,66,38,2270.5611000000063,872.7514999999985,19.529900000001362,22.05630000000383,159.72370000000228,352.5919000000067,23.98359999999957,102.35950000000594,166.75939999999537,16.624100000000908,306.46250000000146,207.7033999999985,null,null,null,null,null,null
cmut4zolt03rmxsbkrr0oaerg,text-to-video,performance_concurrent_flow,20,2026-10-04T01:23:01.719Z,2026-10-04T01:23:02.667Z,2026-10-04T01:23:02.677Z,2026-10-04T01:23:02.689Z,2026-10-04T01:23:01.727Z,2026-10-04T01:23:01.731Z,2026-10-04T01:23:02.588Z,2026-10-04T01:23:02.613Z,2026-10-04T01:23:02.651Z,2026-10-04T01:23:02.651Z,2026-10-04T01:23:02.651Z,2026-10-04T01:23:02.792Z,2026-10-04T01:23:02.897Z,2026-10-04T01:23:02.975Z,2026-10-04T01:23:02.995Z,2026-10-04T01:23:03.286Z,2026-10-04T01:23:02.995Z,2026-10-04T01:23:03.074Z,2026-10-04T01:23:03.328Z,2026-10-04T01:23:03.406Z,2026-10-04T01:23:03.499Z,2026-10-04T01:23:03.599Z,2026-10-04T01:23:03.850Z,2026-10-04T01:23:03.850Z,2026-10-04T01:23:03.994Z,948,22,78,333,254,144,8,857,63,38,2373.261399999996,952.2243999999992,28.137799999996787,23.002800000002026,170.96240000000398,337.97789999999804,25.999000000003434,80.55430000000342,159.97780000000057,17.726399999999558,405.2430999999997,153.54009999999835,null,null,null,null,null,null
cmut4zoob03rwxsbkzsetzoiz,image-to-video,performance_concurrent_flow,20,2026-10-04T01:23:01.719Z,2026-10-04T01:23:02.755Z,2026-10-04T01:23:02.767Z,2026-10-04T01:23:02.779Z,2026-10-04T01:23:01.727Z,2026-10-04T01:23:01.731Z,2026-10-04T01:23:02.667Z,2026-10-04T01:23:02.704Z,2026-10-04T01:23:02.743Z,2026-10-04T01:23:02.747Z,2026-10-04T01:23:02.747Z,2026-10-04T01:23:02.890Z,2026-10-04T01:23:03.040Z,2026-10-04T01:23:03.115Z,2026-10-04T01:23:03.136Z,2026-10-04T01:23:03.365Z,2026-10-04T01:23:03.136Z,2026-10-04T01:23:03.213Z,2026-10-04T01:23:03.408Z,2026-10-04T01:23:03.488Z,2026-10-04T01:23:03.586Z,2026-10-04T01:23:03.713Z,2026-10-04T01:23:03.982Z,2026-10-04T01:23:03.982Z,2026-10-04T01:23:04.090Z,1036,24,75,272,195,108,8,936,80,39,2463.977200000001,1040.8902999999991,23.989000000001397,25.197699999996985,217.60659999999916,291.1333999999988,17.663800000002084,84.09470000000147,159.79529999999795,26.038800000002084,382.61239999999816,175.18149999999878,null,null,null,null,null,null
cmut4zoqj03s8xsbk9giz5nfq,text-to-video,performance_concurrent_flow,20,2026-10-04T01:23:01.719Z,2026-10-04T01:23:02.835Z,2026-10-04T01:23:02.849Z,2026-10-04T01:23:02.861Z,2026-10-04T01:23:01.726Z,2026-10-04T01:23:01.730Z,2026-10-04T01:23:02.755Z,2026-10-04T01:23:02.784Z,2026-10-04T01:23:02.825Z,2026-10-04T01:23:02.825Z,2026-10-04T01:23:02.826Z,2026-10-04T01:23:02.968Z,2026-10-04T01:23:03.068Z,2026-10-04T01:23:03.143Z,2026-10-04T01:23:03.162Z,2026-10-04T01:23:03.391Z,2026-10-04T01:23:03.162Z,2026-10-04T01:23:03.243Z,2026-10-04T01:23:03.436Z,2026-10-04T01:23:03.517Z,2026-10-04T01:23:03.614Z,2026-10-04T01:23:03.749Z,2026-10-04T01:23:04.033Z,2026-10-04T01:23:04.033Z,2026-10-04T01:23:04.125Z,1116,26,75,274,193,92,7,1025,70,41,2494.2388999999966,1121.0253000000012,27.500299999999697,26.804000000003725,160.988400000002,287.2465999999986,19.68470000000525,82.02240000000165,163.76620000000548,28.92099999999482,395.7459000000017,158.70610000000306,null,null,null,null,null,null
cmut4zot203sgxsbkj0kv8l86,image-to-video,performance_concurrent_flow,20,2026-10-04T01:23:01.719Z,2026-10-04T01:23:02.931Z,2026-10-04T01:23:02.946Z,2026-10-04T01:23:02.956Z,2026-10-04T01:23:01.726Z,2026-10-04T01:23:01.731Z,2026-10-04T01:23:02.835Z,2026-10-04T01:23:02.878Z,2026-10-04T01:23:02.919Z,2026-10-04T01:23:02.924Z,2026-10-04T01:23:02.924Z,2026-10-04T01:23:03.061Z,2026-10-04T01:23:03.206Z,2026-10-04T01:23:03.277Z,2026-10-04T01:23:03.294Z,2026-10-04T01:23:03.507Z,2026-10-04T01:23:03.294Z,2026-10-04T01:23:03.359Z,2026-10-04T01:23:03.565Z,2026-10-04T01:23:03.656Z,2026-10-04T01:23:03.790Z,2026-10-04T01:23:03.968Z,2026-10-04T01:23:04.168Z,2026-10-04T01:23:04.168Z,2026-10-04T01:23:04.263Z,1212,25,71,271,206,95,7,1104,89,41,2616.568299999999,1217.747500000005,26.48479999999836,26.01550000000134,206.3608000000022,262.6563000000024,19.278700000002573,95.50220000000263,220.8073000000004,75.30669999999373,300.7112000000052,145.67799999999988,null,null,null,null,null,null
cmut4zovg03sqxsbkw3yjyp7r,text-to-video,performance_concurrent_flow,20,2026-10-04T01:23:01.719Z,2026-10-04T01:23:03.014Z,2026-10-04T01:23:03.027Z,2026-10-04T01:23:03.036Z,2026-10-04T01:23:01.727Z,2026-10-04T01:23:01.733Z,2026-10-04T01:23:02.931Z,2026-10-04T01:23:02.961Z,2026-10-04T01:23:03.006Z,2026-10-04T01:23:03.006Z,2026-10-04T01:23:03.006Z,2026-10-04T01:23:03.143Z,2026-10-04T01:23:03.241Z,2026-10-04T01:23:03.311Z,2026-10-04T01:23:03.330Z,2026-10-04T01:23:03.542Z,2026-10-04T01:23:03.330Z,2026-10-04T01:23:03.392Z,2026-10-04T01:23:03.590Z,2026-10-04T01:23:03.692Z,2026-10-04T01:23:03.824Z,2026-10-04T01:23:03.986Z,2026-10-04T01:23:04.211Z,2026-10-04T01:23:04.211Z,2026-10-04T01:23:04.288Z,1295,22,70,260,198,77,8,1198,75,45,2644.2104000000036,1300.5568000000058,26.873099999997066,24.208700000002864,161.39979999999923,260.27999999999884,19.09560000000056,97.04919999999402,263.2667000000001,38.1788000000015,308.51259999999456,128.11650000000373,null,null,null,null,null,null
cmut4zqt403yaxsbks79qleep,text-to-video,performance_concurrent_flow,20,2026-10-04T01:23:05.430Z,2026-10-04T01:23:05.492Z,2026-10-04T01:23:05.497Z,2026-10-04T01:23:05.502Z,2026-10-04T01:23:05.441Z,2026-10-04T01:23:05.447Z,2026-10-04T01:23:05.451Z,2026-10-04T01:23:05.467Z,2026-10-04T01:23:05.488Z,2026-10-04T01:23:05.488Z,2026-10-04T01:23:05.489Z,2026-10-04T01:23:05.548Z,2026-10-04T01:23:05.594Z,2026-10-04T01:23:05.634Z,2026-10-04T01:23:05.647Z,2026-10-04T01:23:05.773Z,2026-10-04T01:23:05.647Z,2026-10-04T01:23:05.680Z,2026-10-04T01:23:05.810Z,2026-10-04T01:23:05.891Z,2026-10-04T01:23:06.071Z,2026-10-04T01:23:06.216Z,2026-10-04T01:23:06.380Z,2026-10-04T01:23:06.380Z,2026-10-04T01:23:06.478Z,62,10,40,163,130,98,11,4,37,21,1153.5443999999989,64.51809999999386,9.593700000004901,13.80399999999645,73.85660000000644,154.1568999999945,11.680599999999686,66.68179999999847,280.4608999999982,25.283299999995506,261.4484999999986,184.37690000000293,null,null,null,null,null,null
cmut4zqvi03yixsbkdmcfi0p1,text-to-video,performance_concurrent_flow,20,2026-10-04T01:23:05.431Z,2026-10-04T01:23:05.576Z,2026-10-04T01:23:05.583Z,2026-10-04T01:23:05.594Z,2026-10-04T01:23:05.443Z,2026-10-04T01:23:05.447Z,2026-10-04T01:23:05.536Z,2026-10-04T01:23:05.552Z,2026-10-04T01:23:05.569Z,2026-10-04T01:23:05.569Z,2026-10-04T01:23:05.569Z,2026-10-04T01:23:05.640Z,2026-10-04T01:23:05.673Z,2026-10-04T01:23:05.710Z,2026-10-04T01:23:05.726Z,2026-10-04T01:23:05.900Z,2026-10-04T01:23:05.726Z,2026-10-04T01:23:05.770Z,2026-10-04T01:23:05.952Z,2026-10-04T01:23:06.088Z,2026-10-04T01:23:06.235Z,2026-10-04T01:23:06.326Z,2026-10-04T01:23:06.522Z,2026-10-04T01:23:06.522Z,2026-10-04T01:23:06.617Z,145,18,37,226,182,95,12,89,33,17,1286.697500000002,147.73109999999724,9.729199999994307,9.50630000000092,64.5419000000038,184.45009999999456,25.48359999999957,152.308100000002,206.67870000000403,20.78620000000228,272.8176999999996,176.8847999999998,null,null,null,null,null,null
cmut4zqu803yexsbkqosbi4uy,text-to-video,performance_concurrent_flow,20,2026-10-04T01:23:05.431Z,2026-10-04T01:23:05.536Z,2026-10-04T01:23:05.540Z,2026-10-04T01:23:05.550Z,2026-10-04T01:23:05.442Z,2026-10-04T01:23:05.447Z,2026-10-04T01:23:05.492Z,2026-10-04T01:23:05.505Z,2026-10-04T01:23:05.533Z,2026-10-04T01:23:05.533Z,2026-10-04T01:23:05.533Z,2026-10-04T01:23:05.603Z,2026-10-04T01:23:05.648Z,2026-10-04T01:23:05.675Z,2026-10-04T01:23:05.692Z,2026-10-04T01:23:05.843Z,2026-10-04T01:23:05.692Z,2026-10-04T01:23:05.741Z,2026-10-04T01:23:05.892Z,2026-10-04T01:23:06.020Z,2026-10-04T01:23:06.230Z,2026-10-04T01:23:06.321Z,2026-10-04T01:23:06.518Z,2026-10-04T01:23:06.518Z,2026-10-04T01:23:06.618Z,105,14,27,200,151,100,11,45,41,28,1291.9495000000024,106.84229999999661,6.186599999993632,9.661800000001676,85.10289999999804,170.19120000000112,11.209799999996903,95.37089999999444,315.54189999999653,17.57549999999901,276.58000000000175,184.9056999999957,null,null,null,null,null,null
cmut4zqwq03ymxsbk8a6hwxou,text-to-video,performance_concurrent_flow,20,2026-10-04T01:23:05.430Z,2026-10-04T01:23:05.615Z,2026-10-04T01:23:05.619Z,2026-10-04T01:23:05.633Z,2026-10-04T01:23:05.443Z,2026-10-04T01:23:05.448Z,2026-10-04T01:23:05.576Z,2026-10-04T01:23:05.597Z,2026-10-04T01:23:05.612Z,2026-10-04T01:23:05.612Z,2026-10-04T01:23:05.612Z,2026-10-04T01:23:05.665Z,2026-10-04T01:23:05.711Z,2026-10-04T01:23:05.747Z,2026-10-04T01:23:05.764Z,2026-10-04T01:23:05.978Z,2026-10-04T01:23:05.764Z,2026-10-04T01:23:05.809Z,2026-10-04T01:23:06.073Z,2026-10-04T01:23:06.189Z,2026-10-04T01:23:06.285Z,2026-10-04T01:23:06.381Z,2026-10-04T01:23:06.591Z,2026-10-04T01:23:06.591Z,2026-10-04T01:23:06.691Z,185,18,36,309,264,100,13,128,36,15,1367.8130999999994,186.55490000000282,6.804199999998673,7.0512000000017,69.84850000000006,204.24169999999867,33.10299999999552,166.9586000000054,176.25849999999627,19.51469999999972,295.3695000000007,186.48420000000624,null,null,null,null,null,null
cmut4zqxw03yrxsbkwml5tkfr,image-to-video,performance_concurrent_flow,20,2026-10-04T01:23:05.431Z,2026-10-04T01:23:05.659Z,2026-10-04T01:23:05.667Z,2026-10-04T01:23:05.674Z,2026-10-04T01:23:05.443Z,2026-10-04T01:23:05.448Z,2026-10-04T01:23:05.616Z,2026-10-04T01:23:05.637Z,2026-10-04T01:23:05.655Z,2026-10-04T01:23:05.656Z,2026-10-04T01:23:05.656Z,2026-10-04T01:23:05.720Z,2026-10-04T01:23:05.807Z,2026-10-04T01:23:05.854Z,2026-10-04T01:23:05.872Z,2026-10-04T01:23:06.223Z,2026-10-04T01:23:05.872Z,2026-10-04T01:23:05.954Z,2026-10-04T01:23:06.266Z,2026-10-04T01:23:06.351Z,2026-10-04T01:23:06.465Z,2026-10-04T01:23:06.589Z,2026-10-04T01:23:06.816Z,2026-10-04T01:23:06.816Z,2026-10-04T01:23:06.923Z,228,15,47,394,312,107,12,168,40,18,1597.5703999999969,233.78169999999955,8.861100000001898,13.132200000000012,115.153999999995,373.87659999999596,28.676299999999173,83.11520000000019,183.81869999999617,28.25050000000192,329.7726000000039,189.14630000000034,null,null,null,null,null,null
cmut4zqz203yyxsbk2qrngisu,image-to-video,performance_concurrent_flow,20,2026-10-04T01:23:05.431Z,2026-10-04T01:23:05.712Z,2026-10-04T01:23:05.719Z,2026-10-04T01:23:05.738Z,2026-10-04T01:23:05.444Z,2026-10-04T01:23:05.448Z,2026-10-04T01:23:05.659Z,2026-10-04T01:23:05.680Z,2026-10-04T01:23:05.704Z,2026-10-04T01:23:05.708Z,2026-10-04T01:23:05.708Z,2026-10-04T01:23:05.797Z,2026-10-04T01:23:05.901Z,2026-10-04T01:23:06.003Z,2026-10-04T01:23:06.039Z,2026-10-04T01:23:06.308Z,2026-10-04T01:23:06.039Z,2026-10-04T01:23:06.125Z,2026-10-04T01:23:06.352Z,2026-10-04T01:23:06.450Z,2026-10-04T01:23:06.564Z,2026-10-04T01:23:06.682Z,2026-10-04T01:23:06.911Z,2026-10-04T01:23:06.911Z,2026-10-04T01:23:07.020Z,281,26,102,313,227,109,13,211,49,24,1675.2595999999976,284.81239999999525,8.262599999994563,12.026900000004389,153.78280000000086,368.27990000000136,18.06600000000617,85.11750000000029,196.17939999999362,23.7161000000051,331.63460000000487,171.09550000000309,null,null,null,null,null,null
cmut4zr0f03z5xsbkd1exb7d6,image-to-video,performance_concurrent_flow,20,2026-10-04T01:23:05.431Z,2026-10-04T01:23:05.762Z,2026-10-04T01:23:05.772Z,2026-10-04T01:23:05.781Z,2026-10-04T01:23:05.444Z,2026-10-04T01:23:05.449Z,2026-10-04T01:23:05.712Z,2026-10-04T01:23:05.731Z,2026-10-04T01:23:05.756Z,2026-10-04T01:23:05.757Z,2026-10-04T01:23:05.758Z,2026-10-04T01:23:05.831Z,2026-10-04T01:23:05.992Z,2026-10-04T01:23:06.084Z,2026-10-04T01:23:06.111Z,2026-10-04T01:23:06.356Z,2026-10-04T01:23:06.111Z,2026-10-04T01:23:06.219Z,2026-10-04T01:23:06.404Z,2026-10-04T01:23:06.504Z,2026-10-04T01:23:06.623Z,2026-10-04T01:23:06.751Z,2026-10-04T01:23:06.995Z,2026-10-04T01:23:06.995Z,2026-10-04T01:23:07.084Z,331,19,92,293,185,89,13,263,45,25,1749.5377000000008,335.87169999999605,14.510099999999511,9.473799999999756,197.92140000000654,324.11019999999553,17.170399999995425,100.75759999999718,195.19720000000234,26.424800000000687,345.56669999999576,167.7540999999983,null,null,null,null,null,null
cmut4zr1z03zcxsbkkprt7k8p,text-to-video,performance_concurrent_flow,20,2026-10-04T01:23:05.431Z,2026-10-04T01:23:05.814Z,2026-10-04T01:23:05.823Z,2026-10-04T01:23:05.827Z,2026-10-04T01:23:05.444Z,2026-10-04T01:23:05.449Z,2026-10-04T01:23:05.763Z,2026-10-04T01:23:05.786Z,2026-10-04T01:23:05.810Z,2026-10-04T01:23:05.810Z,2026-10-04T01:23:05.810Z,2026-10-04T01:23:05.918Z,2026-10-04T01:23:06.071Z,2026-10-04T01:23:06.151Z,2026-10-04T01:23:06.181Z,2026-10-04T01:23:06.387Z,2026-10-04T01:23:06.181Z,2026-10-04T01:23:06.250Z,2026-10-04T01:23:06.446Z,2026-10-04T01:23:06.539Z,2026-10-04T01:23:06.654Z,2026-10-04T01:23:06.786Z,2026-10-04T01:23:07.018Z,2026-10-04T01:23:07.018Z,2026-10-04T01:23:07.105Z,383,13,80,265,196,87,13,314,47,24,1767.4393000000055,389.63880000000063,17.74040000000241,30.82449999999517,219.35169999999925,259.42169999999896,23.11819999999716,99.56710000000021,196.0355999999956,25.337500000001455,334.78979999999865,164.71050000000105,null,null,null,null,null,null
cmut4zr3b03zhxsbktdxthwig,text-to-video,performance_concurrent_flow,20,2026-10-04T01:23:05.431Z,2026-10-04T01:23:05.880Z,2026-10-04T01:23:05.893Z,2026-10-04T01:23:05.904Z,2026-10-04T01:23:05.444Z,2026-10-04T01:23:05.449Z,2026-10-04T01:23:05.814Z,2026-10-04T01:23:05.834Z,2026-10-04T01:23:05.873Z,2026-10-04T01:23:05.873Z,2026-10-04T01:23:05.873Z,2026-10-04T01:23:06.058Z,2026-10-04T01:23:06.148Z,2026-10-04T01:23:06.230Z,2026-10-04T01:23:06.249Z,2026-10-04T01:23:06.481Z,2026-10-04T01:23:06.249Z,2026-10-04T01:23:06.315Z,2026-10-04T01:23:06.535Z,2026-10-04T01:23:06.632Z,2026-10-04T01:23:06.761Z,2026-10-04T01:23:06.901Z,2026-10-04T01:23:07.116Z,2026-10-04T01:23:07.116Z,2026-10-04T01:23:07.213Z,449,24,82,286,220,97,13,365,59,39,1865.8125,455.65499999999884,17.28070000000298,33.14150000000518,210.29179999999906,284.44369999999617,23.182099999998172,97.64650000000256,211.72009999999864,29.77309999999852,321.43039999999746,163.5497999999934,null,null,null,null,null,null
cmut4zr5l03znxsbk5x1ozrvi,image-to-video,performance_concurrent_flow,20,2026-10-04T01:23:05.430Z,2026-10-04T01:23:05.995Z,2026-10-04T01:23:06.021Z,2026-10-04T01:23:06.041Z,2026-10-04T01:23:05.445Z,2026-10-04T01:23:05.449Z,2026-10-04T01:23:05.880Z,2026-10-04T01:23:05.916Z,2026-10-04T01:23:05.962Z,2026-10-04T01:23:05.974Z,2026-10-04T01:23:05.975Z,2026-10-04T01:23:06.148Z,2026-10-04T01:23:06.298Z,2026-10-04T01:23:06.362Z,2026-10-04T01:23:06.382Z,2026-10-04T01:23:06.653Z,2026-10-04T01:23:06.382Z,2026-10-04T01:23:06.468Z,2026-10-04T01:23:06.709Z,2026-10-04T01:23:06.827Z,2026-10-04T01:23:06.954Z,2026-10-04T01:23:07.074Z,2026-10-04T01:23:07.284Z,2026-10-04T01:23:07.284Z,2026-10-04T01:23:07.354Z,565,46,64,327,241,70,15,431,94,46,1992.3554000000004,571.0884000000005,35.11839999999938,19.03650000000198,209.67859999999928,311.30829999999696,23.554300000003423,110.35179999999673,221.0728999999992,29.455899999993562,296.3665000000037,125.47750000000087,null,null,null,null,null,null
cmut4zr9803zvxsbkk60ufbmu,text-to-video,performance_concurrent_flow,20,2026-10-04T01:23:05.430Z,2026-10-04T01:23:06.110Z,2026-10-04T01:23:06.119Z,2026-10-04T01:23:06.165Z,2026-10-04T01:23:05.445Z,2026-10-04T01:23:05.449Z,2026-10-04T01:23:05.994Z,2026-10-04T01:23:06.064Z,2026-10-04T01:23:06.095Z,2026-10-04T01:23:06.095Z,2026-10-04T01:23:06.095Z,2026-10-04T01:23:06.259Z,2026-10-04T01:23:06.333Z,2026-10-04T01:23:06.404Z,2026-10-04T01:23:06.427Z,2026-10-04T01:23:06.684Z,2026-10-04T01:23:06.427Z,2026-10-04T01:23:06.497Z,2026-10-04T01:23:06.741Z,2026-10-04T01:23:06.858Z,2026-10-04T01:23:06.987Z,2026-10-04T01:23:07.100Z,2026-10-04T01:23:07.305Z,2026-10-04T01:23:07.305Z,2026-10-04T01:23:07.372Z,680,55,71,314,244,67,15,545,101,31,2009.7360999999946,684.3901000000042,28.214500000001863,25.65780000000086,121.2702999999965,304.9539999999979,26.917400000005728,109.01780000000144,223.50660000000062,26.452499999999418,289.6079000000027,119.52580000000307,null,null,null,null,null,null
cmut4zrbj0405xsbk6s2nrjvd,text-to-video,performance_concurrent_flow,20,2026-10-04T01:23:05.431Z,2026-10-04T01:23:06.201Z,2026-10-04T01:23:06.214Z,2026-10-04T01:23:06.221Z,2026-10-04T01:23:05.445Z,2026-10-04T01:23:05.449Z,2026-10-04T01:23:06.110Z,2026-10-04T01:23:06.140Z,2026-10-04T01:23:06.187Z,2026-10-04T01:23:06.187Z,2026-10-04T01:23:06.187Z,2026-10-04T01:23:06.302Z,2026-10-04T01:23:06.385Z,2026-10-04T01:23:06.464Z,2026-10-04T01:23:06.484Z,2026-10-04T01:23:06.749Z,2026-10-04T01:23:06.484Z,2026-10-04T01:23:06.566Z,2026-10-04T01:23:06.807Z,2026-10-04T01:23:06.917Z,2026-10-04T01:23:07.039Z,2026-10-04T01:23:07.149Z,2026-10-04T01:23:07.339Z,2026-10-04T01:23:07.339Z,2026-10-04T01:23:07.408Z,770,20,79,323,241,69,14,661,77,47,2045.5371000000014,775.9780000000028,21.17710000000079,17.388899999998102,135.00160000000324,311.9746000000014,27.19090000000142,114.40120000000024,206.2618999999977,22.78750000000582,274.4085999999952,123.99010000000271,null,null,null,null,null,null
cmut4zreh040exsbkve94e0zc,image-to-video,performance_concurrent_flow,20,2026-10-04T01:23:05.431Z,2026-10-04T01:23:06.281Z,2026-10-04T01:23:06.289Z,2026-10-04T01:23:06.297Z,2026-10-04T01:23:05.445Z,2026-10-04T01:23:05.450Z,2026-10-04T01:23:06.200Z,2026-10-04T01:23:06.237Z,2026-10-04T01:23:06.272Z,2026-10-04T01:23:06.274Z,2026-10-04T01:23:06.274Z,2026-10-04T01:23:06.378Z,2026-10-04T01:23:06.534Z,2026-10-04T01:23:06.604Z,2026-10-04T01:23:06.626Z,2026-10-04T01:23:06.915Z,2026-10-04T01:23:06.626Z,2026-10-04T01:23:06.709Z,2026-10-04T01:23:06.977Z,2026-10-04T01:23:07.071Z,2026-10-04T01:23:07.189Z,2026-10-04T01:23:07.302Z,2026-10-04T01:23:07.449Z,2026-10-04T01:23:07.449Z,2026-10-04T01:23:07.515Z,850,16,70,351,268,66,14,750,74,35,2147.512999999999,853.7546000000002,19.87159999999858,16.403000000005704,209.15869999999995,331.7291999999943,24.618000000002212,112.84219999999914,200.40039999999863,23.8208999999988,228.6406999999963,113.01289999999426,null,null,null,null,null,null
cmut4zrgf040kxsbkh3vwb357,image-to-video,performance_concurrent_flow,20,2026-10-04T01:23:05.430Z,2026-10-04T01:23:06.346Z,2026-10-04T01:23:06.365Z,2026-10-04T01:23:06.373Z,2026-10-04T01:23:05.446Z,2026-10-04T01:23:05.450Z,2026-10-04T01:23:06.281Z,2026-10-04T01:23:06.306Z,2026-10-04T01:23:06.336Z,2026-10-04T01:23:06.339Z,2026-10-04T01:23:06.339Z,2026-10-04T01:23:06.469Z,2026-10-04T01:23:06.622Z,2026-10-04T01:23:06.696Z,2026-10-04T01:23:06.716Z,2026-10-04T01:23:07.013Z,2026-10-04T01:23:06.716Z,2026-10-04T01:23:06.811Z,2026-10-04T01:23:07.065Z,2026-10-04T01:23:07.159Z,2026-10-04T01:23:07.274Z,2026-10-04T01:23:07.365Z,2026-10-04T01:23:07.513Z,2026-10-04T01:23:07.513Z,2026-10-04T01:23:07.574Z,916,27,74,349,254,61,16,831,58,30,2193.961900000002,922.9939999999988,20.586699999999837,29.473599999997532,207.2031999999963,339.10310000000027,29.85160000000178,96.34830000000511,193.225400000003,22.764799999997194,217.70410000000265,94.77500000000146,null,null,null,null,null,null
cmut4zri9040rxsbkxyem6fyb,text-to-video,performance_concurrent_flow,20,2026-10-04T01:23:05.431Z,2026-10-04T01:23:06.426Z,2026-10-04T01:23:06.439Z,2026-10-04T01:23:06.450Z,2026-10-04T01:23:05.446Z,2026-10-04T01:23:05.450Z,2026-10-04T01:23:06.346Z,2026-10-04T01:23:06.372Z,2026-10-04T01:23:06.419Z,2026-10-04T01:23:06.419Z,2026-10-04T01:23:06.419Z,2026-10-04T01:23:06.552Z,2026-10-04T01:23:06.644Z,2026-10-04T01:23:06.721Z,2026-10-04T01:23:06.741Z,2026-10-04T01:23:07.037Z,2026-10-04T01:23:06.741Z,2026-10-04T01:23:06.838Z,2026-10-04T01:23:07.083Z,2026-10-04T01:23:07.180Z,2026-10-04T01:23:07.290Z,2026-10-04T01:23:07.378Z,2026-10-04T01:23:07.529Z,2026-10-04T01:23:07.529Z,2026-10-04T01:23:07.581Z,995,24,77,342,245,52,15,896,73,47,2204.503699999994,1000.5428000000029,22.790500000002794,20.97479999999632,159.53190000000177,345.3917000000001,26.74699999999575,90.81200000000536,187.98859999999695,22.505199999999604,214.69480000000476,93.17319999999745,null,null,null,null,null,null
cmut4zrks0410xsbkhyoqnf2m,image-to-video,performance_concurrent_flow,20,2026-10-04T01:23:05.431Z,2026-10-04T01:23:06.522Z,2026-10-04T01:23:06.535Z,2026-10-04T01:23:06.546Z,2026-10-04T01:23:05.446Z,2026-10-04T01:23:05.450Z,2026-10-04T01:23:06.426Z,2026-10-04T01:23:06.464Z,2026-10-04T01:23:06.503Z,2026-10-04T01:23:06.510Z,2026-10-04T01:23:06.510Z,2026-10-04T01:23:06.646Z,2026-10-04T01:23:06.805Z,2026-10-04T01:23:06.888Z,2026-10-04T01:23:06.908Z,2026-10-04T01:23:07.209Z,2026-10-04T01:23:06.908Z,2026-10-04T01:23:07.000Z,2026-10-04T01:23:07.263Z,2026-10-04T01:23:07.341Z,2026-10-04T01:23:07.422Z,2026-10-04T01:23:07.503Z,2026-10-04T01:23:07.626Z,2026-10-04T01:23:07.626Z,2026-10-04T01:23:07.673Z,1091,24,83,355,263,47,15,976,84,39,2278.414499999999,1095.347099999999,25.5708999999988,21.56710000000021,224.99429999999847,352.1495000000068,22.977899999998044,96.95040000000154,142.92230000000563,17.22660000000178,186.1582000000053,72.34870000000228,null,null,null,null,null,null
cmut4zrne041exsbkgbc7yrpr,image-to-video,performance_concurrent_flow,20,2026-10-04T01:23:05.431Z,2026-10-04T01:23:06.613Z,2026-10-04T01:23:06.626Z,2026-10-04T01:23:06.635Z,2026-10-04T01:23:05.447Z,2026-10-04T01:23:05.450Z,2026-10-04T01:23:06.521Z,2026-10-04T01:23:06.558Z,2026-10-04T01:23:06.598Z,2026-10-04T01:23:06.602Z,2026-10-04T01:23:06.602Z,2026-10-04T01:23:06.746Z,2026-10-04T01:23:06.911Z,2026-10-04T01:23:06.997Z,2026-10-04T01:23:07.014Z,2026-10-04T01:23:07.266Z,2026-10-04T01:23:07.014Z,2026-10-04T01:23:07.086Z,2026-10-04T01:23:07.310Z,2026-10-04T01:23:07.380Z,2026-10-04T01:23:07.463Z,2026-10-04T01:23:07.550Z,2026-10-04T01:23:07.657Z,2026-10-04T01:23:07.657Z,2026-10-04T01:23:07.698Z,1182,22,86,296,224,41,16,1071,81,40,2301.032999999996,1186.2603999999992,26.12879999999859,25.331300000005285,238.94150000000081,304.89660000000003,24.588700000000244,82.55870000000141,137.8845999999976,16.750499999994645,176.83000000000175,62.55540000000474,null,null,null,null,null,null
cmut4zrpv041oxsbkg4lb23jm,image-to-video,performance_concurrent_flow,20,2026-10-04T01:23:05.431Z,2026-10-04T01:23:06.707Z,2026-10-04T01:23:06.723Z,2026-10-04T01:23:06.735Z,2026-10-04T01:23:05.447Z,2026-10-04T01:23:05.450Z,2026-10-04T01:23:06.613Z,2026-10-04T01:23:06.648Z,2026-10-04T01:23:06.693Z,2026-10-04T01:23:06.698Z,2026-10-04T01:23:06.698Z,2026-10-04T01:23:06.856Z,2026-10-04T01:23:07.021Z,2026-10-04T01:23:07.089Z,2026-10-04T01:23:07.109Z,2026-10-04T01:23:07.350Z,2026-10-04T01:23:07.109Z,2026-10-04T01:23:07.190Z,2026-10-04T01:23:07.386Z,2026-10-04T01:23:07.458Z,2026-10-04T01:23:07.542Z,2026-10-04T01:23:07.612Z,2026-10-04T01:23:07.705Z,2026-10-04T01:23:07.705Z,2026-10-04T01:23:07.737Z,1276,28,68,277,196,32,16,1163,85,45,2336.9677999999985,1282.4176999999981,31.567199999997683,23.790600000000268,238.6241000000009,293.76610000000073,19.20209999999497,71.25759999999718,141.23119999999471,13.82719999999972,144.33320000000094,55.10649999999441,null,null,null,null,null,null
cmut4zrsd0420xsbkgzi9t3ey,text-to-video,performance_concurrent_flow,20,2026-10-04T01:23:05.431Z,2026-10-04T01:23:06.792Z,2026-10-04T01:23:06.812Z,2026-10-04T01:23:06.825Z,2026-10-04T01:23:05.448Z,2026-10-04T01:23:05.451Z,2026-10-04T01:23:06.707Z,2026-10-04T01:23:06.737Z,2026-10-04T01:23:06.783Z,2026-10-04T01:23:06.783Z,2026-10-04T01:23:06.783Z,2026-10-04T01:23:06.940Z,2026-10-04T01:23:07.042Z,2026-10-04T01:23:07.108Z,2026-10-04T01:23:07.136Z,2026-10-04T01:23:07.366Z,2026-10-04T01:23:07.136Z,2026-10-04T01:23:07.219Z,2026-10-04T01:23:07.408Z,2026-10-04T01:23:07.476Z,2026-10-04T01:23:07.558Z,2026-10-04T01:23:07.623Z,2026-10-04T01:23:07.713Z,2026-10-04T01:23:07.713Z,2026-10-04T01:23:07.744Z,1361,33,66,272,189,31,17,1256,76,46,2343.6443999999974,1366.7397000000055,27.273199999995995,26.660100000000966,170.0011999999988,291.97039999999834,16.093400000005204,74.03010000000359,135.85130000000208,12.29950000000099,142.53179999999702,52.25760000000446,null,null,null,null,null,null
cmut4zrv80428xsbkrzmnu99u,image-to-video,performance_concurrent_flow,20,2026-10-04T01:23:05.431Z,2026-10-04T01:23:06.898Z,2026-10-04T01:23:06.914Z,2026-10-04T01:23:06.928Z,2026-10-04T01:23:05.446Z,2026-10-04T01:23:05.451Z,2026-10-04T01:23:06.793Z,2026-10-04T01:23:06.840Z,2026-10-04T01:23:06.884Z,2026-10-04T01:23:06.888Z,2026-10-04T01:23:06.888Z,2026-10-04T01:23:07.035Z,2026-10-04T01:23:07.176Z,2026-10-04T01:23:07.251Z,2026-10-04T01:23:07.270Z,2026-10-04T01:23:07.460Z,2026-10-04T01:23:07.270Z,2026-10-04T01:23:07.333Z,2026-10-04T01:23:07.496Z,2026-10-04T01:23:07.564Z,2026-10-04T01:23:07.623Z,2026-10-04T01:23:07.683Z,2026-10-04T01:23:07.751Z,2026-10-04T01:23:07.751Z,2026-10-04T01:23:07.781Z,1467,30,75,226,163,30,15,1342,95,44,2375.389799999997,1473.6295000000027,24.602700000003097,26.73200000000361,204.11390000000392,248.57459999999992,17.12569999999687,71.74319999999716,111.60350000000471,13.678699999996752,111.87640000000101,47.49140000000625,null,null,null,null,null,null
cmut4zt15047rxsbk08ng8kfg,text-to-video,performance_concurrent_flow,20,2026-10-04T01:23:08.316Z,2026-10-04T01:23:08.366Z,2026-10-04T01:23:08.371Z,2026-10-04T01:23:08.376Z,2026-10-04T01:23:08.322Z,2026-10-04T01:23:08.326Z,2026-10-04T01:23:08.332Z,2026-10-04T01:23:08.346Z,2026-10-04T01:23:08.362Z,2026-10-04T01:23:08.362Z,2026-10-04T01:23:08.362Z,2026-10-04T01:23:08.407Z,2026-10-04T01:23:08.438Z,2026-10-04T01:23:08.464Z,2026-10-04T01:23:08.481Z,2026-10-04T01:23:08.608Z,2026-10-04T01:23:08.481Z,2026-10-04T01:23:08.512Z,2026-10-04T01:23:08.635Z,2026-10-04T01:23:08.692Z,2026-10-04T01:23:08.791Z,2026-10-04T01:23:08.936Z,2026-10-04T01:23:09.234Z,2026-10-04T01:23:09.234Z,2026-10-04T01:23:09.342Z,50,10,26,154,123,108,6,6,30,16,1143.902399999999,52.43370000000141,7.844799999998941,8.060700000001816,49.57090000000608,136.46089999999822,24.08520000000135,54.573300000003655,150.50420000000304,42.39890000000014,405.84599999999773,204.52640000000247,null,null,null,null,null,null
cmut4zt23047vxsbkbni3b4k0,image-to-video,performance_concurrent_flow,20,2026-10-04T01:23:08.316Z,2026-10-04T01:23:08.401Z,2026-10-04T01:23:08.406Z,2026-10-04T01:23:08.411Z,2026-10-04T01:23:08.324Z,2026-10-04T01:23:08.330Z,2026-10-04T01:23:08.366Z,2026-10-04T01:23:08.381Z,2026-10-04T01:23:08.397Z,2026-10-04T01:23:08.398Z,2026-10-04T01:23:08.398Z,2026-10-04T01:23:08.445Z,2026-10-04T01:23:08.506Z,2026-10-04T01:23:08.537Z,2026-10-04T01:23:08.551Z,2026-10-04T01:23:08.708Z,2026-10-04T01:23:08.551Z,2026-10-04T01:23:08.603Z,2026-10-04T01:23:08.763Z,2026-10-04T01:23:08.853Z,2026-10-04T01:23:08.991Z,2026-10-04T01:23:09.151Z,2026-10-04T01:23:09.388Z,2026-10-04T01:23:09.388Z,2026-10-04T01:23:09.486Z,85,10,31,212,160,98,8,36,32,16,1282.6164999999964,87.1298999999999,9.560999999994237,8.157200000001467,81.95859999999811,174.7367000000013,13.517500000001746,96.99129999999423,236.2445000000007,31.202799999999115,345.1218999999983,190.51980000000185,null,null,null,null,null,null
cmut4zt2y0480xsbkqv9spl1a,text-to-video,performance_concurrent_flow,20,2026-10-04T01:23:08.316Z,2026-10-04T01:23:08.431Z,2026-10-04T01:23:08.435Z,2026-10-04T01:23:08.441Z,2026-10-04T01:23:08.325Z,2026-10-04T01:23:08.331Z,2026-10-04T01:23:08.401Z,2026-10-04T01:23:08.412Z,2026-10-04T01:23:08.428Z,2026-10-04T01:23:08.428Z,2026-10-04T01:23:08.428Z,2026-10-04T01:23:08.485Z,2026-10-04T01:23:08.520Z,2026-10-04T01:23:08.547Z,2026-10-04T01:23:08.562Z,2026-10-04T01:23:08.738Z,2026-10-04T01:23:08.562Z,2026-10-04T01:23:08.617Z,2026-10-04T01:23:08.785Z,2026-10-04T01:23:08.906Z,2026-10-04T01:23:09.034Z,2026-10-04T01:23:09.201Z,2026-10-04T01:23:09.453Z,2026-10-04T01:23:09.453Z,2026-10-04T01:23:09.555Z,115,10,27,223,168,102,9,70,27,16,1348.009100000003,117.02060000000347,9.410400000000664,9.166599999996834,64.67629999999917,173.23070000000007,24.788100000005215,104.24689999999828,237.67050000000017,46.37120000000141,360.96399999999994,192.31940000000031,null,null,null,null,null,null
cmut4zt3u0484xsbkgs7dwbti,text-to-video,performance_concurrent_flow,20,2026-10-04T01:23:08.316Z,2026-10-04T01:23:08.470Z,2026-10-04T01:23:08.476Z,2026-10-04T01:23:08.481Z,2026-10-04T01:23:08.325Z,2026-10-04T01:23:08.331Z,2026-10-04T01:23:08.431Z,2026-10-04T01:23:08.444Z,2026-10-04T01:23:08.461Z,2026-10-04T01:23:08.461Z,2026-10-04T01:23:08.461Z,2026-10-04T01:23:08.522Z,2026-10-04T01:23:08.561Z,2026-10-04T01:23:08.611Z,2026-10-04T01:23:08.630Z,2026-10-04T01:23:08.838Z,2026-10-04T01:23:08.630Z,2026-10-04T01:23:08.679Z,2026-10-04T01:23:08.909Z,2026-10-04T01:23:09.046Z,2026-10-04T01:23:09.204Z,2026-10-04T01:23:09.351Z,2026-10-04T01:23:09.590Z,2026-10-04T01:23:09.590Z,2026-10-04T01:23:09.693Z,154,11,50,279,230,103,9,100,30,17,1506.934000000001,156.81620000000112,12.10570000000007,8.559199999996054,65.03719999999885,236.11300000000483,26.036199999995006,130.94109999999637,267.16619999999966,28.069100000000617,354.1588000000047,213.24610000000393,null,null,null,null,null,null
cmut4zt530489xsbkqneywbf2,image-to-video,performance_concurrent_flow,20,2026-10-04T01:23:08.316Z,2026-10-04T01:23:08.513Z,2026-10-04T01:23:08.520Z,2026-10-04T01:23:08.525Z,2026-10-04T01:23:08.324Z,2026-10-04T01:23:08.330Z,2026-10-04T01:23:08.469Z,2026-10-04T01:23:08.489Z,2026-10-04T01:23:08.508Z,2026-10-04T01:23:08.509Z,2026-10-04T01:23:08.509Z,2026-10-04T01:23:08.568Z,2026-10-04T01:23:08.660Z,2026-10-04T01:23:08.703Z,2026-10-04T01:23:08.732Z,2026-10-04T01:23:08.987Z,2026-10-04T01:23:08.732Z,2026-10-04T01:23:08.805Z,2026-10-04T01:23:09.044Z,2026-10-04T01:23:09.155Z,2026-10-04T01:23:09.318Z,2026-10-04T01:23:09.456Z,2026-10-04T01:23:09.689Z,2026-10-04T01:23:09.689Z,2026-10-04T01:23:09.818Z,197,12,43,312,239,129,8,139,40,19,1625.525800000003,200.68349999999919,9.994700000002922,9.840800000005402,121.54379999999946,288.4982000000018,16.09710000000632,118.57770000000164,249.6082000000024,36.85580000000482,331.41399999999703,234.0419000000038,null,null,null,null,null,null
cmut4zt65048fxsbknwv6kopx,text-to-video,performance_concurrent_flow,20,2026-10-04T01:23:08.316Z,2026-10-04T01:23:08.549Z,2026-10-04T01:23:08.555Z,2026-10-04T01:23:08.563Z,2026-10-04T01:23:08.325Z,2026-10-04T01:23:08.330Z,2026-10-04T01:23:08.514Z,2026-10-04T01:23:08.527Z,2026-10-04T01:23:08.545Z,2026-10-04T01:23:08.545Z,2026-10-04T01:23:08.545Z,2026-10-04T01:23:08.628Z,2026-10-04T01:23:08.690Z,2026-10-04T01:23:08.765Z,2026-10-04T01:23:08.783Z,2026-10-04T01:23:09.128Z,2026-10-04T01:23:08.783Z,2026-10-04T01:23:08.881Z,2026-10-04T01:23:09.196Z,2026-10-04T01:23:09.306Z,2026-10-04T01:23:09.431Z,2026-10-04T01:23:09.556Z,2026-10-04T01:23:09.822Z,2026-10-04T01:23:09.822Z,2026-10-04T01:23:09.965Z,233,14,75,413,315,143,9,184,31,18,1774.9948000000004,235.46860000000015,18.916799999999057,21.277099999999336,94.30430000000342,334.7088999999978,84.80999999999767,120.14949999999953,211.76369999999588,25.196900000002643,386.2505999999994,230.90520000000106,null,null,null,null,null,null
cmut4zt7a048lxsbktdrd53bk,image-to-video,performance_concurrent_flow,20,2026-10-04T01:23:08.316Z,2026-10-04T01:23:08.607Z,2026-10-04T01:23:08.616Z,2026-10-04T01:23:08.622Z,2026-10-04T01:23:08.325Z,2026-10-04T01:23:08.331Z,2026-10-04T01:23:08.549Z,2026-10-04T01:23:08.570Z,2026-10-04T01:23:08.601Z,2026-10-04T01:23:08.602Z,2026-10-04T01:23:08.603Z,2026-10-04T01:23:08.677Z,2026-10-04T01:23:08.800Z,2026-10-04T01:23:08.895Z,2026-10-04T01:23:08.915Z,2026-10-04T01:23:09.274Z,2026-10-04T01:23:08.915Z,2026-10-04T01:23:08.995Z,2026-10-04T01:23:09.331Z,2026-10-04T01:23:09.452Z,2026-10-04T01:23:09.574Z,2026-10-04T01:23:09.716Z,2026-10-04T01:23:10.030Z,2026-10-04T01:23:10.030Z,2026-10-04T01:23:10.129Z,291,15,95,416,336,99,9,218,53,31,1907.214700000004,295.9065999999948,10.799100000003818,15.594199999999546,164.3652000000002,416.9858999999997,24.89440000000468,125.82400000000052,223.42730000000302,26.670500000000175,418.89719999999943,173.53669999999693,null,null,null,null,null,null
cmut4zt8v048txsbkn0v1l682,text-to-video,performance_concurrent_flow,20,2026-10-04T01:23:08.316Z,2026-10-04T01:23:08.657Z,2026-10-04T01:23:08.665Z,2026-10-04T01:23:08.670Z,2026-10-04T01:23:08.325Z,2026-10-04T01:23:08.331Z,2026-10-04T01:23:08.607Z,2026-10-04T01:23:08.625Z,2026-10-04T01:23:08.651Z,2026-10-04T01:23:08.651Z,2026-10-04T01:23:08.652Z,2026-10-04T01:23:08.759Z,2026-10-04T01:23:08.849Z,2026-10-04T01:23:08.938Z,2026-10-04T01:23:08.965Z,2026-10-04T01:23:09.325Z,2026-10-04T01:23:08.965Z,2026-10-04T01:23:09.059Z,2026-10-04T01:23:09.392Z,2026-10-04T01:23:09.494Z,2026-10-04T01:23:09.629Z,2026-10-04T01:23:09.761Z,2026-10-04T01:23:10.064Z,2026-10-04T01:23:10.064Z,2026-10-04T01:23:10.151Z,341,13,89,427,333,87,9,276,44,26,1930.8018999999986,342.71860000000015,14.153800000000047,13.773399999998219,172.3452000000034,421.8150999999998,20.990100000002712,113.58329999999842,219.93629999999393,26.753399999994144,409.34100000000035,163.93190000000322,null,null,null,null,null,null
cmut4zta7048yxsbkpu2tbonf,text-to-video,performance_concurrent_flow,20,2026-10-04T01:23:08.316Z,2026-10-04T01:23:08.707Z,2026-10-04T01:23:08.723Z,2026-10-04T01:23:08.747Z,2026-10-04T01:23:08.326Z,2026-10-04T01:23:08.333Z,2026-10-04T01:23:08.657Z,2026-10-04T01:23:08.673Z,2026-10-04T01:23:08.700Z,2026-10-04T01:23:08.700Z,2026-10-04T01:23:08.700Z,2026-10-04T01:23:08.832Z,2026-10-04T01:23:08.949Z,2026-10-04T01:23:09.033Z,2026-10-04T01:23:09.055Z,2026-10-04T01:23:09.359Z,2026-10-04T01:23:09.055Z,2026-10-04T01:23:09.131Z,2026-10-04T01:23:09.422Z,2026-10-04T01:23:09.530Z,2026-10-04T01:23:09.669Z,2026-10-04T01:23:09.833Z,2026-10-04T01:23:10.105Z,2026-10-04T01:23:10.105Z,2026-10-04T01:23:10.197Z,391,40,84,367,291,92,10,324,43,27,1972.3871999999974,402.5656999999992,21.95259999999689,20.915000000000873,169.56650000000081,354.8177999999971,28.46689999999944,120.01989999999932,228.14860000000044,32.749900000002526,397.97000000000116,166.5498000000007,null,null,null,null,null,null
cmut4ztc50495xsbk1dq5em68,image-to-video,performance_concurrent_flow,20,2026-10-04T01:23:08.316Z,2026-10-04T01:23:08.794Z,2026-10-04T01:23:08.804Z,2026-10-04T01:23:08.814Z,2026-10-04T01:23:08.326Z,2026-10-04T01:23:08.331Z,2026-10-04T01:23:08.707Z,2026-10-04T01:23:08.746Z,2026-10-04T01:23:08.783Z,2026-10-04T01:23:08.786Z,2026-10-04T01:23:08.786Z,2026-10-04T01:23:08.953Z,2026-10-04T01:23:09.156Z,2026-10-04T01:23:09.236Z,2026-10-04T01:23:09.265Z,2026-10-04T01:23:09.550Z,2026-10-04T01:23:09.265Z,2026-10-04T01:23:09.352Z,2026-10-04T01:23:09.617Z,2026-10-04T01:23:09.725Z,2026-10-04T01:23:09.881Z,2026-10-04T01:23:10.032Z,2026-10-04T01:23:10.236Z,2026-10-04T01:23:10.236Z,2026-10-04T01:23:10.336Z,478,20,80,352,265,100,10,376,79,37,2091.6549000000014,482.02679999999964,25.02850000000035,56.74290000000474,278.7904999999955,332.6854999999996,28.23490000000311,116.42009999999573,247.86799999999494,25.762199999997392,325.91330000000016,156.08780000000115,null,null,null,null,null,null
cmut4zte4049cxsbk29xtexsd,text-to-video,performance_concurrent_flow,20,2026-10-04T01:23:08.316Z,2026-10-04T01:23:08.895Z,2026-10-04T01:23:08.905Z,2026-10-04T01:23:08.920Z,2026-10-04T01:23:08.324Z,2026-10-04T01:23:08.329Z,2026-10-04T01:23:08.794Z,2026-10-04T01:23:08.820Z,2026-10-04T01:23:08.888Z,2026-10-04T01:23:08.888Z,2026-10-04T01:23:08.888Z,2026-10-04T01:23:09.006Z,2026-10-04T01:23:09.155Z,2026-10-04T01:23:09.235Z,2026-10-04T01:23:09.265Z,2026-10-04T01:23:09.538Z,2026-10-04T01:23:09.265Z,2026-10-04T01:23:09.346Z,2026-10-04T01:23:09.606Z,2026-10-04T01:23:09.711Z,2026-10-04T01:23:09.875Z,2026-10-04T01:23:10.030Z,2026-10-04T01:23:10.248Z,2026-10-04T01:23:10.248Z,2026-10-04T01:23:10.348Z,579,25,80,341,260,100,8,465,94,68,2105.2383999999947,581.9002000000037,19.640599999998813,21.0538000000015,213.35639999999694,325.54099999999744,24.479299999999057,119.0141999999978,252.0743999999977,35.98829999999725,342.05740000000515,147.8142000000007,null,null,null,null,null,null
cmut4zth3049kxsbkj9pd2y3m,text-to-video,performance_concurrent_flow,20,2026-10-04T01:23:08.316Z,2026-10-04T01:23:08.982Z,2026-10-04T01:23:08.992Z,2026-10-04T01:23:09.032Z,2026-10-04T01:23:08.327Z,2026-10-04T01:23:08.332Z,2026-10-04T01:23:08.895Z,2026-10-04T01:23:08.923Z,2026-10-04T01:23:08.968Z,2026-10-04T01:23:08.968Z,2026-10-04T01:23:08.969Z,2026-10-04T01:23:09.198Z,2026-10-04T01:23:09.304Z,2026-10-04T01:23:09.386Z,2026-10-04T01:23:09.408Z,2026-10-04T01:23:09.695Z,2026-10-04T01:23:09.408Z,2026-10-04T01:23:09.489Z,2026-10-04T01:23:09.755Z,2026-10-04T01:23:09.927Z,2026-10-04T01:23:10.073Z,2026-10-04T01:23:10.188Z,2026-10-04T01:23:10.387Z,2026-10-04T01:23:10.387Z,2026-10-04T01:23:10.460Z,666,50,82,347,266,73,11,563,73,45,2215.8666999999987,669.3919999999998,80.34470000000147,24.145900000003166,173.58039999999892,343.45470000000205,26.83049999999639,160.81990000000224,249.20360000000073,26.655500000000757,285.27679999999964,129.3778999999995,null,null,null,null,null,null
cmut4ztjd049sxsbkmaaft2yl,text-to-video,performance_concurrent_flow,20,2026-10-04T01:23:08.316Z,2026-10-04T01:23:09.110Z,2026-10-04T01:23:09.121Z,2026-10-04T01:23:09.129Z,2026-10-04T01:23:08.327Z,2026-10-04T01:23:08.332Z,2026-10-04T01:23:08.982Z,2026-10-04T01:23:09.005Z,2026-10-04T01:23:09.070Z,2026-10-04T01:23:09.070Z,2026-10-04T01:23:09.070Z,2026-10-04T01:23:09.256Z,2026-10-04T01:23:09.377Z,2026-10-04T01:23:09.454Z,2026-10-04T01:23:09.475Z,2026-10-04T01:23:09.798Z,2026-10-04T01:23:09.475Z,2026-10-04T01:23:09.566Z,2026-10-04T01:23:09.867Z,2026-10-04T01:23:09.984Z,2026-10-04T01:23:10.121Z,2026-10-04T01:23:10.239Z,2026-10-04T01:23:10.425Z,2026-10-04T01:23:10.425Z,2026-10-04T01:23:10.505Z,794,19,77,392,301,80,11,650,88,65,2253.6457999999984,797.3741000000009,45.633999999998196,20.53320000000531,191.82360000000335,342.1892000000007,43.65350000000035,142.6322,223.24369999999908,20.059300000000803,280.8328000000038,129.57660000000033,null,null,null,null,null,null
cmut4ztng04a2xsbkw9yrp9ep,image-to-video,performance_concurrent_flow,20,2026-10-04T01:23:08.316Z,2026-10-04T01:23:09.229Z,2026-10-04T01:23:09.264Z,2026-10-04T01:23:09.276Z,2026-10-04T01:23:08.323Z,2026-10-04T01:23:08.329Z,2026-10-04T01:23:09.110Z,2026-10-04T01:23:09.152Z,2026-10-04T01:23:09.204Z,2026-10-04T01:23:09.217Z,2026-10-04T01:23:09.217Z,2026-10-04T01:23:09.391Z,2026-10-04T01:23:09.545Z,2026-10-04T01:23:09.638Z,2026-10-04T01:23:09.657Z,2026-10-04T01:23:09.997Z,2026-10-04T01:23:09.657Z,2026-10-04T01:23:09.756Z,2026-10-04T01:23:10.066Z,2026-10-04T01:23:10.156Z,2026-10-04T01:23:10.277Z,2026-10-04T01:23:10.383Z,2026-10-04T01:23:10.543Z,2026-10-04T01:23:10.543Z,2026-10-04T01:23:10.601Z,913,47,93,409,310,58,7,781,107,52,2357.5316999999995,936.126599999996,28.288800000002084,20.006399999998393,235.13830000000598,377.55159999999887,29.135600000001432,131.7829999999958,194.0983999999953,24.455999999998312,237.02100000000064,119.59039999999368,null,null,null,null,null,null
cmut4ztqh04adxsbkpek3mrs8,image-to-video,performance_concurrent_flow,20,2026-10-04T01:23:08.316Z,2026-10-04T01:23:09.321Z,2026-10-04T01:23:09.342Z,2026-10-04T01:23:09.355Z,2026-10-04T01:23:08.327Z,2026-10-04T01:23:08.336Z,2026-10-04T01:23:09.229Z,2026-10-04T01:23:09.268Z,2026-10-04T01:23:09.310Z,2026-10-04T01:23:09.313Z,2026-10-04T01:23:09.313Z,2026-10-04T01:23:09.471Z,2026-10-04T01:23:09.642Z,2026-10-04T01:23:09.719Z,2026-10-04T01:23:09.739Z,2026-10-04T01:23:10.090Z,2026-10-04T01:23:09.739Z,2026-10-04T01:23:09.854Z,2026-10-04T01:23:10.143Z,2026-10-04T01:23:10.235Z,2026-10-04T01:23:10.352Z,2026-10-04T01:23:10.446Z,2026-10-04T01:23:10.591Z,2026-10-04T01:23:10.591Z,2026-10-04T01:23:10.661Z,1005,34,77,404,289,70,11,893,84,42,2408.8290999999954,1014.1044000000038,34.781699999999546,24.094399999994494,236.4589000000051,396.1559000000052,31.712099999997008,98.1330999999991,187.65929999999935,19.136200000000827,222.77230000000418,118.68800000000192,null,null,null,null,null,null
cmut4ztt904amxsbkk9vnyggr,image-to-video,performance_concurrent_flow,20,2026-10-04T01:23:08.316Z,2026-10-04T01:23:09.434Z,2026-10-04T01:23:09.452Z,2026-10-04T01:23:09.463Z,2026-10-04T01:23:08.328Z,2026-10-04T01:23:08.337Z,2026-10-04T01:23:09.321Z,2026-10-04T01:23:09.365Z,2026-10-04T01:23:09.422Z,2026-10-04T01:23:09.425Z,2026-10-04T01:23:09.425Z,2026-10-04T01:23:09.572Z,2026-10-04T01:23:09.748Z,2026-10-04T01:23:09.853Z,2026-10-04T01:23:09.893Z,2026-10-04T01:23:10.220Z,2026-10-04T01:23:09.893Z,2026-10-04T01:23:09.986Z,2026-10-04T01:23:10.271Z,2026-10-04T01:23:10.362Z,2026-10-04T01:23:10.450Z,2026-10-04T01:23:10.539Z,2026-10-04T01:23:10.673Z,2026-10-04T01:23:10.673Z,2026-10-04T01:23:10.737Z,1118,29,105,378,285,64,12,984,104,57,2474.6987999999983,1126.9737999999998,24.371800000000803,27.637199999997392,242.59470000000147,428.67529999999533,23.01520000000164,93.85050000000047,159.1521999999968,25.669099999999162,197.67489999999816,105.40220000000409,null,null,null,null,null,null
cmut4ztwl04ayxsbkum52ejc4,image-to-video,performance_concurrent_flow,20,2026-10-04T01:23:08.316Z,2026-10-04T01:23:09.544Z,2026-10-04T01:23:09.558Z,2026-10-04T01:23:09.572Z,2026-10-04T01:23:08.333Z,2026-10-04T01:23:08.337Z,2026-10-04T01:23:09.433Z,2026-10-04T01:23:09.482Z,2026-10-04T01:23:09.530Z,2026-10-04T01:23:09.534Z,2026-10-04T01:23:09.534Z,2026-10-04T01:23:09.694Z,2026-10-04T01:23:09.885Z,2026-10-04T01:23:09.972Z,2026-10-04T01:23:10.007Z,2026-10-04T01:23:10.274Z,2026-10-04T01:23:10.007Z,2026-10-04T01:23:10.097Z,2026-10-04T01:23:10.332Z,2026-10-04T01:23:10.415Z,2026-10-04T01:23:10.500Z,2026-10-04T01:23:10.579Z,2026-10-04T01:23:10.730Z,2026-10-04T01:23:10.730Z,2026-10-04T01:23:10.783Z,1228,28,87,325,235,53,17,1096,101,48,2507.433600000004,1234.4698999999964,36.400399999998626,26.906699999999546,259.6224000000002,337.28110000000015,19.219399999994494,111.46790000000328,151.5176999999967,16.528299999998126,207.9372000000003,84.70709999999963,null,null,null,null,null,null
cmut4ztzr04bbxsbkvr5219iu,image-to-video,performance_concurrent_flow,20,2026-10-04T01:23:08.316Z,2026-10-04T01:23:09.655Z,2026-10-04T01:23:09.671Z,2026-10-04T01:23:09.681Z,2026-10-04T01:23:08.333Z,2026-10-04T01:23:08.338Z,2026-10-04T01:23:09.543Z,2026-10-04T01:23:09.596Z,2026-10-04T01:23:09.644Z,2026-10-04T01:23:09.648Z,2026-10-04T01:23:09.648Z,2026-10-04T01:23:09.820Z,2026-10-04T01:23:10.020Z,2026-10-04T01:23:10.106Z,2026-10-04T01:23:10.125Z,2026-10-04T01:23:10.381Z,2026-10-04T01:23:10.125Z,2026-10-04T01:23:10.209Z,2026-10-04T01:23:10.422Z,2026-10-04T01:23:10.500Z,2026-10-04T01:23:10.575Z,2026-10-04T01:23:10.664Z,2026-10-04T01:23:10.788Z,2026-10-04T01:23:10.788Z,2026-10-04T01:23:10.830Z,1339,26,86,297,213,42,17,1205,105,48,2571.6496000000043,1344.1779000000024,25.78179999999702,27.10280000000057,300.4496999999974,318.1892000000007,17.892299999999523,82.50209999999788,134.65439999999944,18.368899999994028,190.91579999999522,90.22019999999611,null,null,null,null,null,null
cmut4zu6604bwxsbkirv5i2c4,text-to-video,performance_concurrent_flow,20,2026-10-04T01:23:08.316Z,2026-10-04T01:23:09.893Z,2026-10-04T01:23:09.905Z,2026-10-04T01:23:09.925Z,2026-10-04T01:23:08.327Z,2026-10-04T01:23:08.339Z,2026-10-04T01:23:09.774Z,2026-10-04T01:23:09.829Z,2026-10-04T01:23:09.877Z,2026-10-04T01:23:09.877Z,2026-10-04T01:23:09.877Z,2026-10-04T01:23:10.048Z,2026-10-04T01:23:10.147Z,2026-10-04T01:23:10.220Z,2026-10-04T01:23:10.238Z,2026-10-04T01:23:10.478Z,2026-10-04T01:23:10.238Z,2026-10-04T01:23:10.318Z,2026-10-04T01:23:10.512Z,2026-10-04T01:23:10.580Z,2026-10-04T01:23:10.666Z,2026-10-04T01:23:10.745Z,2026-10-04T01:23:10.844Z,2026-10-04T01:23:10.844Z,2026-10-04T01:23:10.908Z,1577,32,73,274,194,64,11,1435,103,48,2626.9925000000003,1581.781799999997,23.835299999998824,36.037100000001374,169.200499999999,285.0845000000045,23.581500000000233,78.78620000000228,141.844600000004,16.752000000000407,166.23689999999624,76.63650000000052,null,null,null,null,null,null
cmut4zu2j04bjxsbk40q2ywau,image-to-video,performance_concurrent_flow,20,2026-10-04T01:23:08.316Z,2026-10-04T01:23:09.774Z,2026-10-04T01:23:09.814Z,2026-10-04T01:23:09.829Z,2026-10-04T01:23:08.329Z,2026-10-04T01:23:08.338Z,2026-10-04T01:23:09.655Z,2026-10-04T01:23:09.697Z,2026-10-04T01:23:09.753Z,2026-10-04T01:23:09.757Z,2026-10-04T01:23:09.757Z,2026-10-04T01:23:09.965Z,2026-10-04T01:23:10.132Z,2026-10-04T01:23:10.207Z,2026-10-04T01:23:10.225Z,2026-10-04T01:23:10.448Z,2026-10-04T01:23:10.225Z,2026-10-04T01:23:10.307Z,2026-10-04T01:23:10.490Z,2026-10-04T01:23:10.562Z,2026-10-04T01:23:10.649Z,2026-10-04T01:23:10.725Z,2026-10-04T01:23:10.829Z,2026-10-04T01:23:10.829Z,2026-10-04T01:23:10.884Z,1458,55,75,265,183,55,13,1317,102,56,2619.2837999999974,1483.4410000000062,46.98889999999665,32.84230000000389,231.85819999999512,280.6953999999969,17.862300000000687,83.79409999999916,135.1091000000015,10.278200000000652,170.63330000000133,95.69030000000203,null,null,null,null,null,null
cmut4zvgx04haxsbkhnadrxwj,text-to-video,performance_concurrent_flow,20,2026-10-04T01:23:11.487Z,2026-10-04T01:23:11.522Z,2026-10-04T01:23:11.527Z,2026-10-04T01:23:11.531Z,2026-10-04T01:23:11.490Z,2026-10-04T01:23:11.494Z,2026-10-04T01:23:11.498Z,2026-10-04T01:23:11.507Z,2026-10-04T01:23:11.517Z,2026-10-04T01:23:11.517Z,2026-10-04T01:23:11.517Z,2026-10-04T01:23:11.553Z,2026-10-04T01:23:11.581Z,2026-10-04T01:23:11.605Z,2026-10-04T01:23:11.619Z,2026-10-04T01:23:11.709Z,2026-10-04T01:23:11.619Z,2026-10-04T01:23:11.641Z,2026-10-04T01:23:11.729Z,2026-10-04T01:23:11.773Z,2026-10-04T01:23:11.849Z,2026-10-04T01:23:11.927Z,2026-10-04T01:23:12.129Z,2026-10-04T01:23:12.129Z,2026-10-04T01:23:12.221Z,35,9,24,110,88,92,3,4,19,10,835.6126000000004,37.44090000000142,5.434900000000198,5.75800000000163,42.28020000000106,112.4027999999962,8.344499999999243,42.3353999999963,109.87410000000091,13.984799999998359,280.244200000001,170.72950000000128,null,null,null,null,null,null
cmut4zvho04hexsbk4gd59n7t,image-to-video,performance_concurrent_flow,20,2026-10-04T01:23:11.487Z,2026-10-04T01:23:11.549Z,2026-10-04T01:23:11.552Z,2026-10-04T01:23:11.556Z,2026-10-04T01:23:11.489Z,2026-10-04T01:23:11.495Z,2026-10-04T01:23:11.523Z,2026-10-04T01:23:11.533Z,2026-10-04T01:23:11.545Z,2026-10-04T01:23:11.546Z,2026-10-04T01:23:11.546Z,2026-10-04T01:23:11.585Z,2026-10-04T01:23:11.631Z,2026-10-04T01:23:11.653Z,2026-10-04T01:23:11.667Z,2026-10-04T01:23:11.785Z,2026-10-04T01:23:11.667Z,2026-10-04T01:23:11.707Z,2026-10-04T01:23:11.821Z,2026-10-04T01:23:11.885Z,2026-10-04T01:23:11.974Z,2026-10-04T01:23:12.091Z,2026-10-04T01:23:12.312Z,2026-10-04T01:23:12.312Z,2026-10-04T01:23:12.441Z,62,7,22,154,114,129,2,28,23,12,1048.4761999999973,63.4458999999988,8.938800000003539,7.1621999999988475,62.331099999995786,135.68250000000262,10.11819999999716,69.79849999999715,135.66730000000098,22.57259999999951,323.8845999999976,203.26929999999993,null,null,null,null,null,null
cmut4zvic04hjxsbkonv5mgqd,text-to-video,performance_concurrent_flow,20,2026-10-04T01:23:11.487Z,2026-10-04T01:23:11.575Z,2026-10-04T01:23:11.580Z,2026-10-04T01:23:11.584Z,2026-10-04T01:23:11.490Z,2026-10-04T01:23:11.495Z,2026-10-04T01:23:11.549Z,2026-10-04T01:23:11.557Z,2026-10-04T01:23:11.572Z,2026-10-04T01:23:11.572Z,2026-10-04T01:23:11.573Z,2026-10-04T01:23:11.615Z,2026-10-04T01:23:11.646Z,2026-10-04T01:23:11.680Z,2026-10-04T01:23:11.698Z,2026-10-04T01:23:11.840Z,2026-10-04T01:23:11.698Z,2026-10-04T01:23:11.731Z,2026-10-04T01:23:11.868Z,2026-10-04T01:23:11.944Z,2026-10-04T01:23:12.044Z,2026-10-04T01:23:12.152Z,2026-10-04T01:23:12.358Z,2026-10-04T01:23:12.358Z,2026-10-04T01:23:12.480Z,88,9,34,170,137,122,3,54,23,15,1093.875899999999,90.78970000000118,6.276700000002165,11.79189999999653,46.472600000000966,162.92079999999987,16.649699999994482,69.43760000000475,163.18879999999626,22.508799999995972,311.9887000000017,185.17090000000462,null,null,null,null,null,null
cmut4zvj404hnxsbk170sefi8,text-to-video,performance_concurrent_flow,20,2026-10-04T01:23:11.487Z,2026-10-04T01:23:11.606Z,2026-10-04T01:23:11.610Z,2026-10-04T01:23:11.614Z,2026-10-04T01:23:11.490Z,2026-10-04T01:23:11.495Z,2026-10-04T01:23:11.575Z,2026-10-04T01:23:11.585Z,2026-10-04T01:23:11.603Z,2026-10-04T01:23:11.603Z,2026-10-04T01:23:11.603Z,2026-10-04T01:23:11.646Z,2026-10-04T01:23:11.693Z,2026-10-04T01:23:11.718Z,2026-10-04T01:23:11.733Z,2026-10-04T01:23:11.878Z,2026-10-04T01:23:11.733Z,2026-10-04T01:23:11.771Z,2026-10-04T01:23:11.912Z,2026-10-04T01:23:11.999Z,2026-10-04T01:23:12.127Z,2026-10-04T01:23:12.259Z,2026-10-04T01:23:12.496Z,2026-10-04T01:23:12.496Z,2026-10-04T01:23:12.597Z,119,8,25,179,141,101,3,80,28,18,1224.8269,121.65170000000217,7.591100000005099,7.944900000002235,66.84800000000541,160.49270000000251,13.60109999999986,78.9994000000006,191.44350000000122,48.97540000000299,326.8669000000009,194.69130000000587,null,null,null,null,null,null
cmut4zvjx04hsxsbk3pfssqdb,text-to-video,performance_concurrent_flow,20,2026-10-04T01:23:11.487Z,2026-10-04T01:23:11.632Z,2026-10-04T01:23:11.635Z,2026-10-04T01:23:11.640Z,2026-10-04T01:23:11.490Z,2026-10-04T01:23:11.496Z,2026-10-04T01:23:11.606Z,2026-10-04T01:23:11.615Z,2026-10-04T01:23:11.628Z,2026-10-04T01:23:11.628Z,2026-10-04T01:23:11.629Z,2026-10-04T01:23:11.677Z,2026-10-04T01:23:11.716Z,2026-10-04T01:23:11.749Z,2026-10-04T01:23:11.763Z,2026-10-04T01:23:11.919Z,2026-10-04T01:23:11.763Z,2026-10-04T01:23:11.797Z,2026-10-04T01:23:11.960Z,2026-10-04T01:23:12.046Z,2026-10-04T01:23:12.157Z,2026-10-04T01:23:12.264Z,2026-10-04T01:23:12.501Z,2026-10-04T01:23:12.501Z,2026-10-04T01:23:12.602Z,145,8,33,197,163,101,3,110,22,13,1236.511400000003,146.56729999999516,6.893000000003667,7.532899999998335,66.84000000000378,167.77210000000196,16.936000000001513,78.47069999999803,189.36680000000342,27.036000000000058,320.43269999999757,201.8689000000013,null,null,null,null,null,null
cmut4zvkr04hxxsbk08xmgin2,image-to-video,performance_concurrent_flow,20,2026-10-04T01:23:11.487Z,2026-10-04T01:23:11.667Z,2026-10-04T01:23:11.678Z,2026-10-04T01:23:11.689Z,2026-10-04T01:23:11.491Z,2026-10-04T01:23:11.496Z,2026-10-04T01:23:11.632Z,2026-10-04T01:23:11.645Z,2026-10-04T01:23:11.660Z,2026-10-04T01:23:11.661Z,2026-10-04T01:23:11.661Z,2026-10-04T01:23:11.725Z,2026-10-04T01:23:11.789Z,2026-10-04T01:23:11.842Z,2026-10-04T01:23:11.861Z,2026-10-04T01:23:12.070Z,2026-10-04T01:23:11.861Z,2026-10-04T01:23:11.918Z,2026-10-04T01:23:12.126Z,2026-10-04T01:23:12.215Z,2026-10-04T01:23:12.315Z,2026-10-04T01:23:12.457Z,2026-10-04T01:23:12.682Z,2026-10-04T01:23:12.682Z,2026-10-04T01:23:12.799Z,180,22,53,265,208,117,4,136,29,15,1415.9123999999938,185.3101999999999,7.47609999999986,8.516300000002957,88.11179999999877,246.59900000000198,22.26020000000426,95.7505999999994,175.2966000000015,24.498499999994237,345.2998000000007,199.41120000000228,null,null,null,null,null,null
cmut4zvm104i4xsbkryadzvfn,image-to-video,performance_concurrent_flow,20,2026-10-04T01:23:11.487Z,2026-10-04T01:23:11.711Z,2026-10-04T01:23:11.715Z,2026-10-04T01:23:11.720Z,2026-10-04T01:23:11.491Z,2026-10-04T01:23:11.496Z,2026-10-04T01:23:11.667Z,2026-10-04T01:23:11.691Z,2026-10-04T01:23:11.706Z,2026-10-04T01:23:11.708Z,2026-10-04T01:23:11.708Z,2026-10-04T01:23:11.763Z,2026-10-04T01:23:11.856Z,2026-10-04T01:23:11.900Z,2026-10-04T01:23:11.917Z,2026-10-04T01:23:12.182Z,2026-10-04T01:23:11.917Z,2026-10-04T01:23:11.977Z,2026-10-04T01:23:12.235Z,2026-10-04T01:23:12.340Z,2026-10-04T01:23:12.506Z,2026-10-04T01:23:12.645Z,2026-10-04T01:23:12.889Z,2026-10-04T01:23:12.889Z,2026-10-04T01:23:12.979Z,224,9,44,318,258,90,4,171,41,15,1600.3116999999984,226.28880000000208,10.584100000000035,10.148399999998219,119.41410000000178,289.520500000006,23.021899999999732,96.74159999999392,265.23049999999785,30.81409999999596,338.12569999999687,183.40499999999884,null,null,null,null,null,null
cmut4zvn004ibxsbknpopfpm8,image-to-video,performance_concurrent_flow,20,2026-10-04T01:23:11.487Z,2026-10-04T01:23:11.756Z,2026-10-04T01:23:11.761Z,2026-10-04T01:23:11.769Z,2026-10-04T01:23:11.491Z,2026-10-04T01:23:11.496Z,2026-10-04T01:23:11.711Z,2026-10-04T01:23:11.726Z,2026-10-04T01:23:11.751Z,2026-10-04T01:23:11.753Z,2026-10-04T01:23:11.753Z,2026-10-04T01:23:11.831Z,2026-10-04T01:23:11.942Z,2026-10-04T01:23:12.001Z,2026-10-04T01:23:12.018Z,2026-10-04T01:23:12.283Z,2026-10-04T01:23:12.018Z,2026-10-04T01:23:12.112Z,2026-10-04T01:23:12.335Z,2026-10-04T01:23:12.477Z,2026-10-04T01:23:12.600Z,2026-10-04T01:23:12.747Z,2026-10-04T01:23:12.971Z,2026-10-04T01:23:12.971Z,2026-10-04T01:23:13.075Z,269,13,59,317,223,104,4,215,42,25,1672.5008000000016,271.6339999999982,10.19600000000355,10.803299999999581,158.32670000000508,300.7275000000009,19.163500000002387,143.19279999999708,208.09500000000116,28.25209999999788,356.6203000000023,154.22200000000157,null,null,null,null,null,null
cmut4zvoh04ijxsbke3jn4fb5,image-to-video,performance_concurrent_flow,20,2026-10-04T01:23:11.487Z,2026-10-04T01:23:11.810Z,2026-10-04T01:23:11.817Z,2026-10-04T01:23:11.822Z,2026-10-04T01:23:11.492Z,2026-10-04T01:23:11.496Z,2026-10-04T01:23:11.757Z,2026-10-04T01:23:11.778Z,2026-10-04T01:23:11.796Z,2026-10-04T01:23:11.799Z,2026-10-04T01:23:11.799Z,2026-10-04T01:23:11.893Z,2026-10-04T01:23:12.009Z,2026-10-04T01:23:12.078Z,2026-10-04T01:23:12.095Z,2026-10-04T01:23:12.335Z,2026-10-04T01:23:12.095Z,2026-10-04T01:23:12.159Z,2026-10-04T01:23:12.415Z,2026-10-04T01:23:12.510Z,2026-10-04T01:23:12.638Z,2026-10-04T01:23:12.786Z,2026-10-04T01:23:13.011Z,2026-10-04T01:23:13.011Z,2026-10-04T01:23:13.098Z,323,12,69,320,256,87,5,261,42,18,1694.821100000001,326.4890000000014,21.139999999999418,13.288400000004913,160.70909999999276,284.5656000000017,20.206500000000233,130.2931000000026,203.1180000000022,36.908400000000256,336.52679999999964,152.14809999999852,null,null,null,null,null,null
cmut4zvpx04irxsbk1644fpvc,text-to-video,performance_concurrent_flow,20,2026-10-04T01:23:11.487Z,2026-10-04T01:23:11.865Z,2026-10-04T01:23:11.874Z,2026-10-04T01:23:11.886Z,2026-10-04T01:23:11.491Z,2026-10-04T01:23:11.496Z,2026-10-04T01:23:11.810Z,2026-10-04T01:23:11.831Z,2026-10-04T01:23:11.859Z,2026-10-04T01:23:11.859Z,2026-10-04T01:23:11.860Z,2026-10-04T01:23:11.961Z,2026-10-04T01:23:12.044Z,2026-10-04T01:23:12.125Z,2026-10-04T01:23:12.143Z,2026-10-04T01:23:12.394Z,2026-10-04T01:23:12.143Z,2026-10-04T01:23:12.215Z,2026-10-04T01:23:12.458Z,2026-10-04T01:23:12.560Z,2026-10-04T01:23:12.690Z,2026-10-04T01:23:12.828Z,2026-10-04T01:23:13.036Z,2026-10-04T01:23:13.036Z,2026-10-04T01:23:13.129Z,378,21,81,315,243,93,4,314,49,28,1719.240899999997,382.1837000000014,16.318600000005972,19.406199999997625,137.07510000000184,279.4881000000023,25.859700000000885,126.58230000000185,219.09079999999813,38.11059999999998,304.87429999999586,152.53919999999925,null,null,null,null,null,null
cmut4zvrf04iwxsbkk78f9jgl,text-to-video,performance_concurrent_flow,20,2026-10-04T01:23:11.487Z,2026-10-04T01:23:11.925Z,2026-10-04T01:23:11.938Z,2026-10-04T01:23:11.944Z,2026-10-04T01:23:11.492Z,2026-10-04T01:23:11.496Z,2026-10-04T01:23:11.865Z,2026-10-04T01:23:11.885Z,2026-10-04T01:23:11.918Z,2026-10-04T01:23:11.918Z,2026-10-04T01:23:11.919Z,2026-10-04T01:23:12.037Z,2026-10-04T01:23:12.124Z,2026-10-04T01:23:12.199Z,2026-10-04T01:23:12.220Z,2026-10-04T01:23:12.494Z,2026-10-04T01:23:12.220Z,2026-10-04T01:23:12.281Z,2026-10-04T01:23:12.548Z,2026-10-04T01:23:12.669Z,2026-10-04T01:23:12.814Z,2026-10-04T01:23:12.932Z,2026-10-04T01:23:13.143Z,2026-10-04T01:23:13.143Z,2026-10-04T01:23:13.227Z,438,19,75,328,267,84,5,369,53,33,1816.8349000000017,441.6209000000017,17.004300000000512,31.724200000004203,137.99109999999928,325.04529999999795,27.65230000000156,114.53310000000056,237.688900000001,24.35349999999744,296.97299999999814,146.11429999999382,null,null,null,null,null,null
cmut4zvtd04j4xsbkpnkmrgv8,image-to-video,performance_concurrent_flow,20,2026-10-04T01:23:11.487Z,2026-10-04T01:23:12.005Z,2026-10-04T01:23:12.013Z,2026-10-04T01:23:12.023Z,2026-10-04T01:23:11.492Z,2026-10-04T01:23:11.497Z,2026-10-04T01:23:11.925Z,2026-10-04T01:23:11.956Z,2026-10-04T01:23:11.994Z,2026-10-04T01:23:11.998Z,2026-10-04T01:23:11.998Z,2026-10-04T01:23:12.124Z,2026-10-04T01:23:12.254Z,2026-10-04T01:23:12.321Z,2026-10-04T01:23:12.353Z,2026-10-04T01:23:12.658Z,2026-10-04T01:23:12.353Z,2026-10-04T01:23:12.463Z,2026-10-04T01:23:12.730Z,2026-10-04T01:23:12.836Z,2026-10-04T01:23:12.949Z,2026-10-04T01:23:13.074Z,2026-10-04T01:23:13.257Z,2026-10-04T01:23:13.257Z,2026-10-04T01:23:13.327Z,518,18,67,377,267,70,5,428,73,38,1905.7557000000015,520.0632999999943,26.483299999999872,17.735599999999977,193.8591000000015,352.41849999999977,30.250899999999092,131.94650000000547,197.7147000000041,30.98569999999745,268.6131999999998,119.23040000000037,null,null,null,null,null,null
cmut4zvv504jexsbkt5k9mata,text-to-video,performance_concurrent_flow,20,2026-10-04T01:23:11.487Z,2026-10-04T01:23:12.067Z,2026-10-04T01:23:12.081Z,2026-10-04T01:23:12.095Z,2026-10-04T01:23:11.492Z,2026-10-04T01:23:11.497Z,2026-10-04T01:23:12.005Z,2026-10-04T01:23:12.022Z,2026-10-04T01:23:12.060Z,2026-10-04T01:23:12.060Z,2026-10-04T01:23:12.061Z,2026-10-04T01:23:12.192Z,2026-10-04T01:23:12.284Z,2026-10-04T01:23:12.353Z,2026-10-04T01:23:12.375Z,2026-10-04T01:23:12.672Z,2026-10-04T01:23:12.375Z,2026-10-04T01:23:12.476Z,2026-10-04T01:23:12.738Z,2026-10-04T01:23:12.842Z,2026-10-04T01:23:12.956Z,2026-10-04T01:23:13.095Z,2026-10-04T01:23:13.272Z,2026-10-04T01:23:13.272Z,2026-10-04T01:23:13.341Z,580,28,69,363,262,69,5,508,55,38,1915.6087000000043,585.5035000000062,27.163000000000466,18.223100000002887,155.5619000000006,332.57390000000305,26.979700000003504,124.71180000000459,204.2410000000018,37.83060000000114,266.10489999999845,114.13169999999809,null,null,null,null,null,null
cmut4zvxr04joxsbkjrq611d0,image-to-video,performance_concurrent_flow,20,2026-10-04T01:23:11.487Z,2026-10-04T01:23:12.160Z,2026-10-04T01:23:12.171Z,2026-10-04T01:23:12.184Z,2026-10-04T01:23:11.493Z,2026-10-04T01:23:11.497Z,2026-10-04T01:23:12.066Z,2026-10-04T01:23:12.114Z,2026-10-04T01:23:12.143Z,2026-10-04T01:23:12.148Z,2026-10-04T01:23:12.149Z,2026-10-04T01:23:12.305Z,2026-10-04T01:23:12.490Z,2026-10-04T01:23:12.575Z,2026-10-04T01:23:12.594Z,2026-10-04T01:23:12.876Z,2026-10-04T01:23:12.594Z,2026-10-04T01:23:12.679Z,2026-10-04T01:23:12.928Z,2026-10-04T01:23:13.032Z,2026-10-04T01:23:13.144Z,2026-10-04T01:23:13.253Z,2026-10-04T01:23:13.400Z,2026-10-04T01:23:13.400Z,2026-10-04T01:23:13.466Z,673,24,85,334,249,66,6,569,82,29,2037.472099999999,677.7958999999973,35.77119999999559,27.51890000000276,252.64340000000084,337.08669999999984,25.64140000000043,100.91760000000068,195.4841000000015,22.790500000002794,235.86419999999634,106.57320000000618,null,null,null,null,null,null
cmut4zvzt04jwxsbknrg6zrpm,image-to-video,performance_concurrent_flow,20,2026-10-04T01:23:11.487Z,2026-10-04T01:23:12.258Z,2026-10-04T01:23:12.267Z,2026-10-04T01:23:12.281Z,2026-10-04T01:23:11.493Z,2026-10-04T01:23:11.497Z,2026-10-04T01:23:12.160Z,2026-10-04T01:23:12.194Z,2026-10-04T01:23:12.234Z,2026-10-04T01:23:12.237Z,2026-10-04T01:23:12.237Z,2026-10-04T01:23:12.414Z,2026-10-04T01:23:12.572Z,2026-10-04T01:23:12.647Z,2026-10-04T01:23:12.667Z,2026-10-04T01:23:12.950Z,2026-10-04T01:23:12.667Z,2026-10-04T01:23:12.775Z,2026-10-04T01:23:13.024Z,2026-10-04T01:23:13.119Z,2026-10-04T01:23:13.220Z,2026-10-04T01:23:13.323Z,2026-10-04T01:23:13.467Z,2026-10-04T01:23:13.467Z,2026-10-04T01:23:13.542Z,771,23,75,357,249,75,6,663,77,40,2114.4835999999996,775.527900000001,26.63390000000072,24.16019999999844,249.07459999999992,335.03319999999803,23.4458999999988,121.65200000000186,176.97470000000612,20.229599999998754,244.54330000000482,98.03910000000178,null,null,null,null,null,null
cmut4zw3204k7xsbkb19zeiul,image-to-video,performance_concurrent_flow,20,2026-10-04T01:23:11.487Z,2026-10-04T01:23:12.361Z,2026-10-04T01:23:12.378Z,2026-10-04T01:23:12.401Z,2026-10-04T01:23:11.493Z,2026-10-04T01:23:11.497Z,2026-10-04T01:23:12.258Z,2026-10-04T01:23:12.306Z,2026-10-04T01:23:12.346Z,2026-10-04T01:23:12.351Z,2026-10-04T01:23:12.351Z,2026-10-04T01:23:12.515Z,2026-10-04T01:23:12.675Z,2026-10-04T01:23:12.774Z,2026-10-04T01:23:12.793Z,2026-10-04T01:23:13.071Z,2026-10-04T01:23:12.793Z,2026-10-04T01:23:12.878Z,2026-10-04T01:23:13.120Z,2026-10-04T01:23:13.205Z,2026-10-04T01:23:13.303Z,2026-10-04T01:23:13.391Z,2026-10-04T01:23:13.528Z,2026-10-04T01:23:13.528Z,2026-10-04T01:23:13.610Z,874,40,99,327,242,82,6,761,93,40,2168.801100000004,879.1719999999987,34.07679999999527,25.796299999994517,227.39579999999842,342.99489999999787,20.277200000004086,101.67870000000403,165.84339999999793,21.38289999999688,218.97000000000116,96.36989999999787,null,null,null,null,null,null
cmut4zw5z04kixsbkwbc8evae,text-to-video,performance_concurrent_flow,20,2026-10-04T01:23:11.487Z,2026-10-04T01:23:12.468Z,2026-10-04T01:23:12.486Z,2026-10-04T01:23:12.495Z,2026-10-04T01:23:11.493Z,2026-10-04T01:23:11.497Z,2026-10-04T01:23:12.361Z,2026-10-04T01:23:12.415Z,2026-10-04T01:23:12.458Z,2026-10-04T01:23:12.458Z,2026-10-04T01:23:12.459Z,2026-10-04T01:23:12.604Z,2026-10-04T01:23:12.716Z,2026-10-04T01:23:12.803Z,2026-10-04T01:23:12.824Z,2026-10-04T01:23:13.078Z,2026-10-04T01:23:12.824Z,2026-10-04T01:23:12.901Z,2026-10-04T01:23:13.130Z,2026-10-04T01:23:13.215Z,2026-10-04T01:23:13.312Z,2026-10-04T01:23:13.394Z,2026-10-04T01:23:13.528Z,2026-10-04T01:23:13.528Z,2026-10-04T01:23:13.596Z,981,27,87,306,229,68,6,864,97,43,2161.3168000000005,991.1141999999963,26.244400000003225,24.31810000000405,191.6837000000014,301.73779999999533,25.729700000003504,91.95549999999639,167.66919999999664,17.85859999999957,217.44889999999577,87.84560000000056,null,null,null,null,null,null
cmut4zw9704kuxsbk6dyks0q4,image-to-video,performance_concurrent_flow,20,2026-10-04T01:23:11.487Z,2026-10-04T01:23:12.591Z,2026-10-04T01:23:12.603Z,2026-10-04T01:23:12.613Z,2026-10-04T01:23:11.494Z,2026-10-04T01:23:11.498Z,2026-10-04T01:23:12.468Z,2026-10-04T01:23:12.530Z,2026-10-04T01:23:12.577Z,2026-10-04T01:23:12.581Z,2026-10-04T01:23:12.581Z,2026-10-04T01:23:12.755Z,2026-10-04T01:23:12.906Z,2026-10-04T01:23:12.985Z,2026-10-04T01:23:13.015Z,2026-10-04T01:23:13.245Z,2026-10-04T01:23:13.015Z,2026-10-04T01:23:13.096Z,2026-10-04T01:23:13.290Z,2026-10-04T01:23:13.354Z,2026-10-04T01:23:13.429Z,2026-10-04T01:23:13.513Z,2026-10-04T01:23:13.626Z,2026-10-04T01:23:13.626Z,2026-10-04T01:23:13.696Z,1104,22,79,275,194,70,7,970,113,47,2238.8130999999994,1108.5671999999977,33.667099999998754,35.16400000000431,231.16960000000108,300.61239999999816,22.050100000000384,77.07120000000577,127.42089999999735,20.3663000000015,186.48449999999866,77.95509999999922,null,null,null,null,null,null
cmut4zwed04lfxsbkk8px64si,text-to-video,performance_concurrent_flow,20,2026-10-04T01:23:11.487Z,2026-10-04T01:23:12.783Z,2026-10-04T01:23:12.793Z,2026-10-04T01:23:12.801Z,2026-10-04T01:23:11.495Z,2026-10-04T01:23:11.498Z,2026-10-04T01:23:12.681Z,2026-10-04T01:23:12.714Z,2026-10-04T01:23:12.776Z,2026-10-04T01:23:12.776Z,2026-10-04T01:23:12.776Z,2026-10-04T01:23:12.908Z,2026-10-04T01:23:13.008Z,2026-10-04T01:23:13.085Z,2026-10-04T01:23:13.105Z,2026-10-04T01:23:13.330Z,2026-10-04T01:23:13.105Z,2026-10-04T01:23:13.178Z,2026-10-04T01:23:13.368Z,2026-10-04T01:23:13.431Z,2026-10-04T01:23:13.513Z,2026-10-04T01:23:13.554Z,2026-10-04T01:23:13.661Z,2026-10-04T01:23:13.661Z,2026-10-04T01:23:13.705Z,1296,18,77,263,190,44,8,1183,95,62,2247.9680000000008,1299.6826,30.96229999999923,26.145400000001246,165.73849999999948,271.6774000000005,22.051500000001397,70.93839999999909,131.02390000000014,9.308799999998882,144.34350000000268,61.22570000000269,null,null,null,null,null,null
cmut4zwbp04l4xsbkj3pqt86o,text-to-video,performance_concurrent_flow,20,2026-10-04T01:23:11.487Z,2026-10-04T01:23:12.681Z,2026-10-04T01:23:12.707Z,2026-10-04T01:23:12.725Z,2026-10-04T01:23:11.494Z,2026-10-04T01:23:11.498Z,2026-10-04T01:23:12.591Z,2026-10-04T01:23:12.619Z,2026-10-04T01:23:12.668Z,2026-10-04T01:23:12.668Z,2026-10-04T01:23:12.669Z,2026-10-04T01:23:12.838Z,2026-10-04T01:23:12.934Z,2026-10-04T01:23:13.017Z,2026-10-04T01:23:13.038Z,2026-10-04T01:23:13.270Z,2026-10-04T01:23:13.038Z,2026-10-04T01:23:13.109Z,2026-10-04T01:23:13.310Z,2026-10-04T01:23:13.381Z,2026-10-04T01:23:13.480Z,2026-10-04T01:23:13.545Z,2026-10-04T01:23:13.649Z,2026-10-04T01:23:13.649Z,2026-10-04T01:23:13.697Z,1194,44,83,272,201,48,7,1093,77,49,2242.6466,1202.2297000000035,29.261599999997998,29.928899999998976,162.70910000000003,291.5578999999998,18.77089999999589,81.50910000000295,164.46899999999732,17.09530000000086,138.82190000000264,70.39219999999477,null,null,null,null,null,null
