jobId,mode,scenario,concurrency,requestReceivedAt,jobReservedAt,workflowCreateRequestedAt,workflowStartedAt,queuedAt,inputReviewStartedAt,inputReviewCompletedAt,providerSubmitStartedAt,providerAcceptedAt,providerCompletedAt,providerCallbackReceivedAt,providerResultConfirmedAt,storageStartedAt,storageCompletedAt,outputReviewStartedAt,outputReviewCompletedAt,finalizationStartedAt,readyAt,providerCallbackPersistedAt,requestToReservationMs,reservationToWorkflowStartMs,inputApprovalToSubmissionMs,callbackToConfirmationMs,callbackPersistedToConfirmationMs,outputApprovalToReadyMs,measuredReadyMs,measuredStep_admissionMs,measuredStep_video-v1-start,measuredStep_video-v1-input-window,measuredStep_video-v1-review-input-0,measuredStep_video-v1-submit-provider,measuredStep_video-v1-provider-window,measuredStep_video-v1-confirm-provider-0,measuredStep_video-v1-store-output,measuredStep_video-v1-output-window,measuredStep_video-v1-review-output-0,measuredStep_video-v1-finalize,realProviderGenerationMs,realProviderCostMicros,realModerationCostMicros,realBrowserFirstFrameMs,realUploadMs,realR2TransferMs
cmusnh8s00004ogbk9luqecmx,text-to-video,functional_text_to_video,1,2026-10-03T17:12:48.750Z,2026-10-03T17:12:48.852Z,2026-10-03T17:12:48.865Z,2026-10-03T17:12:48.876Z,2026-10-03T17:12:48.853Z,2026-10-03T17:12:48.942Z,2026-10-03T17:12:48.995Z,2026-10-03T17:12:49.045Z,2026-10-03T17:12:49.086Z,2026-10-03T17:12:49.244Z,2026-10-03T17:12:49.086Z,2026-10-03T17:12:49.275Z,2026-10-03T17:12:49.331Z,2026-10-03T17:12:49.404Z,2026-10-03T17:12:49.445Z,2026-10-03T17:12:49.529Z,2026-10-03T17:12:49.529Z,2026-10-03T17:12:49.655Z,null,102,24,50,189,null,126,945.8872000000001,107.44360000000006,15.410100000000057,10.648999999999887,103.84079999999994,212.46140000000014,14.897099999999682,60.964500000000044,120.9031,11.409400000000005,162.20379999999977,106.70870000000014,null,null,null,null,null,null
cmusnh9k6000jogbk0rvknx9q,image-to-video,functional_image_to_video,1,2026-10-03T17:12:49.806Z,2026-10-03T17:12:49.851Z,2026-10-03T17:12:49.857Z,2026-10-03T17:12:49.863Z,2026-10-03T17:12:49.851Z,2026-10-03T17:12:49.907Z,2026-10-03T17:12:49.964Z,2026-10-03T17:12:49.993Z,2026-10-03T17:12:50.018Z,2026-10-03T17:12:50.114Z,2026-10-03T17:12:50.018Z,2026-10-03T17:12:50.134Z,2026-10-03T17:12:50.175Z,2026-10-03T17:12:50.241Z,2026-10-03T17:12:50.285Z,2026-10-03T17:12:50.349Z,2026-10-03T17:12:50.349Z,2026-10-03T17:12:50.383Z,null,45,12,29,116,null,34,629.0934000000002,48.26669999999967,8.638000000000375,11.289999999999964,85.61899999999969,125.12480000000005,10.414900000000216,47.0003999999999,99.33510000000024,7.707699999999932,97.39310000000023,78.8461000000002,null,null,null,null,null,null
cmusnha3z000yogbk52d9pf6g,text-to-video,recovery_lost_submit_response_verified_early_duplicate_callbacks,1,2026-10-03T17:12:50.522Z,2026-10-03T17:12:50.561Z,2026-10-03T17:12:50.568Z,2026-10-03T17:12:50.574Z,2026-10-03T17:12:50.561Z,2026-10-03T17:12:50.619Z,2026-10-03T17:12:50.665Z,2026-10-03T17:12:50.692Z,2026-10-03T17:12:50.720Z,2026-10-03T17:12:50.792Z,2026-10-03T17:12:50.720Z,2026-10-03T17:12:50.810Z,2026-10-03T17:12:50.843Z,2026-10-03T17:12:50.883Z,2026-10-03T17:12:50.918Z,2026-10-03T17:12:50.969Z,2026-10-03T17:12:50.969Z,2026-10-03T17:12:51.005Z,null,39,13,27,90,null,36,513.0403000000001,42.81730000000016,10.345200000000204,9.321100000000115,75.81760000000031,110.40729999999985,8.470100000000002,33.70010000000002,69.07189999999991,7.446199999999408,77.49599999999919,59.27840000000015,null,null,null,null,null,null
cmusnhan0001uogbkmbm1ux8t,text-to-video,performance_concurrent_flow,5,2026-10-03T17:12:51.199Z,2026-10-03T17:12:51.242Z,2026-10-03T17:12:51.250Z,2026-10-03T17:12:51.255Z,2026-10-03T17:12:51.242Z,2026-10-03T17:12:51.310Z,2026-10-03T17:12:51.341Z,2026-10-03T17:12:51.366Z,2026-10-03T17:12:51.389Z,2026-10-03T17:12:51.474Z,2026-10-03T17:12:51.389Z,2026-10-03T17:12:51.491Z,2026-10-03T17:12:51.538Z,2026-10-03T17:12:51.577Z,2026-10-03T17:12:51.612Z,2026-10-03T17:12:51.675Z,2026-10-03T17:12:51.675Z,2026-10-03T17:12:51.714Z,null,43,13,25,102,null,39,555.9646000000002,47.23989999999958,8.079899999999725,7.896199999999226,73.21799999999985,114.50929999999971,10.287900000000263,39.34479999999985,76.93289999999979,7.886099999999715,90.24529999999959,71.5667999999996,null,null,null,null,null,null
cmusnhao9001yogbk800drlat,image-to-video,performance_concurrent_flow,5,2026-10-03T17:12:51.199Z,2026-10-03T17:12:51.297Z,2026-10-03T17:12:51.304Z,2026-10-03T17:12:51.309Z,2026-10-03T17:12:51.297Z,2026-10-03T17:12:51.350Z,2026-10-03T17:12:51.411Z,2026-10-03T17:12:51.444Z,2026-10-03T17:12:51.458Z,2026-10-03T17:12:51.550Z,2026-10-03T17:12:51.458Z,2026-10-03T17:12:51.567Z,2026-10-03T17:12:51.600Z,2026-10-03T17:12:51.639Z,2026-10-03T17:12:51.678Z,2026-10-03T17:12:51.744Z,2026-10-03T17:12:51.744Z,2026-10-03T17:12:51.781Z,null,98,12,33,109,null,37,619.0589,102.45330000000013,7.217999999999847,7.470599999999649,91.90200000000004,121.22720000000027,8.136800000000221,35.681800000000294,67.70970000000034,9.190799999999399,94.03020000000015,67.02129999999943,null,null,null,null,null,null
cmusnhapk0023ogbkduq7kmrd,text-to-video,performance_concurrent_flow,5,2026-10-03T17:12:51.199Z,2026-10-03T17:12:51.334Z,2026-10-03T17:12:51.340Z,2026-10-03T17:12:51.346Z,2026-10-03T17:12:51.334Z,2026-10-03T17:12:51.392Z,2026-10-03T17:12:51.432Z,2026-10-03T17:12:51.466Z,2026-10-03T17:12:51.482Z,2026-10-03T17:12:51.582Z,2026-10-03T17:12:51.482Z,2026-10-03T17:12:51.598Z,2026-10-03T17:12:51.631Z,2026-10-03T17:12:51.676Z,2026-10-03T17:12:51.712Z,2026-10-03T17:12:51.779Z,2026-10-03T17:12:51.779Z,2026-10-03T17:12:51.813Z,null,135,12,34,116,null,34,643.9789000000001,138.1899999999996,10.496900000000096,8.045200000000477,72.00680000000011,133.50690000000031,8.417900000000373,31.234300000000076,74.60819999999967,7.707300000000032,95.52409999999963,55.56949999999961,null,null,null,null,null,null
cmusnhaqn0027ogbk148mfc7c,image-to-video,performance_concurrent_flow,5,2026-10-03T17:12:51.199Z,2026-10-03T17:12:51.386Z,2026-10-03T17:12:51.391Z,2026-10-03T17:12:51.396Z,2026-10-03T17:12:51.386Z,2026-10-03T17:12:51.455Z,2026-10-03T17:12:51.510Z,2026-10-03T17:12:51.535Z,2026-10-03T17:12:51.548Z,2026-10-03T17:12:51.630Z,2026-10-03T17:12:51.548Z,2026-10-03T17:12:51.651Z,2026-10-03T17:12:51.690Z,2026-10-03T17:12:51.736Z,2026-10-03T17:12:51.774Z,2026-10-03T17:12:51.833Z,2026-10-03T17:12:51.833Z,2026-10-03T17:12:51.865Z,null,187,10,25,103,null,32,693.2829000000002,189.7518,9.607100000000173,11.08600000000024,100.90259999999944,99.30109999999968,9.045599999999467,41.05339999999978,78.91110000000026,7.845600000000559,85.81959999999981,53.31530000000021,null,null,null,null,null,null
cmusnhasd002eogbks906t3ga,text-to-video,performance_concurrent_flow,5,2026-10-03T17:12:51.199Z,2026-10-03T17:12:51.444Z,2026-10-03T17:12:51.452Z,2026-10-03T17:12:51.457Z,2026-10-03T17:12:51.444Z,2026-10-03T17:12:51.491Z,2026-10-03T17:12:51.527Z,2026-10-03T17:12:51.551Z,2026-10-03T17:12:51.565Z,2026-10-03T17:12:51.644Z,2026-10-03T17:12:51.565Z,2026-10-03T17:12:51.664Z,2026-10-03T17:12:51.699Z,2026-10-03T17:12:51.746Z,2026-10-03T17:12:51.787Z,2026-10-03T17:12:51.845Z,2026-10-03T17:12:51.845Z,2026-10-03T17:12:51.876Z,null,245,13,24,99,null,31,709.1844999999994,249.83690000000024,10.083700000000135,8.930499999999483,53.89440000000013,103.09559999999965,6.90939999999955,37.43149999999969,77.36080000000038,13.68499999999949,83.65299999999934,56.3712000000005,null,null,null,null,null,null
cmusnhbap003wogbkvfg82oy2,text-to-video,performance_concurrent_flow,5,2026-10-03T17:12:52.053Z,2026-10-03T17:12:52.091Z,2026-10-03T17:12:52.108Z,2026-10-03T17:12:52.112Z,2026-10-03T17:12:52.091Z,2026-10-03T17:12:52.136Z,2026-10-03T17:12:52.169Z,2026-10-03T17:12:52.194Z,2026-10-03T17:12:52.207Z,2026-10-03T17:12:52.302Z,2026-10-03T17:12:52.207Z,2026-10-03T17:12:52.324Z,2026-10-03T17:12:52.365Z,2026-10-03T17:12:52.410Z,2026-10-03T17:12:52.450Z,2026-10-03T17:12:52.525Z,2026-10-03T17:12:52.525Z,2026-10-03T17:12:52.568Z,null,38,21,25,117,null,43,559.4868999999999,46.14210000000003,6.251800000000003,6.070300000000316,47.54179999999997,116.82449999999972,9.38510000000042,40.1287999999995,84.26099999999951,8.074499999999716,108.38220000000001,73.19740000000002,null,null,null,null,null,null
cmusnhbby0040ogbk61ts69ki,image-to-video,performance_concurrent_flow,5,2026-10-03T17:12:52.053Z,2026-10-03T17:12:52.142Z,2026-10-03T17:12:52.148Z,2026-10-03T17:12:52.153Z,2026-10-03T17:12:52.142Z,2026-10-03T17:12:52.186Z,2026-10-03T17:12:52.247Z,2026-10-03T17:12:52.272Z,2026-10-03T17:12:52.290Z,2026-10-03T17:12:52.397Z,2026-10-03T17:12:52.290Z,2026-10-03T17:12:52.418Z,2026-10-03T17:12:52.451Z,2026-10-03T17:12:52.506Z,2026-10-03T17:12:52.557Z,2026-10-03T17:12:52.630Z,2026-10-03T17:12:52.630Z,2026-10-03T17:12:52.666Z,null,89,11,25,128,null,36,646.7608,92.50880000000052,7.84060000000045,11.287199999999757,79.15869999999995,132.2548999999999,8.868400000000292,39.90470000000005,87.3800999999994,8.276499999999942,110.08929999999964,62.018300000000636,null,null,null,null,null,null
cmusnhbcy0045ogbkpoeb800a,text-to-video,performance_concurrent_flow,5,2026-10-03T17:12:52.053Z,2026-10-03T17:12:52.179Z,2026-10-03T17:12:52.185Z,2026-10-03T17:12:52.190Z,2026-10-03T17:12:52.180Z,2026-10-03T17:12:52.227Z,2026-10-03T17:12:52.266Z,2026-10-03T17:12:52.291Z,2026-10-03T17:12:52.306Z,2026-10-03T17:12:52.407Z,2026-10-03T17:12:52.306Z,2026-10-03T17:12:52.427Z,2026-10-03T17:12:52.461Z,2026-10-03T17:12:52.518Z,2026-10-03T17:12:52.564Z,2026-10-03T17:12:52.633Z,2026-10-03T17:12:52.633Z,2026-10-03T17:12:52.670Z,null,126,11,25,121,null,37,650.5401000000002,129.64080000000013,7.819000000000415,7.513100000000122,64.14429999999993,123.26549999999952,10.480800000000272,36.97940000000017,87.09690000000046,14.332999999999629,101.94880000000012,60.13339999999971,null,null,null,null,null,null
cmusnhbe1004aogbkbsjqg5jw,image-to-video,performance_concurrent_flow,5,2026-10-03T17:12:52.053Z,2026-10-03T17:12:52.222Z,2026-10-03T17:12:52.237Z,2026-10-03T17:12:52.242Z,2026-10-03T17:12:52.222Z,2026-10-03T17:12:52.277Z,2026-10-03T17:12:52.328Z,2026-10-03T17:12:52.360Z,2026-10-03T17:12:52.373Z,2026-10-03T17:12:52.480Z,2026-10-03T17:12:52.373Z,2026-10-03T17:12:52.504Z,2026-10-03T17:12:52.548Z,2026-10-03T17:12:52.605Z,2026-10-03T17:12:52.646Z,2026-10-03T17:12:52.705Z,2026-10-03T17:12:52.705Z,2026-10-03T17:12:52.749Z,null,169,20,32,131,null,44,727.0661,175.55000000000018,8.202100000000428,8.400099999999838,73.97080000000005,124.91759999999977,10.38839999999982,53.83819999999923,94.75799999999981,9.182399999999689,88.92540000000008,64.89180000000033,null,null,null,null,null,null
cmusnhbfj004gogbkqmb025tk,text-to-video,performance_concurrent_flow,5,2026-10-03T17:12:52.053Z,2026-10-03T17:12:52.274Z,2026-10-03T17:12:52.282Z,2026-10-03T17:12:52.287Z,2026-10-03T17:12:52.274Z,2026-10-03T17:12:52.328Z,2026-10-03T17:12:52.368Z,2026-10-03T17:12:52.399Z,2026-10-03T17:12:52.413Z,2026-10-03T17:12:52.515Z,2026-10-03T17:12:52.413Z,2026-10-03T17:12:52.542Z,2026-10-03T17:12:52.587Z,2026-10-03T17:12:52.639Z,2026-10-03T17:12:52.674Z,2026-10-03T17:12:52.740Z,2026-10-03T17:12:52.740Z,2026-10-03T17:12:52.773Z,null,221,13,31,129,null,33,751.5819000000001,225.55140000000029,8.712599999999838,13.285000000000764,65.08129999999983,125.6868999999997,10.180000000000291,47.78610000000026,87.3791999999994,11.075799999999617,92.28629999999976,55.57549999999992,null,null,null,null,null,null
cmusnhc00005yogbkbndvarab,text-to-video,performance_concurrent_flow,5,2026-10-03T17:12:52.975Z,2026-10-03T17:12:53.003Z,2026-10-03T17:12:53.008Z,2026-10-03T17:12:53.012Z,2026-10-03T17:12:53.003Z,2026-10-03T17:12:53.039Z,2026-10-03T17:12:53.076Z,2026-10-03T17:12:53.099Z,2026-10-03T17:12:53.114Z,2026-10-03T17:12:53.200Z,2026-10-03T17:12:53.114Z,2026-10-03T17:12:53.217Z,2026-10-03T17:12:53.251Z,2026-10-03T17:12:53.296Z,2026-10-03T17:12:53.330Z,2026-10-03T17:12:53.396Z,2026-10-03T17:12:53.396Z,2026-10-03T17:12:53.431Z,null,28,9,23,103,null,35,492.39490000000023,30.924699999999575,7.264699999999721,6.764599999999518,54.22369999999955,103.06670000000031,11.665500000000065,37.575300000000425,70.73459999999977,7.42450000000008,94.58110000000033,62.19449999999961,null,null,null,null,null,null
cmusnhc0w0062ogbk5s53s87o,image-to-video,performance_concurrent_flow,5,2026-10-03T17:12:52.975Z,2026-10-03T17:12:53.038Z,2026-10-03T17:12:53.046Z,2026-10-03T17:12:53.051Z,2026-10-03T17:12:53.039Z,2026-10-03T17:12:53.089Z,2026-10-03T17:12:53.139Z,2026-10-03T17:12:53.162Z,2026-10-03T17:12:53.176Z,2026-10-03T17:12:53.259Z,2026-10-03T17:12:53.176Z,2026-10-03T17:12:53.280Z,2026-10-03T17:12:53.320Z,2026-10-03T17:12:53.359Z,2026-10-03T17:12:53.403Z,2026-10-03T17:12:53.463Z,2026-10-03T17:12:53.463Z,2026-10-03T17:12:53.506Z,null,63,13,23,104,null,43,562.0937999999996,68.58099999999922,8.91150000000016,12.03309999999965,70.91730000000007,103.76190000000042,8.268399999999929,46.45119999999952,68.33339999999953,13.27430000000004,87.0619999999999,67.2531999999992,null,null,null,null,null,null
cmusnhc240067ogbk80bzg8he,text-to-video,performance_concurrent_flow,5,2026-10-03T17:12:52.975Z,2026-10-03T17:12:53.085Z,2026-10-03T17:12:53.091Z,2026-10-03T17:12:53.096Z,2026-10-03T17:12:53.085Z,2026-10-03T17:12:53.127Z,2026-10-03T17:12:53.163Z,2026-10-03T17:12:53.184Z,2026-10-03T17:12:53.196Z,2026-10-03T17:12:53.297Z,2026-10-03T17:12:53.196Z,2026-10-03T17:12:53.312Z,2026-10-03T17:12:53.350Z,2026-10-03T17:12:53.395Z,2026-10-03T17:12:53.438Z,2026-10-03T17:12:53.504Z,2026-10-03T17:12:53.504Z,2026-10-03T17:12:53.533Z,null,110,11,21,116,null,29,588.1828999999998,112.8672000000006,8.353299999999763,6.9724999999998545,54.48400000000038,108.71669999999995,13.319700000000012,39.43109999999979,76.0001000000002,12.140300000000025,95.17120000000068,52.45840000000044,null,null,null,null,null,null
cmusnhc37006cogbkc0pps9h9,text-to-video,performance_concurrent_flow,5,2026-10-03T17:12:52.975Z,2026-10-03T17:12:53.120Z,2026-10-03T17:12:53.128Z,2026-10-03T17:12:53.133Z,2026-10-03T17:12:53.120Z,2026-10-03T17:12:53.168Z,2026-10-03T17:12:53.202Z,2026-10-03T17:12:53.225Z,2026-10-03T17:12:53.239Z,2026-10-03T17:12:53.333Z,2026-10-03T17:12:53.239Z,2026-10-03T17:12:53.352Z,2026-10-03T17:12:53.397Z,2026-10-03T17:12:53.439Z,2026-10-03T17:12:53.474Z,2026-10-03T17:12:53.538Z,2026-10-03T17:12:53.538Z,2026-10-03T17:12:53.569Z,null,145,13,23,113,null,31,624.9798000000001,148.22059999999965,9.028900000000249,8.178799999999683,54.1226000000006,112.32850000000053,11.289400000000569,44.184299999999894,72.92569999999978,10.202099999999518,88.99239999999918,55.80919999999969,null,null,null,null,null,null
cmusnhc4a006hogbkbrstioqg,image-to-video,performance_concurrent_flow,5,2026-10-03T17:12:52.975Z,2026-10-03T17:12:53.161Z,2026-10-03T17:12:53.168Z,2026-10-03T17:12:53.174Z,2026-10-03T17:12:53.161Z,2026-10-03T17:12:53.210Z,2026-10-03T17:12:53.258Z,2026-10-03T17:12:53.291Z,2026-10-03T17:12:53.306Z,2026-10-03T17:12:53.401Z,2026-10-03T17:12:53.306Z,2026-10-03T17:12:53.422Z,2026-10-03T17:12:53.456Z,2026-10-03T17:12:53.501Z,2026-10-03T17:12:53.535Z,2026-10-03T17:12:53.591Z,2026-10-03T17:12:53.591Z,2026-10-03T17:12:53.615Z,null,186,13,33,116,null,24,664.2709999999997,189.9335000000001,6.8859999999995125,10.301300000000083,71.57549999999992,125.5056999999997,7.618499999999585,40.652900000000045,71.80779999999959,10.310199999999895,78.74319999999989,42.12029999999959,null,null,null,null,null,null
cmusnhclk0080ogbky3zmhxmh,text-to-video,performance_concurrent_flow,5,2026-10-03T17:12:53.750Z,2026-10-03T17:12:53.778Z,2026-10-03T17:12:53.782Z,2026-10-03T17:12:53.787Z,2026-10-03T17:12:53.778Z,2026-10-03T17:12:53.820Z,2026-10-03T17:12:53.843Z,2026-10-03T17:12:53.865Z,2026-10-03T17:12:53.878Z,2026-10-03T17:12:53.965Z,2026-10-03T17:12:53.878Z,2026-10-03T17:12:53.980Z,2026-10-03T17:12:54.006Z,2026-10-03T17:12:54.049Z,2026-10-03T17:12:54.087Z,2026-10-03T17:12:54.143Z,2026-10-03T17:12:54.143Z,2026-10-03T17:12:54.175Z,null,28,9,22,102,null,32,450.9997999999996,30.489199999999983,7.398400000000038,5.487200000000485,48.593400000000656,98.39039999999932,13.568099999999504,29.568700000000717,64.95360000000073,9.892700000000332,85.05299999999988,50.96219999999994,null,null,null,null,null,null
cmusnhcme0084ogbk3u5mbqhr,image-to-video,performance_concurrent_flow,5,2026-10-03T17:12:53.750Z,2026-10-03T17:12:53.819Z,2026-10-03T17:12:53.825Z,2026-10-03T17:12:53.829Z,2026-10-03T17:12:53.819Z,2026-10-03T17:12:53.858Z,2026-10-03T17:12:53.908Z,2026-10-03T17:12:53.933Z,2026-10-03T17:12:53.948Z,2026-10-03T17:12:54.030Z,2026-10-03T17:12:53.948Z,2026-10-03T17:12:54.050Z,2026-10-03T17:12:54.085Z,2026-10-03T17:12:54.123Z,2026-10-03T17:12:54.157Z,2026-10-03T17:12:54.214Z,2026-10-03T17:12:54.214Z,2026-10-03T17:12:54.245Z,null,69,10,25,102,null,31,525.6698999999999,72.78159999999934,6.61869999999999,5.631899999999405,70.46900000000005,105.52639999999974,9.591400000000249,36.16739999999936,67.97810000000027,9.269199999999728,79.26839999999993,56.53890000000047,null,null,null,null,null,null
cmusnhcnh0089ogbkhrd9vi69,text-to-video,performance_concurrent_flow,5,2026-10-03T17:12:53.750Z,2026-10-03T17:12:53.851Z,2026-10-03T17:12:53.856Z,2026-10-03T17:12:53.859Z,2026-10-03T17:12:53.852Z,2026-10-03T17:12:53.890Z,2026-10-03T17:12:53.925Z,2026-10-03T17:12:53.947Z,2026-10-03T17:12:53.960Z,2026-10-03T17:12:54.037Z,2026-10-03T17:12:53.960Z,2026-10-03T17:12:54.056Z,2026-10-03T17:12:54.092Z,2026-10-03T17:12:54.132Z,2026-10-03T17:12:54.164Z,2026-10-03T17:12:54.219Z,2026-10-03T17:12:54.219Z,2026-10-03T17:12:54.256Z,null,101,8,22,96,null,37,532.3617000000004,103.67540000000008,6.719500000000153,6.257599999999911,56.36869999999999,95.32039999999961,8.91569999999956,39.526200000000244,65.92779999999948,8.989300000000185,78.48659999999927,56.65219999999954,null,null,null,null,null,null
cmusnhcod008eogbk03ngm7sl,text-to-video,performance_concurrent_flow,5,2026-10-03T17:12:53.750Z,2026-10-03T17:12:53.882Z,2026-10-03T17:12:53.887Z,2026-10-03T17:12:53.894Z,2026-10-03T17:12:53.882Z,2026-10-03T17:12:53.928Z,2026-10-03T17:12:53.960Z,2026-10-03T17:12:53.982Z,2026-10-03T17:12:53.995Z,2026-10-03T17:12:54.097Z,2026-10-03T17:12:53.995Z,2026-10-03T17:12:54.116Z,2026-10-03T17:12:54.148Z,2026-10-03T17:12:54.184Z,2026-10-03T17:12:54.214Z,2026-10-03T17:12:54.271Z,2026-10-03T17:12:54.271Z,2026-10-03T17:12:54.300Z,null,132,12,22,121,null,29,579.2484000000004,134.63500000000022,9.081199999999626,6.9143999999996595,53.60940000000028,122.02220000000034,7.14009999999962,36.59529999999995,60.96550000000025,7.136800000000221,79.92349999999988,51.90030000000024,null,null,null,null,null,null
cmusnhcpg008jogbkyghpj7bm,image-to-video,performance_concurrent_flow,5,2026-10-03T17:12:53.750Z,2026-10-03T17:12:53.924Z,2026-10-03T17:12:53.930Z,2026-10-03T17:12:53.935Z,2026-10-03T17:12:53.924Z,2026-10-03T17:12:53.969Z,2026-10-03T17:12:54.009Z,2026-10-03T17:12:54.035Z,2026-10-03T17:12:54.048Z,2026-10-03T17:12:54.133Z,2026-10-03T17:12:54.048Z,2026-10-03T17:12:54.149Z,2026-10-03T17:12:54.179Z,2026-10-03T17:12:54.215Z,2026-10-03T17:12:54.250Z,2026-10-03T17:12:54.306Z,2026-10-03T17:12:54.306Z,2026-10-03T17:12:54.332Z,null,174,11,26,101,null,26,608.4721,176.6257000000005,6.981499999999869,7.279799999999341,62.99319999999989,108.65850000000046,8.16229999999996,32.01230000000032,60.176399999999376,10.382899999999609,81.09379999999965,46.446100000000115,null,null,null,null,null,null
cmusnhd5y00a3ogbk1m8dzcbu,text-to-video,performance_concurrent_flow,5,2026-10-03T17:12:54.481Z,2026-10-03T17:12:54.511Z,2026-10-03T17:12:54.516Z,2026-10-03T17:12:54.520Z,2026-10-03T17:12:54.512Z,2026-10-03T17:12:54.544Z,2026-10-03T17:12:54.580Z,2026-10-03T17:12:54.601Z,2026-10-03T17:12:54.619Z,2026-10-03T17:12:54.692Z,2026-10-03T17:12:54.619Z,2026-10-03T17:12:54.708Z,2026-10-03T17:12:54.739Z,2026-10-03T17:12:54.779Z,2026-10-03T17:12:54.814Z,2026-10-03T17:12:54.881Z,2026-10-03T17:12:54.881Z,2026-10-03T17:12:54.920Z,null,30,9,21,89,null,39,474.14870000000064,33.08149999999932,5.049699999999575,8.50420000000031,48.90570000000025,98.51600000000053,7.438900000000103,33.216200000000754,62.84280000000035,9.828199999999924,96.67529999999988,64.46430000000055,null,null,null,null,null,null
cmusnhd6o00a7ogbk2vcodnoo,image-to-video,performance_concurrent_flow,5,2026-10-03T17:12:54.481Z,2026-10-03T17:12:54.542Z,2026-10-03T17:12:54.547Z,2026-10-03T17:12:54.550Z,2026-10-03T17:12:54.542Z,2026-10-03T17:12:54.586Z,2026-10-03T17:12:54.635Z,2026-10-03T17:12:54.658Z,2026-10-03T17:12:54.672Z,2026-10-03T17:12:54.750Z,2026-10-03T17:12:54.672Z,2026-10-03T17:12:54.771Z,2026-10-03T17:12:54.801Z,2026-10-03T17:12:54.849Z,2026-10-03T17:12:54.886Z,2026-10-03T17:12:54.949Z,2026-10-03T17:12:54.949Z,2026-10-03T17:12:54.978Z,null,61,8,23,99,null,29,526.6695,63.639900000000125,6.115399999999681,14.704999999999927,68.21900000000005,96.02119999999923,9.964199999999437,37.86229999999978,71.80210000000079,14.663100000000668,86.0027999999993,52.186399999998685,null,null,null,null,null,null
cmusnhd7i00acogbkgzpz44pv,text-to-video,performance_concurrent_flow,5,2026-10-03T17:12:54.481Z,2026-10-03T17:12:54.577Z,2026-10-03T17:12:54.582Z,2026-10-03T17:12:54.586Z,2026-10-03T17:12:54.577Z,2026-10-03T17:12:54.622Z,2026-10-03T17:12:54.657Z,2026-10-03T17:12:54.677Z,2026-10-03T17:12:54.690Z,2026-10-03T17:12:54.770Z,2026-10-03T17:12:54.690Z,2026-10-03T17:12:54.785Z,2026-10-03T17:12:54.820Z,2026-10-03T17:12:54.866Z,2026-10-03T17:12:54.901Z,2026-10-03T17:12:54.960Z,2026-10-03T17:12:54.960Z,2026-10-03T17:12:54.988Z,null,96,9,20,95,null,28,536.4838,99.1233000000002,8.645700000000033,6.77559999999994,58.63289999999961,98.73340000000007,7.042300000000068,31.173800000000483,75.91060000000016,7.407999999999447,87.82090000000062,49.420500000000175,null,null,null,null,null,null
cmusnhd8k00agogbkgtxjlrzg,text-to-video,performance_concurrent_flow,5,2026-10-03T17:12:54.481Z,2026-10-03T17:12:54.607Z,2026-10-03T17:12:54.618Z,2026-10-03T17:12:54.623Z,2026-10-03T17:12:54.607Z,2026-10-03T17:12:54.658Z,2026-10-03T17:12:54.683Z,2026-10-03T17:12:54.708Z,2026-10-03T17:12:54.722Z,2026-10-03T17:12:54.807Z,2026-10-03T17:12:54.722Z,2026-10-03T17:12:54.824Z,2026-10-03T17:12:54.866Z,2026-10-03T17:12:54.914Z,2026-10-03T17:12:54.943Z,2026-10-03T17:12:55.000Z,2026-10-03T17:12:55.000Z,2026-10-03T17:12:55.032Z,null,126,16,25,102,null,32,579.4611999999997,128.8195999999998,8.949800000000323,9.561200000000099,43.82099999999991,107.42340000000058,7.788400000000365,43.52090000000044,75.67380000000048,7.283299999999144,80.32580000000053,53.090400000000955,null,null,null,null,null,null
cmusnhd9o00alogbkonrawn1w,image-to-video,performance_concurrent_flow,5,2026-10-03T17:12:54.481Z,2026-10-03T17:12:54.651Z,2026-10-03T17:12:54.659Z,2026-10-03T17:12:54.665Z,2026-10-03T17:12:54.651Z,2026-10-03T17:12:54.697Z,2026-10-03T17:12:54.740Z,2026-10-03T17:12:54.768Z,2026-10-03T17:12:54.784Z,2026-10-03T17:12:54.882Z,2026-10-03T17:12:54.784Z,2026-10-03T17:12:54.901Z,2026-10-03T17:12:54.935Z,2026-10-03T17:12:54.973Z,2026-10-03T17:12:55.006Z,2026-10-03T17:12:55.057Z,2026-10-03T17:12:55.057Z,2026-10-03T17:12:55.082Z,null,170,14,28,117,null,25,629.8798999999999,174.13510000000042,7.087199999999939,7.665600000000268,64.54830000000038,124.42669999999998,6.992500000000291,41.57160000000022,61.779599999999846,6.683199999999488,77.78199999999924,47.45259999999871,null,null,null,null,null,null
cmusnhdqk00c5ogbkgb2zw4u6,text-to-video,performance_concurrent_flow,5,2026-10-03T17:12:55.230Z,2026-10-03T17:12:55.254Z,2026-10-03T17:12:55.258Z,2026-10-03T17:12:55.262Z,2026-10-03T17:12:55.254Z,2026-10-03T17:12:55.285Z,2026-10-03T17:12:55.314Z,2026-10-03T17:12:55.332Z,2026-10-03T17:12:55.349Z,2026-10-03T17:12:55.432Z,2026-10-03T17:12:55.349Z,2026-10-03T17:12:55.449Z,2026-10-03T17:12:55.493Z,2026-10-03T17:12:55.528Z,2026-10-03T17:12:55.564Z,2026-10-03T17:12:55.627Z,2026-10-03T17:12:55.627Z,2026-10-03T17:12:55.656Z,null,24,8,18,100,null,29,459.4531999999999,26.602600000000166,6.407199999999648,4.98070000000007,42.931000000000495,103.41359999999986,7.585199999999531,34.92100000000028,71.84439999999995,7.33600000000115,92.1301999999996,55.05829999999878,null,null,null,null,null,null
cmusnhdrc00c9ogbkubfc5d9f,image-to-video,performance_concurrent_flow,5,2026-10-03T17:12:55.230Z,2026-10-03T17:12:55.285Z,2026-10-03T17:12:55.289Z,2026-10-03T17:12:55.294Z,2026-10-03T17:12:55.285Z,2026-10-03T17:12:55.320Z,2026-10-03T17:12:55.361Z,2026-10-03T17:12:55.390Z,2026-10-03T17:12:55.403Z,2026-10-03T17:12:55.492Z,2026-10-03T17:12:55.403Z,2026-10-03T17:12:55.509Z,2026-10-03T17:12:55.539Z,2026-10-03T17:12:55.577Z,2026-10-03T17:12:55.609Z,2026-10-03T17:12:55.667Z,2026-10-03T17:12:55.667Z,2026-10-03T17:12:55.696Z,null,55,9,29,106,null,29,502.54060000000027,57.504399999999805,5.800799999999072,8.521600000000035,55.568600000000515,107.66820000000007,14.394400000001042,34.61620000000039,62.10659999999916,7.912399999999252,83.25299999999879,57.96640000000116,null,null,null,null,null,null
cmusnhdsb00ceogbk0cbsckwq,image-to-video,performance_concurrent_flow,5,2026-10-03T17:12:55.230Z,2026-10-03T17:12:55.320Z,2026-10-03T17:12:55.324Z,2026-10-03T17:12:55.328Z,2026-10-03T17:12:55.320Z,2026-10-03T17:12:55.358Z,2026-10-03T17:12:55.411Z,2026-10-03T17:12:55.436Z,2026-10-03T17:12:55.450Z,2026-10-03T17:12:55.546Z,2026-10-03T17:12:55.450Z,2026-10-03T17:12:55.565Z,2026-10-03T17:12:55.594Z,2026-10-03T17:12:55.637Z,2026-10-03T17:12:55.667Z,2026-10-03T17:12:55.731Z,2026-10-03T17:12:55.731Z,2026-10-03T17:12:55.761Z,null,90,8,25,115,null,30,557.7709999999988,92.55240000000049,6.66359999999986,6.412099999999555,74.19590000000062,118.29039999999986,8.323999999998705,34.60710000000108,67.00169999999889,6.9395000000004075,89.0679999999993,48.33599999999933,null,null,null,null,null,null
cmusnhdt500ckogbkajw125hv,text-to-video,performance_concurrent_flow,5,2026-10-03T17:12:55.230Z,2026-10-03T17:12:55.352Z,2026-10-03T17:12:55.356Z,2026-10-03T17:12:55.362Z,2026-10-03T17:12:55.352Z,2026-10-03T17:12:55.402Z,2026-10-03T17:12:55.431Z,2026-10-03T17:12:55.452Z,2026-10-03T17:12:55.468Z,2026-10-03T17:12:55.556Z,2026-10-03T17:12:55.468Z,2026-10-03T17:12:55.576Z,2026-10-03T17:12:55.611Z,2026-10-03T17:12:55.655Z,2026-10-03T17:12:55.690Z,2026-10-03T17:12:55.754Z,2026-10-03T17:12:55.754Z,2026-10-03T17:12:55.785Z,null,122,10,21,108,null,31,584.7738000000008,124.66359999999986,12.967800000000352,7.578800000001138,54.48199999999997,104.38509999999951,10.642900000000736,39.02349999999933,71.18199999999888,8.708000000000538,88.08979999999974,55.03949999999895,null,null,null,null,null,null
cmusnhdu800cpogbk82dj8tcp,text-to-video,performance_concurrent_flow,5,2026-10-03T17:12:55.230Z,2026-10-03T17:12:55.393Z,2026-10-03T17:12:55.401Z,2026-10-03T17:12:55.405Z,2026-10-03T17:12:55.393Z,2026-10-03T17:12:55.437Z,2026-10-03T17:12:55.471Z,2026-10-03T17:12:55.502Z,2026-10-03T17:12:55.516Z,2026-10-03T17:12:55.601Z,2026-10-03T17:12:55.516Z,2026-10-03T17:12:55.618Z,2026-10-03T17:12:55.649Z,2026-10-03T17:12:55.687Z,2026-10-03T17:12:55.727Z,2026-10-03T17:12:55.786Z,2026-10-03T17:12:55.786Z,2026-10-03T17:12:55.815Z,null,163,12,31,102,null,29,613.9105999999992,168.99129999999968,7.40599999999904,7.482200000000375,55.04230000000098,109.67029999999977,10.995899999999892,35.51900000000023,61.322299999999814,10.27719999999863,90.08010000000104,51.123999999999796,null,null,null,null,null,null
cmusnhebb00e7ogbkw4wa98o4,text-to-video,performance_concurrent_flow,5,2026-10-03T17:12:55.973Z,2026-10-03T17:12:56.000Z,2026-10-03T17:12:56.005Z,2026-10-03T17:12:56.009Z,2026-10-03T17:12:56.000Z,2026-10-03T17:12:56.034Z,2026-10-03T17:12:56.064Z,2026-10-03T17:12:56.086Z,2026-10-03T17:12:56.100Z,2026-10-03T17:12:56.175Z,2026-10-03T17:12:56.100Z,2026-10-03T17:12:56.195Z,2026-10-03T17:12:56.233Z,2026-10-03T17:12:56.267Z,2026-10-03T17:12:56.302Z,2026-10-03T17:12:56.362Z,2026-10-03T17:12:56.362Z,2026-10-03T17:12:56.393Z,null,27,9,22,95,null,31,456.1813999999995,30.63889999999992,7.241700000000492,5.57930000000124,45.41899999999987,96.23300000000017,8.944000000001324,38.98869999999988,62.85449999999946,8.886199999999008,87.41070000000036,58.499800000001414,null,null,null,null,null,null
cmusnhec300ebogbkzdxrjwn0,image-to-video,performance_concurrent_flow,5,2026-10-03T17:12:55.973Z,2026-10-03T17:12:56.030Z,2026-10-03T17:12:56.039Z,2026-10-03T17:12:56.043Z,2026-10-03T17:12:56.030Z,2026-10-03T17:12:56.076Z,2026-10-03T17:12:56.117Z,2026-10-03T17:12:56.143Z,2026-10-03T17:12:56.156Z,2026-10-03T17:12:56.246Z,2026-10-03T17:12:56.156Z,2026-10-03T17:12:56.261Z,2026-10-03T17:12:56.295Z,2026-10-03T17:12:56.337Z,2026-10-03T17:12:56.370Z,2026-10-03T17:12:56.428Z,2026-10-03T17:12:56.428Z,2026-10-03T17:12:56.460Z,null,57,13,26,105,null,32,513.512999999999,60.127700000000914,9.868899999999485,6.528299999999945,63.22820000000138,109.61769999999888,10.560900000000402,32.34859999999935,68.19369999999981,7.294299999999566,85.65289999999914,49.89559999999983,null,null,null,null,null,null
cmusnhecx00egogbk7vv7uly0,text-to-video,performance_concurrent_flow,5,2026-10-03T17:12:55.973Z,2026-10-03T17:12:56.060Z,2026-10-03T17:12:56.065Z,2026-10-03T17:12:56.069Z,2026-10-03T17:12:56.060Z,2026-10-03T17:12:56.101Z,2026-10-03T17:12:56.129Z,2026-10-03T17:12:56.151Z,2026-10-03T17:12:56.165Z,2026-10-03T17:12:56.255Z,2026-10-03T17:12:56.165Z,2026-10-03T17:12:56.269Z,2026-10-03T17:12:56.302Z,2026-10-03T17:12:56.345Z,2026-10-03T17:12:56.379Z,2026-10-03T17:12:56.438Z,2026-10-03T17:12:56.438Z,2026-10-03T17:12:56.467Z,null,87,9,22,104,null,29,521.9938000000002,89.79600000000028,9.040800000000672,7.37880000000041,47.353399999999965,110.82259999999951,8.186200000000099,30.63670000000093,69.16079999999965,7.002599999999802,86.28459999999905,50.02419999999984,null,null,null,null,null,null
cmusnhedt00ekogbkdchahdct,image-to-video,performance_concurrent_flow,5,2026-10-03T17:12:55.973Z,2026-10-03T17:12:56.093Z,2026-10-03T17:12:56.101Z,2026-10-03T17:12:56.104Z,2026-10-03T17:12:56.093Z,2026-10-03T17:12:56.138Z,2026-10-03T17:12:56.182Z,2026-10-03T17:12:56.214Z,2026-10-03T17:12:56.227Z,2026-10-03T17:12:56.309Z,2026-10-03T17:12:56.227Z,2026-10-03T17:12:56.327Z,2026-10-03T17:12:56.358Z,2026-10-03T17:12:56.397Z,2026-10-03T17:12:56.436Z,2026-10-03T17:12:56.488Z,2026-10-03T17:12:56.488Z,2026-10-03T17:12:56.519Z,null,120,11,32,100,null,31,570.6381000000001,123.20810000000165,9.75840000000062,7.286400000000867,64.1293999999998,109.1265999999996,10.220499999999447,36.701100000000224,63.603000000000975,11.860500000000684,78.70299999999952,47.84389999999985,null,null,null,null,null,null
cmusnheep00eqogbk4fcp753j,text-to-video,performance_concurrent_flow,5,2026-10-03T17:12:55.973Z,2026-10-03T17:12:56.127Z,2026-10-03T17:12:56.132Z,2026-10-03T17:12:56.136Z,2026-10-03T17:12:56.127Z,2026-10-03T17:12:56.164Z,2026-10-03T17:12:56.201Z,2026-10-03T17:12:56.229Z,2026-10-03T17:12:56.245Z,2026-10-03T17:12:56.330Z,2026-10-03T17:12:56.245Z,2026-10-03T17:12:56.349Z,2026-10-03T17:12:56.383Z,2026-10-03T17:12:56.421Z,2026-10-03T17:12:56.455Z,2026-10-03T17:12:56.507Z,2026-10-03T17:12:56.507Z,2026-10-03T17:12:56.532Z,null,154,9,28,104,null,25,583.9130999999998,156.9994000000006,8.08520000000135,5.735099999999875,59.04729999999836,110.29209999999875,7.771600000000035,34.972600000000966,65.84779999999955,10.283899999998539,75.10599999999977,43.75040000000081,null,null,null,null,null,null
cmusnheuu00g9ogbkuerp6egq,text-to-video,performance_concurrent_flow,5,2026-10-03T17:12:56.678Z,2026-10-03T17:12:56.704Z,2026-10-03T17:12:56.707Z,2026-10-03T17:12:56.710Z,2026-10-03T17:12:56.704Z,2026-10-03T17:12:56.735Z,2026-10-03T17:12:56.759Z,2026-10-03T17:12:56.782Z,2026-10-03T17:12:56.795Z,2026-10-03T17:12:56.880Z,2026-10-03T17:12:56.795Z,2026-10-03T17:12:56.898Z,2026-10-03T17:12:56.928Z,2026-10-03T17:12:56.966Z,2026-10-03T17:12:57.014Z,2026-10-03T17:12:57.070Z,2026-10-03T17:12:57.070Z,2026-10-03T17:12:57.103Z,null,26,6,23,103,null,33,456.82520000000113,27.86490000000049,5.270100000001548,5.2268999999996595,42.54269999999997,107.21409999999923,5.465500000000247,35.63620000000083,63.196100000001024,19.109800000000178,85.66340000000127,55.08260000000155,null,null,null,null,null,null
cmusnhevj00gdogbk6h83oxuq,image-to-video,performance_concurrent_flow,5,2026-10-03T17:12:56.678Z,2026-10-03T17:12:56.733Z,2026-10-03T17:12:56.738Z,2026-10-03T17:12:56.744Z,2026-10-03T17:12:56.733Z,2026-10-03T17:12:56.774Z,2026-10-03T17:12:56.820Z,2026-10-03T17:12:56.849Z,2026-10-03T17:12:56.864Z,2026-10-03T17:12:56.943Z,2026-10-03T17:12:56.864Z,2026-10-03T17:12:56.959Z,2026-10-03T17:12:57.002Z,2026-10-03T17:12:57.042Z,2026-10-03T17:12:57.070Z,2026-10-03T17:12:57.128Z,2026-10-03T17:12:57.128Z,2026-10-03T17:12:57.160Z,null,55,11,29,95,null,32,514.9018999999989,57.82430000000022,6.253000000000611,6.415499999999156,71.28499999999985,102.5070999999989,7.787699999998949,35.305099999999584,73.5586000000003,8.4375,80.08320000000094,56.804299999999785,null,null,null,null,null,null
cmusnhewi00giogbkj7636oyd,text-to-video,performance_concurrent_flow,5,2026-10-03T17:12:56.678Z,2026-10-03T17:12:56.769Z,2026-10-03T17:12:56.774Z,2026-10-03T17:12:56.777Z,2026-10-03T17:12:56.770Z,2026-10-03T17:12:56.813Z,2026-10-03T17:12:56.847Z,2026-10-03T17:12:56.868Z,2026-10-03T17:12:56.881Z,2026-10-03T17:12:56.962Z,2026-10-03T17:12:56.881Z,2026-10-03T17:12:56.987Z,2026-10-03T17:12:57.019Z,2026-10-03T17:12:57.058Z,2026-10-03T17:12:57.091Z,2026-10-03T17:12:57.151Z,2026-10-03T17:12:57.151Z,2026-10-03T17:12:57.185Z,null,91,8,21,106,null,34,536.2285999999986,94.11590000000069,8.853800000000774,5.593199999999342,57.71470000000045,101.60310000000027,6.494599999999991,42.04290000000037,64.38990000000013,7.558000000000902,86.20180000000073,56.19170000000122,null,null,null,null,null,null
cmusnhexf00gnogbkjixa6oe0,text-to-video,performance_concurrent_flow,5,2026-10-03T17:12:56.678Z,2026-10-03T17:12:56.797Z,2026-10-03T17:12:56.808Z,2026-10-03T17:12:56.813Z,2026-10-03T17:12:56.797Z,2026-10-03T17:12:56.849Z,2026-10-03T17:12:56.881Z,2026-10-03T17:12:56.905Z,2026-10-03T17:12:56.919Z,2026-10-03T17:12:57.006Z,2026-10-03T17:12:56.919Z,2026-10-03T17:12:57.023Z,2026-10-03T17:12:57.055Z,2026-10-03T17:12:57.090Z,2026-10-03T17:12:57.124Z,2026-10-03T17:12:57.183Z,2026-10-03T17:12:57.183Z,2026-10-03T17:12:57.211Z,null,119,16,24,104,null,28,560.5526000000009,121.3734999999997,7.457800000000134,11.694600000000719,51.42309999999998,110.33749999999964,7.802800000001298,33.284200000000055,63.77520000000004,7.409499999999753,82.18059999999969,49.83649999999943,null,null,null,null,null,null
cmusnheyh00gsogbkx62w0hv3,image-to-video,performance_concurrent_flow,5,2026-10-03T17:12:56.678Z,2026-10-03T17:12:56.839Z,2026-10-03T17:12:56.847Z,2026-10-03T17:12:56.854Z,2026-10-03T17:12:56.840Z,2026-10-03T17:12:56.884Z,2026-10-03T17:12:56.932Z,2026-10-03T17:12:56.954Z,2026-10-03T17:12:56.970Z,2026-10-03T17:12:57.071Z,2026-10-03T17:12:56.970Z,2026-10-03T17:12:57.087Z,2026-10-03T17:12:57.123Z,2026-10-03T17:12:57.157Z,2026-10-03T17:12:57.190Z,2026-10-03T17:12:57.242Z,2026-10-03T17:12:57.242Z,2026-10-03T17:12:57.270Z,null,161,15,22,117,null,28,614.2102999999988,165.72869999999966,6.207300000000032,8.961499999999432,65.47380000000157,125.60639999999876,6.264599999998609,36.74380000000019,61.29380000000128,6.949500000000626,77.90759999999864,42.52139999999963,null,null,null,null,null,null
cmusnhffc00icogbklbefko6t,text-to-video,performance_concurrent_flow,5,2026-10-03T17:12:57.413Z,2026-10-03T17:12:57.441Z,2026-10-03T17:12:57.445Z,2026-10-03T17:12:57.448Z,2026-10-03T17:12:57.441Z,2026-10-03T17:12:57.473Z,2026-10-03T17:12:57.497Z,2026-10-03T17:12:57.516Z,2026-10-03T17:12:57.528Z,2026-10-03T17:12:57.619Z,2026-10-03T17:12:57.528Z,2026-10-03T17:12:57.634Z,2026-10-03T17:12:57.673Z,2026-10-03T17:12:57.712Z,2026-10-03T17:12:57.739Z,2026-10-03T17:12:57.793Z,2026-10-03T17:12:57.793Z,2026-10-03T17:12:57.819Z,null,28,7,19,106,null,26,433.1198999999997,30.40990000000056,6.198599999999715,6.60570000000007,38.151200000000244,107.95900000000074,8.187200000000303,35.981799999999566,65.3721999999998,6.59519999999975,74.50190000000111,47.919700000000375,null,null,null,null,null,null
cmusnhfg300igogbkuj08gw8u,image-to-video,performance_concurrent_flow,5,2026-10-03T17:12:57.413Z,2026-10-03T17:12:57.471Z,2026-10-03T17:12:57.477Z,2026-10-03T17:12:57.482Z,2026-10-03T17:12:57.471Z,2026-10-03T17:12:57.505Z,2026-10-03T17:12:57.548Z,2026-10-03T17:12:57.592Z,2026-10-03T17:12:57.607Z,2026-10-03T17:12:57.702Z,2026-10-03T17:12:57.607Z,2026-10-03T17:12:57.716Z,2026-10-03T17:12:57.741Z,2026-10-03T17:12:57.777Z,2026-10-03T17:12:57.810Z,2026-10-03T17:12:57.859Z,2026-10-03T17:12:57.859Z,2026-10-03T17:12:57.888Z,null,58,11,44,109,null,29,503.16779999999926,61.15850000000137,5.096299999999246,6.037899999999354,62.299699999999575,130,12.380099999998492,29.41910000000098,56.40339999999924,8.784600000000864,73.32070000000022,50.576099999998405,null,null,null,null,null,null
cmusnhfgw00ilogbk7q0agyrs,text-to-video,performance_concurrent_flow,5,2026-10-03T17:12:57.413Z,2026-10-03T17:12:57.500Z,2026-10-03T17:12:57.504Z,2026-10-03T17:12:57.510Z,2026-10-03T17:12:57.500Z,2026-10-03T17:12:57.543Z,2026-10-03T17:12:57.585Z,2026-10-03T17:12:57.609Z,2026-10-03T17:12:57.623Z,2026-10-03T17:12:57.710Z,2026-10-03T17:12:57.623Z,2026-10-03T17:12:57.726Z,2026-10-03T17:12:57.751Z,2026-10-03T17:12:57.787Z,2026-10-03T17:12:57.817Z,2026-10-03T17:12:57.867Z,2026-10-03T17:12:57.867Z,2026-10-03T17:12:57.896Z,null,87,10,24,103,null,29,508.4498000000003,89.27109999999993,7.325199999999313,10.05619999999908,63.16120000000046,109.4255000000012,6.912000000000262,28.260800000000017,58.79360000000088,6.193500000001222,73.0596999999998,48.24459999999999,null,null,null,null,null,null
cmusnhfhq00iqogbkxgsfz2x2,image-to-video,performance_concurrent_flow,5,2026-10-03T17:12:57.413Z,2026-10-03T17:12:57.535Z,2026-10-03T17:12:57.541Z,2026-10-03T17:12:57.545Z,2026-10-03T17:12:57.536Z,2026-10-03T17:12:57.590Z,2026-10-03T17:12:57.632Z,2026-10-03T17:12:57.662Z,2026-10-03T17:12:57.675Z,2026-10-03T17:12:57.752Z,2026-10-03T17:12:57.675Z,2026-10-03T17:12:57.767Z,2026-10-03T17:12:57.800Z,2026-10-03T17:12:57.831Z,2026-10-03T17:12:57.858Z,2026-10-03T17:12:57.912Z,2026-10-03T17:12:57.912Z,2026-10-03T17:12:57.937Z,null,122,10,30,92,null,25,549.5969000000005,125.45869999999923,9.057300000000396,11.669299999999566,69.98750000000109,106.29199999999946,6.741900000000896,32.058500000001004,57.179699999998775,7.279600000001665,71.61520000000019,45.93239999999969,null,null,null,null,null,null
cmusnhfis00iwogbkdnjmj1as,text-to-video,performance_concurrent_flow,5,2026-10-03T17:12:57.413Z,2026-10-03T17:12:57.577Z,2026-10-03T17:12:57.586Z,2026-10-03T17:12:57.593Z,2026-10-03T17:12:57.577Z,2026-10-03T17:12:57.621Z,2026-10-03T17:12:57.653Z,2026-10-03T17:12:57.683Z,2026-10-03T17:12:57.697Z,2026-10-03T17:12:57.767Z,2026-10-03T17:12:57.697Z,2026-10-03T17:12:57.785Z,2026-10-03T17:12:57.812Z,2026-10-03T17:12:57.846Z,2026-10-03T17:12:57.875Z,2026-10-03T17:12:57.924Z,2026-10-03T17:12:57.924Z,2026-10-03T17:12:57.948Z,null,164,16,30,88,null,24,558.3250000000007,168.83139999999912,7.791900000000169,6.830799999999726,49.299700000001394,98.89209999999912,7.067399999999907,32.39149999999972,56.62350000000151,4.934300000000803,72.3169999999991,41.74200000000019,null,null,null,null,null,null
cmusnhfxg00keogbk3lbz139z,text-to-video,performance_concurrent_flow,5,2026-10-03T17:12:58.070Z,2026-10-03T17:12:58.100Z,2026-10-03T17:12:58.106Z,2026-10-03T17:12:58.110Z,2026-10-03T17:12:58.100Z,2026-10-03T17:12:58.131Z,2026-10-03T17:12:58.155Z,2026-10-03T17:12:58.180Z,2026-10-03T17:12:58.194Z,2026-10-03T17:12:58.272Z,2026-10-03T17:12:58.194Z,2026-10-03T17:12:58.288Z,2026-10-03T17:12:58.327Z,2026-10-03T17:12:58.368Z,2026-10-03T17:12:58.400Z,2026-10-03T17:12:58.464Z,2026-10-03T17:12:58.464Z,2026-10-03T17:12:58.501Z,null,30,10,25,94,null,37,466.8083000000006,33.126899999999296,6.122199999999793,4.835699999999633,37.47330000000147,104.8159999999989,5.126399999999194,36.975100000001476,68.70340000000033,7.493399999999383,88.78490000000056,66.66020000000026,null,null,null,null,null,null
cmusnhfyd00kiogbksuzx04pr,text-to-video,performance_concurrent_flow,5,2026-10-03T17:12:58.070Z,2026-10-03T17:12:58.126Z,2026-10-03T17:12:58.130Z,2026-10-03T17:12:58.133Z,2026-10-03T17:12:58.126Z,2026-10-03T17:12:58.161Z,2026-10-03T17:12:58.189Z,2026-10-03T17:12:58.211Z,2026-10-03T17:12:58.227Z,2026-10-03T17:12:58.304Z,2026-10-03T17:12:58.227Z,2026-10-03T17:12:58.321Z,2026-10-03T17:12:58.352Z,2026-10-03T17:12:58.394Z,2026-10-03T17:12:58.435Z,2026-10-03T17:12:58.493Z,2026-10-03T17:12:58.493Z,2026-10-03T17:12:58.527Z,null,56,7,22,94,null,34,487.8245000000006,58.29999999999927,6.014699999999721,5.701199999999517,46.15049999999974,96.54410000000098,9.278000000000247,38.73869999999988,63.327400000000125,6.391700000000128,95.23079999999936,57.050600000000486,null,null,null,null,null,null
cmusnhfz300kmogbkqgxdxwi2,image-to-video,performance_concurrent_flow,5,2026-10-03T17:12:58.070Z,2026-10-03T17:12:58.155Z,2026-10-03T17:12:58.161Z,2026-10-03T17:12:58.165Z,2026-10-03T17:12:58.155Z,2026-10-03T17:12:58.193Z,2026-10-03T17:12:58.238Z,2026-10-03T17:12:58.259Z,2026-10-03T17:12:58.273Z,2026-10-03T17:12:58.362Z,2026-10-03T17:12:58.273Z,2026-10-03T17:12:58.380Z,2026-10-03T17:12:58.411Z,2026-10-03T17:12:58.456Z,2026-10-03T17:12:58.494Z,2026-10-03T17:12:58.553Z,2026-10-03T17:12:58.553Z,2026-10-03T17:12:58.580Z,null,85,10,21,107,null,27,536.7487999999994,87.61210000000028,10.986699999999473,5.761499999998705,60.20840000000135,107.78180000000066,9.563000000000102,35.053499999999985,68.23940000000039,8.132500000001528,87.95050000000083,48.04960000000028,null,null,null,null,null,null
cmusnhg0200krogbk88nd7262,text-to-video,performance_concurrent_flow,5,2026-10-03T17:12:58.070Z,2026-10-03T17:12:58.189Z,2026-10-03T17:12:58.194Z,2026-10-03T17:12:58.198Z,2026-10-03T17:12:58.190Z,2026-10-03T17:12:58.234Z,2026-10-03T17:12:58.263Z,2026-10-03T17:12:58.284Z,2026-10-03T17:12:58.298Z,2026-10-03T17:12:58.383Z,2026-10-03T17:12:58.298Z,2026-10-03T17:12:58.400Z,2026-10-03T17:12:58.440Z,2026-10-03T17:12:58.472Z,2026-10-03T17:12:58.512Z,2026-10-03T17:12:58.570Z,2026-10-03T17:12:58.570Z,2026-10-03T17:12:58.600Z,null,119,9,21,102,null,30,559.4159,121.65640000000167,8.942700000001423,10.841800000000148,47.22609999999986,106.45050000000083,6.607299999999668,32.80279999999948,73.13999999999942,8.270399999999427,83.62120000000141,53.29769999999917,null,null,null,null,null,null
cmusnhg1000kxogbkbr18ak1z,image-to-video,performance_concurrent_flow,5,2026-10-03T17:12:58.070Z,2026-10-03T17:12:58.228Z,2026-10-03T17:12:58.234Z,2026-10-03T17:12:58.238Z,2026-10-03T17:12:58.228Z,2026-10-03T17:12:58.267Z,2026-10-03T17:12:58.314Z,2026-10-03T17:12:58.341Z,2026-10-03T17:12:58.356Z,2026-10-03T17:12:58.443Z,2026-10-03T17:12:58.356Z,2026-10-03T17:12:58.457Z,2026-10-03T17:12:58.493Z,2026-10-03T17:12:58.535Z,2026-10-03T17:12:58.569Z,2026-10-03T17:12:58.622Z,2026-10-03T17:12:58.622Z,2026-10-03T17:12:58.648Z,null,158,10,27,101,null,26,600.3219000000008,161.6868999999988,8.94880000000012,6.053399999998874,65.87770000000091,108.85779999999977,12.058200000001307,29.230499999999665,72.23489999999947,6.828800000001138,81.30130000000099,41.30539999999928,null,null,null,null,null,null
cmusnhgn000n3ogbk50k6uba9,text-to-video,performance_concurrent_flow,10,2026-10-03T17:12:58.988Z,2026-10-03T17:12:59.019Z,2026-10-03T17:12:59.025Z,2026-10-03T17:12:59.031Z,2026-10-03T17:12:59.020Z,2026-10-03T17:12:59.076Z,2026-10-03T17:12:59.114Z,2026-10-03T17:12:59.139Z,2026-10-03T17:12:59.153Z,2026-10-03T17:12:59.242Z,2026-10-03T17:12:59.153Z,2026-10-03T17:12:59.271Z,2026-10-03T17:12:59.324Z,2026-10-03T17:12:59.398Z,2026-10-03T17:12:59.455Z,2026-10-03T17:12:59.575Z,2026-10-03T17:12:59.575Z,2026-10-03T17:12:59.626Z,null,31,12,25,118,null,51,703.9031999999988,34.999699999998484,6.679399999999077,6.755300000000716,73.59139999999934,106.52289999999994,13.075000000000728,54.97849999999926,115.21529999999984,12.574500000000626,162.60000000000036,108.82209999999941,null,null,null,null,null,null
cmusnhgny00n7ogbklaa8jfaj,text-to-video,performance_concurrent_flow,10,2026-10-03T17:12:58.988Z,2026-10-03T17:12:59.051Z,2026-10-03T17:12:59.060Z,2026-10-03T17:12:59.064Z,2026-10-03T17:12:59.051Z,2026-10-03T17:12:59.100Z,2026-10-03T17:12:59.140Z,2026-10-03T17:12:59.165Z,2026-10-03T17:12:59.180Z,2026-10-03T17:12:59.281Z,2026-10-03T17:12:59.180Z,2026-10-03T17:12:59.305Z,2026-10-03T17:12:59.366Z,2026-10-03T17:12:59.425Z,2026-10-03T17:12:59.497Z,2026-10-03T17:12:59.613Z,2026-10-03T17:12:59.613Z,2026-10-03T17:12:59.663Z,null,63,13,25,125,null,50,747.8288000000011,69.58669999999984,7.328299999999217,10.336599999998725,62.73329999999987,121.88950000000114,10.897399999999834,44.4377999999997,116.42560000000049,14.647600000000239,169.93059999999969,113.19790000000103,null,null,null,null,null,null
cmusnhgox00nbogbkddm1xqw7,image-to-video,performance_concurrent_flow,10,2026-10-03T17:12:58.988Z,2026-10-03T17:12:59.089Z,2026-10-03T17:12:59.098Z,2026-10-03T17:12:59.103Z,2026-10-03T17:12:59.089Z,2026-10-03T17:12:59.146Z,2026-10-03T17:12:59.194Z,2026-10-03T17:12:59.218Z,2026-10-03T17:12:59.232Z,2026-10-03T17:12:59.385Z,2026-10-03T17:12:59.232Z,2026-10-03T17:12:59.412Z,2026-10-03T17:12:59.480Z,2026-10-03T17:12:59.563Z,2026-10-03T17:12:59.630Z,2026-10-03T17:12:59.736Z,2026-10-03T17:12:59.736Z,2026-10-03T17:12:59.822Z,null,101,14,24,180,null,86,891.8366999999998,103.84900000000016,11.063999999998487,11.860200000000987,71.71160000000054,160.65859999999884,21.876800000000003,53.58259999999973,148.24599999999919,16.123599999998987,152.59820000000036,129.19820000000072,null,null,null,null,null,null
cmusnhgqa00ngogbka2njj6f3,image-to-video,performance_concurrent_flow,10,2026-10-03T17:12:58.988Z,2026-10-03T17:12:59.140Z,2026-10-03T17:12:59.147Z,2026-10-03T17:12:59.150Z,2026-10-03T17:12:59.140Z,2026-10-03T17:12:59.189Z,2026-10-03T17:12:59.252Z,2026-10-03T17:12:59.308Z,2026-10-03T17:12:59.322Z,2026-10-03T17:12:59.466Z,2026-10-03T17:12:59.322Z,2026-10-03T17:12:59.506Z,2026-10-03T17:12:59.576Z,2026-10-03T17:12:59.646Z,2026-10-03T17:12:59.711Z,2026-10-03T17:12:59.816Z,2026-10-03T17:12:59.816Z,2026-10-03T17:12:59.862Z,null,152,10,56,184,null,46,931.238800000001,156.65940000000046,10.661299999999756,12.300600000000486,82.65949999999975,188.89550000000054,14.006199999999808,78.40740000000005,121.71210000000065,14.193099999998594,153.9365999999991,91.71359999999913,null,null,null,null,null,null
cmusnhgrj00nnogbku4jof746,image-to-video,performance_concurrent_flow,10,2026-10-03T17:12:58.988Z,2026-10-03T17:12:59.180Z,2026-10-03T17:12:59.188Z,2026-10-03T17:12:59.193Z,2026-10-03T17:12:59.180Z,2026-10-03T17:12:59.233Z,2026-10-03T17:12:59.307Z,2026-10-03T17:12:59.351Z,2026-10-03T17:12:59.368Z,2026-10-03T17:12:59.525Z,2026-10-03T17:12:59.368Z,2026-10-03T17:12:59.557Z,2026-10-03T17:12:59.613Z,2026-10-03T17:12:59.679Z,2026-10-03T17:12:59.755Z,2026-10-03T17:12:59.848Z,2026-10-03T17:12:59.848Z,2026-10-03T17:12:59.902Z,null,192,13,44,189,null,54,957.6079999999984,196.19170000000122,7.389900000000125,7.208300000000236,103.42380000000048,181.0099999999984,21.619000000000597,67.96320000000014,110.95409999999902,15.337499999999636,149.45429999999942,88.0640999999996,null,null,null,null,null,null
cmusnhgsi00nuogbkxnd1juuu,text-to-video,performance_concurrent_flow,10,2026-10-03T17:12:58.988Z,2026-10-03T17:12:59.217Z,2026-10-03T17:12:59.224Z,2026-10-03T17:12:59.230Z,2026-10-03T17:12:59.217Z,2026-10-03T17:12:59.280Z,2026-10-03T17:12:59.325Z,2026-10-03T17:12:59.373Z,2026-10-03T17:12:59.388Z,2026-10-03T17:12:59.557Z,2026-10-03T17:12:59.388Z,2026-10-03T17:12:59.581Z,2026-10-03T17:12:59.638Z,2026-10-03T17:12:59.710Z,2026-10-03T17:12:59.774Z,2026-10-03T17:12:59.866Z,2026-10-03T17:12:59.866Z,2026-10-03T17:12:59.916Z,null,229,13,48,193,null,50,974.9272999999994,232.86759999999958,12.983099999999467,12.266700000000128,78.49349999999868,196.72060000000056,17.197000000000116,56.725000000000364,117.14500000000044,17.730799999999363,139.10119999999915,84.14069999999992,null,null,null,null,null,null
cmusnhgtr00nzogbkgb9bmw6q,image-to-video,performance_concurrent_flow,10,2026-10-03T17:12:58.988Z,2026-10-03T17:12:59.275Z,2026-10-03T17:12:59.283Z,2026-10-03T17:12:59.289Z,2026-10-03T17:12:59.276Z,2026-10-03T17:12:59.344Z,2026-10-03T17:12:59.424Z,2026-10-03T17:12:59.475Z,2026-10-03T17:12:59.493Z,2026-10-03T17:12:59.642Z,2026-10-03T17:12:59.493Z,2026-10-03T17:12:59.672Z,2026-10-03T17:12:59.741Z,2026-10-03T17:12:59.809Z,2026-10-03T17:12:59.860Z,2026-10-03T17:12:59.950Z,2026-10-03T17:12:59.950Z,2026-10-03T17:13:00.000Z,null,287,14,51,179,null,50,1067.8400000000001,291.3618000000006,11.159200000000055,12.331999999998516,116.94889999999941,190.21680000000015,14.569999999999709,62.990499999999884,120.0007999999998,15.474700000000666,127.42560000000049,95.3148000000001,null,null,null,null,null,null
cmusnhgxb00ogogbkxhvy2nlu,text-to-video,performance_concurrent_flow,10,2026-10-03T17:12:58.988Z,2026-10-03T17:12:59.398Z,2026-10-03T17:12:59.406Z,2026-10-03T17:12:59.412Z,2026-10-03T17:12:59.398Z,2026-10-03T17:12:59.470Z,2026-10-03T17:12:59.543Z,2026-10-03T17:12:59.579Z,2026-10-03T17:12:59.593Z,2026-10-03T17:12:59.748Z,2026-10-03T17:12:59.593Z,2026-10-03T17:12:59.787Z,2026-10-03T17:12:59.832Z,2026-10-03T17:12:59.895Z,2026-10-03T17:12:59.939Z,2026-10-03T17:13:00.033Z,2026-10-03T17:13:00.033Z,2026-10-03T17:13:00.072Z,null,410,14,36,194,null,39,1122.9790000000012,414.0694999999996,12.044499999999971,16.420200000000477,107.71899999999914,173.66179999999986,18.67280000000028,65.6778000000013,96.50979999999981,10.751399999999194,128.86269999999968,68.52080000000024,null,null,null,null,null,null
cmusnhgvf00o6ogbkrcy5v01l,image-to-video,performance_concurrent_flow,10,2026-10-03T17:12:58.988Z,2026-10-03T17:12:59.331Z,2026-10-03T17:12:59.344Z,2026-10-03T17:12:59.351Z,2026-10-03T17:12:59.331Z,2026-10-03T17:12:59.411Z,2026-10-03T17:12:59.511Z,2026-10-03T17:12:59.565Z,2026-10-03T17:12:59.592Z,2026-10-03T17:12:59.745Z,2026-10-03T17:12:59.592Z,2026-10-03T17:12:59.782Z,2026-10-03T17:12:59.836Z,2026-10-03T17:12:59.902Z,2026-10-03T17:12:59.948Z,2026-10-03T17:13:00.040Z,2026-10-03T17:13:00.040Z,2026-10-03T17:13:00.079Z,null,343,20,54,190,null,39,1131.9876999999997,352.2360000000008,21.716300000000047,11.58900000000176,137.32730000000083,193.34720000000016,20.945999999999913,67.65949999999975,107.87890000000152,11.027099999999336,127.64710000000014,69.47749999999905,null,null,null,null,null,null
cmusnhgyw00onogbkps5lxfsl,text-to-video,performance_concurrent_flow,10,2026-10-03T17:12:58.988Z,2026-10-03T17:12:59.456Z,2026-10-03T17:12:59.464Z,2026-10-03T17:12:59.476Z,2026-10-03T17:12:59.456Z,2026-10-03T17:12:59.546Z,2026-10-03T17:12:59.608Z,2026-10-03T17:12:59.653Z,2026-10-03T17:12:59.668Z,2026-10-03T17:12:59.825Z,2026-10-03T17:12:59.668Z,2026-10-03T17:12:59.851Z,2026-10-03T17:12:59.906Z,2026-10-03T17:12:59.962Z,2026-10-03T17:13:00.019Z,2026-10-03T17:13:00.088Z,2026-10-03T17:13:00.088Z,2026-10-03T17:13:00.119Z,null,468,20,45,183,null,31,1162.333700000001,472.47169999999824,13.839399999998932,14.275299999999334,109.85729999999967,193.08410000000003,11.70299999999952,52.1278999999995,102.6875,9.427300000001196,115.21669999999904,51.818600000000515,null,null,null,null,null,null
cmusnhhpr00r9ogbkw2xg9p18,text-to-video,performance_concurrent_flow,10,2026-10-03T17:13:00.379Z,2026-10-03T17:13:00.411Z,2026-10-03T17:13:00.416Z,2026-10-03T17:13:00.420Z,2026-10-03T17:13:00.411Z,2026-10-03T17:13:00.449Z,2026-10-03T17:13:00.474Z,2026-10-03T17:13:00.491Z,2026-10-03T17:13:00.504Z,2026-10-03T17:13:00.588Z,2026-10-03T17:13:00.504Z,2026-10-03T17:13:00.603Z,2026-10-03T17:13:00.638Z,2026-10-03T17:13:00.689Z,2026-10-03T17:13:00.738Z,2026-10-03T17:13:00.827Z,2026-10-03T17:13:00.827Z,2026-10-03T17:13:00.881Z,null,32,9,17,99,null,54,556.0828999999994,34.531599999998434,6.395199999999022,5.935699999999997,44.10859999999957,100.43409999999858,7.307800000000498,34.27269999999953,78.9984999999997,11.201199999999517,128.4964,98.04119999999966,null,null,null,null,null,null
cmusnhhqn00rdogbk4vw0y8gh,image-to-video,performance_concurrent_flow,10,2026-10-03T17:13:00.379Z,2026-10-03T17:13:00.450Z,2026-10-03T17:13:00.458Z,2026-10-03T17:13:00.462Z,2026-10-03T17:13:00.450Z,2026-10-03T17:13:00.485Z,2026-10-03T17:13:00.520Z,2026-10-03T17:13:00.546Z,2026-10-03T17:13:00.558Z,2026-10-03T17:13:00.646Z,2026-10-03T17:13:00.558Z,2026-10-03T17:13:00.668Z,2026-10-03T17:13:00.709Z,2026-10-03T17:13:00.766Z,2026-10-03T17:13:00.819Z,2026-10-03T17:13:00.918Z,2026-10-03T17:13:00.918Z,2026-10-03T17:13:00.971Z,null,71,12,26,110,null,53,643.9656000000014,76.1872000000003,5.72360000000117,5.297599999999875,50.06049999999959,107.0578000000005,6.994199999999182,45.9458999999988,91.28729999999996,14.121499999999287,143.02799999999843,91.5617000000002,null,null,null,null,null,null
cmusnhhrq00riogbk1cuczxju,text-to-video,performance_concurrent_flow,10,2026-10-03T17:13:00.379Z,2026-10-03T17:13:00.482Z,2026-10-03T17:13:00.487Z,2026-10-03T17:13:00.490Z,2026-10-03T17:13:00.482Z,2026-10-03T17:13:00.515Z,2026-10-03T17:13:00.542Z,2026-10-03T17:13:00.575Z,2026-10-03T17:13:00.589Z,2026-10-03T17:13:00.682Z,2026-10-03T17:13:00.589Z,2026-10-03T17:13:00.703Z,2026-10-03T17:13:00.751Z,2026-10-03T17:13:00.809Z,2026-10-03T17:13:00.868Z,2026-10-03T17:13:00.961Z,2026-10-03T17:13:00.961Z,2026-10-03T17:13:01.007Z,null,103,8,33,114,null,46,676.2786999999989,105.42840000000069,6.807900000001609,5.251000000000204,45.5635999999995,118.3703000000005,10.819800000001123,41.00169999999889,100.29360000000088,13.855100000000675,139.82900000000154,83.05379999999968,null,null,null,null,null,null
cmusnhhsk00rnogbkkly9s1fo,image-to-video,performance_concurrent_flow,10,2026-10-03T17:13:00.379Z,2026-10-03T17:13:00.511Z,2026-10-03T17:13:00.516Z,2026-10-03T17:13:00.520Z,2026-10-03T17:13:00.511Z,2026-10-03T17:13:00.553Z,2026-10-03T17:13:00.601Z,2026-10-03T17:13:00.626Z,2026-10-03T17:13:00.640Z,2026-10-03T17:13:00.755Z,2026-10-03T17:13:00.640Z,2026-10-03T17:13:00.780Z,2026-10-03T17:13:00.831Z,2026-10-03T17:13:00.893Z,2026-10-03T17:13:00.949Z,2026-10-03T17:13:01.040Z,2026-10-03T17:13:01.040Z,2026-10-03T17:13:01.095Z,null,132,9,25,140,null,55,763.0226000000002,134.69650000000001,6.937900000000809,9.108299999999872,68.53480000000127,133.80119999999988,8.814000000000306,50.97949999999946,106.93130000000019,12.043499999999767,135.42269999999917,89.3757999999998,null,null,null,null,null,null
cmusnhhtf00rtogbkm9ozvfbn,image-to-video,performance_concurrent_flow,10,2026-10-03T17:13:00.379Z,2026-10-03T17:13:00.550Z,2026-10-03T17:13:00.555Z,2026-10-03T17:13:00.559Z,2026-10-03T17:13:00.550Z,2026-10-03T17:13:00.595Z,2026-10-03T17:13:00.645Z,2026-10-03T17:13:00.676Z,2026-10-03T17:13:00.690Z,2026-10-03T17:13:00.808Z,2026-10-03T17:13:00.690Z,2026-10-03T17:13:00.834Z,2026-10-03T17:13:00.885Z,2026-10-03T17:13:00.951Z,2026-10-03T17:13:01.004Z,2026-10-03T17:13:01.091Z,2026-10-03T17:13:01.091Z,2026-10-03T17:13:01.140Z,null,171,9,31,144,null,49,802.6090000000004,173.65849999999955,15.89179999999942,6.76720000000023,69.04380000000128,136.99629999999888,11.959399999999732,52.515300000000934,112.1257000000005,10.680399999999281,129.33619999999974,77.23959999999897,null,null,null,null,null,null
cmusnhhus00s0ogbkh46yydv0,text-to-video,performance_concurrent_flow,10,2026-10-03T17:13:00.379Z,2026-10-03T17:13:00.593Z,2026-10-03T17:13:00.597Z,2026-10-03T17:13:00.602Z,2026-10-03T17:13:00.593Z,2026-10-03T17:13:00.636Z,2026-10-03T17:13:00.679Z,2026-10-03T17:13:00.712Z,2026-10-03T17:13:00.726Z,2026-10-03T17:13:00.858Z,2026-10-03T17:13:00.726Z,2026-10-03T17:13:00.883Z,2026-10-03T17:13:00.941Z,2026-10-03T17:13:00.996Z,2026-10-03T17:13:01.046Z,2026-10-03T17:13:01.134Z,2026-10-03T17:13:01.134Z,2026-10-03T17:13:01.172Z,null,214,9,33,157,null,38,836.1671000000006,216.39540000000125,8.990900000000693,8.755999999999403,64.22620000000097,151.99419999999918,11.671399999999267,57.7518,100.29329999999936,14.381499999999505,120.71160000000054,74.92710000000079,null,null,null,null,null,null
cmusnhhvr00s6ogbkomxx0nit,text-to-video,performance_concurrent_flow,10,2026-10-03T17:13:00.379Z,2026-10-03T17:13:00.629Z,2026-10-03T17:13:00.635Z,2026-10-03T17:13:00.640Z,2026-10-03T17:13:00.629Z,2026-10-03T17:13:00.683Z,2026-10-03T17:13:00.721Z,2026-10-03T17:13:00.758Z,2026-10-03T17:13:00.772Z,2026-10-03T17:13:00.909Z,2026-10-03T17:13:00.772Z,2026-10-03T17:13:00.941Z,2026-10-03T17:13:00.992Z,2026-10-03T17:13:01.047Z,2026-10-03T17:13:01.103Z,2026-10-03T17:13:01.179Z,2026-10-03T17:13:01.179Z,2026-10-03T17:13:01.220Z,null,250,11,37,169,null,41,873.9110000000001,253.0739999999987,14.233899999999267,8.70259999999871,64.73360000000139,158.61050000000068,17.118800000000192,59.042199999999866,96.65869999999995,15.082099999999627,116.41209999999955,62.14940000000024,null,null,null,null,null,null
cmusnhhx400sdogbk29glq7tl,image-to-video,performance_concurrent_flow,10,2026-10-03T17:13:00.379Z,2026-10-03T17:13:00.684Z,2026-10-03T17:13:00.691Z,2026-10-03T17:13:00.697Z,2026-10-03T17:13:00.684Z,2026-10-03T17:13:00.745Z,2026-10-03T17:13:00.820Z,2026-10-03T17:13:00.866Z,2026-10-03T17:13:00.882Z,2026-10-03T17:13:01.018Z,2026-10-03T17:13:00.882Z,2026-10-03T17:13:01.042Z,2026-10-03T17:13:01.092Z,2026-10-03T17:13:01.147Z,2026-10-03T17:13:01.196Z,2026-10-03T17:13:01.255Z,2026-10-03T17:13:01.255Z,2026-10-03T17:13:01.282Z,null,305,13,46,160,null,27,927.0144,308.3248000000003,10.65099999999984,10.821899999999005,104.1939999999995,174.6169000000009,13.487100000000282,53.52859999999964,90.85510000000068,8.947299999999814,97.14060000000063,44.55749999999898,null,null,null,null,null,null
cmusnhhyk00slogbkudvenrme,image-to-video,performance_concurrent_flow,10,2026-10-03T17:13:00.379Z,2026-10-03T17:13:00.740Z,2026-10-03T17:13:00.746Z,2026-10-03T17:13:00.757Z,2026-10-03T17:13:00.740Z,2026-10-03T17:13:00.809Z,2026-10-03T17:13:00.887Z,2026-10-03T17:13:00.932Z,2026-10-03T17:13:00.948Z,2026-10-03T17:13:01.075Z,2026-10-03T17:13:00.948Z,2026-10-03T17:13:01.099Z,2026-10-03T17:13:01.141Z,2026-10-03T17:13:01.194Z,2026-10-03T17:13:01.230Z,2026-10-03T17:13:01.283Z,2026-10-03T17:13:01.283Z,2026-10-03T17:13:01.305Z,null,361,17,45,151,null,22,948.6625000000004,363.95969999999943,11.767099999999118,11.791699999999764,111.35319999999956,159.9411999999993,17.40139999999883,51.623600000000806,82.53980000000047,8.232699999998658,78.08220000000074,37.812300000001414,null,null,null,null,null,null
cmusnhi0200sxogbkvj0yb7nz,text-to-video,performance_concurrent_flow,10,2026-10-03T17:13:00.379Z,2026-10-03T17:13:00.792Z,2026-10-03T17:13:00.800Z,2026-10-03T17:13:00.807Z,2026-10-03T17:13:00.792Z,2026-10-03T17:13:00.866Z,2026-10-03T17:13:00.912Z,2026-10-03T17:13:00.954Z,2026-10-03T17:13:00.969Z,2026-10-03T17:13:01.114Z,2026-10-03T17:13:00.969Z,2026-10-03T17:13:01.135Z,2026-10-03T17:13:01.174Z,2026-10-03T17:13:01.221Z,2026-10-03T17:13:01.255Z,2026-10-03T17:13:01.301Z,2026-10-03T17:13:01.301Z,2026-10-03T17:13:01.321Z,null,413,15,42,166,null,20,964.911900000001,417.10459999999875,12.149400000000242,13.586800000000949,83.61540000000059,172.32569999999942,16.25120000000061,43.0586000000003,79.125,11.73869999999988,66.80869999999959,38.25799999999981,null,null,null,null,null,null
cmusnhim200vgogbkfyprl07f,image-to-video,performance_concurrent_flow,10,2026-10-03T17:13:01.541Z,2026-10-03T17:13:01.573Z,2026-10-03T17:13:01.579Z,2026-10-03T17:13:01.584Z,2026-10-03T17:13:01.573Z,2026-10-03T17:13:01.608Z,2026-10-03T17:13:01.649Z,2026-10-03T17:13:01.669Z,2026-10-03T17:13:01.684Z,2026-10-03T17:13:01.767Z,2026-10-03T17:13:01.684Z,2026-10-03T17:13:01.786Z,2026-10-03T17:13:01.839Z,2026-10-03T17:13:01.899Z,2026-10-03T17:13:01.952Z,2026-10-03T17:13:02.037Z,2026-10-03T17:13:02.037Z,2026-10-03T17:13:02.080Z,null,32,11,20,102,null,43,588.128999999999,35.178499999999985,5.365700000000288,4.878999999998996,58.301799999999275,96.1323999999986,13.952299999999013,36.705400000000736,109.78980000000047,12.398999999999432,124.30459999999948,83.49059999999918,null,null,null,null,null,null
cmusnhims00vlogbk6lonqcve,text-to-video,performance_concurrent_flow,10,2026-10-03T17:13:01.541Z,2026-10-03T17:13:01.601Z,2026-10-03T17:13:01.606Z,2026-10-03T17:13:01.610Z,2026-10-03T17:13:01.601Z,2026-10-03T17:13:01.637Z,2026-10-03T17:13:01.664Z,2026-10-03T17:13:01.683Z,2026-10-03T17:13:01.697Z,2026-10-03T17:13:01.778Z,2026-10-03T17:13:01.697Z,2026-10-03T17:13:01.798Z,2026-10-03T17:13:01.852Z,2026-10-03T17:13:01.910Z,2026-10-03T17:13:01.958Z,2026-10-03T17:13:02.045Z,2026-10-03T17:13:02.045Z,2026-10-03T17:13:02.089Z,null,60,9,19,101,null,44,598.0054999999993,63.00890000000072,5.469999999999345,10.152799999999843,40.242700000000696,99.4484999999986,8.766499999999724,45.24129999999968,98.98990000000049,12.333700000001045,121.79819999999927,86.3172999999988,null,null,null,null,null,null
cmusnhinl00vpogbkmn2iqgvu,text-to-video,performance_concurrent_flow,10,2026-10-03T17:13:01.541Z,2026-10-03T17:13:01.630Z,2026-10-03T17:13:01.634Z,2026-10-03T17:13:01.638Z,2026-10-03T17:13:01.630Z,2026-10-03T17:13:01.668Z,2026-10-03T17:13:01.695Z,2026-10-03T17:13:01.715Z,2026-10-03T17:13:01.729Z,2026-10-03T17:13:01.832Z,2026-10-03T17:13:01.729Z,2026-10-03T17:13:01.855Z,2026-10-03T17:13:01.905Z,2026-10-03T17:13:01.960Z,2026-10-03T17:13:02.011Z,2026-10-03T17:13:02.096Z,2026-10-03T17:13:02.096Z,2026-10-03T17:13:02.143Z,null,89,8,20,126,null,47,658.9206000000013,91.01989999999932,10.046500000000378,7.660900000000765,42.49749999999949,114.59519999999975,14.039300000000367,49.03780000000006,92.63060000000041,11.436499999999796,124.34319999999934,95.66289999999935,null,null,null,null,null,null
cmusnhiol00vtogbk9eci4fkf,image-to-video,performance_concurrent_flow,10,2026-10-03T17:13:01.541Z,2026-10-03T17:13:01.664Z,2026-10-03T17:13:01.670Z,2026-10-03T17:13:01.675Z,2026-10-03T17:13:01.664Z,2026-10-03T17:13:01.701Z,2026-10-03T17:13:01.742Z,2026-10-03T17:13:01.771Z,2026-10-03T17:13:01.785Z,2026-10-03T17:13:01.915Z,2026-10-03T17:13:01.785Z,2026-10-03T17:13:01.940Z,2026-10-03T17:13:01.985Z,2026-10-03T17:13:02.047Z,2026-10-03T17:13:02.095Z,2026-10-03T17:13:02.190Z,2026-10-03T17:13:02.190Z,2026-10-03T17:13:02.235Z,null,123,11,29,155,null,45,732.6072999999997,125.70600000000013,5.811999999999898,7.916699999999764,57.06960000000072,150.27900000000045,12.021699999999328,48.5658999999996,98.87229999999909,11.686100000000806,130.9349999999995,75.45989999999983,null,null,null,null,null,null
cmusnhipg00w0ogbkbexgaea2,text-to-video,performance_concurrent_flow,10,2026-10-03T17:13:01.541Z,2026-10-03T17:13:01.694Z,2026-10-03T17:13:01.699Z,2026-10-03T17:13:01.703Z,2026-10-03T17:13:01.694Z,2026-10-03T17:13:01.734Z,2026-10-03T17:13:01.772Z,2026-10-03T17:13:01.798Z,2026-10-03T17:13:01.814Z,2026-10-03T17:13:01.942Z,2026-10-03T17:13:01.814Z,2026-10-03T17:13:01.968Z,2026-10-03T17:13:02.020Z,2026-10-03T17:13:02.073Z,2026-10-03T17:13:02.123Z,2026-10-03T17:13:02.223Z,2026-10-03T17:13:02.223Z,2026-10-03T17:13:02.261Z,null,153,9,26,154,null,38,759.9989999999998,155.1918999999998,6.628600000000006,8.55029999999897,57.009399999999005,149.19920000000093,11.140600000000632,50.11999999999898,96.11540000000059,14.800400000000081,133.84870000000046,70.52570000000014,null,null,null,null,null,null
cmusnhiq700w5ogbkc6sdh9nb,text-to-video,performance_concurrent_flow,10,2026-10-03T17:13:01.541Z,2026-10-03T17:13:01.723Z,2026-10-03T17:13:01.730Z,2026-10-03T17:13:01.735Z,2026-10-03T17:13:01.723Z,2026-10-03T17:13:01.774Z,2026-10-03T17:13:01.811Z,2026-10-03T17:13:01.845Z,2026-10-03T17:13:01.862Z,2026-10-03T17:13:01.988Z,2026-10-03T17:13:01.862Z,2026-10-03T17:13:02.017Z,2026-10-03T17:13:02.062Z,2026-10-03T17:13:02.116Z,2026-10-03T17:13:02.175Z,2026-10-03T17:13:02.255Z,2026-10-03T17:13:02.255Z,2026-10-03T17:13:02.294Z,null,182,12,34,155,null,39,791.3454999999994,185.77319999999963,8.122699999999895,12.864800000001196,58.91949999999997,155.6178,10.932600000000093,52.228399999999965,91.34200000000055,14.639100000000326,122.9375,69.63450000000012,null,null,null,null,null,null
cmusnhir900wbogbku4glcvl7,image-to-video,performance_concurrent_flow,10,2026-10-03T17:13:01.541Z,2026-10-03T17:13:01.770Z,2026-10-03T17:13:01.776Z,2026-10-03T17:13:01.784Z,2026-10-03T17:13:01.770Z,2026-10-03T17:13:01.831Z,2026-10-03T17:13:01.904Z,2026-10-03T17:13:01.940Z,2026-10-03T17:13:01.955Z,2026-10-03T17:13:02.092Z,2026-10-03T17:13:01.955Z,2026-10-03T17:13:02.118Z,2026-10-03T17:13:02.174Z,2026-10-03T17:13:02.228Z,2026-10-03T17:13:02.271Z,2026-10-03T17:13:02.343Z,2026-10-03T17:13:02.343Z,2026-10-03T17:13:02.377Z,null,229,14,36,163,null,34,860.8948,232.65179999999964,9.47479999999996,12.1924999999992,103.65539999999964,164.65449999999873,11.612900000000081,51.8804999999993,100.78769999999895,9.818299999998999,100.89710000000014,53.0656999999992,null,null,null,null,null,null
cmusnhisl00wjogbkvt7hxin5,text-to-video,performance_concurrent_flow,10,2026-10-03T17:13:01.541Z,2026-10-03T17:13:01.824Z,2026-10-03T17:13:01.836Z,2026-10-03T17:13:01.844Z,2026-10-03T17:13:01.824Z,2026-10-03T17:13:01.895Z,2026-10-03T17:13:01.943Z,2026-10-03T17:13:01.977Z,2026-10-03T17:13:01.991Z,2026-10-03T17:13:02.131Z,2026-10-03T17:13:01.991Z,2026-10-03T17:13:02.162Z,2026-10-03T17:13:02.213Z,2026-10-03T17:13:02.261Z,2026-10-03T17:13:02.304Z,2026-10-03T17:13:02.373Z,2026-10-03T17:13:02.373Z,2026-10-03T17:13:02.399Z,null,283,20,34,171,null,26,882.0776000000005,287.28269999999975,10.815199999999095,17.200000000000728,76.11070000000109,164.4369999999999,12.440099999999802,57.08890000000065,88.07070000000022,13.663699999999153,95.86620000000039,43.899499999999534,null,null,null,null,null,null
cmusnhiub00wtogbkjruw38a1,image-to-video,performance_concurrent_flow,10,2026-10-03T17:13:01.541Z,2026-10-03T17:13:01.887Z,2026-10-03T17:13:01.895Z,2026-10-03T17:13:01.901Z,2026-10-03T17:13:01.887Z,2026-10-03T17:13:01.950Z,2026-10-03T17:13:02.026Z,2026-10-03T17:13:02.061Z,2026-10-03T17:13:02.075Z,2026-10-03T17:13:02.212Z,2026-10-03T17:13:02.075Z,2026-10-03T17:13:02.237Z,2026-10-03T17:13:02.276Z,2026-10-03T17:13:02.325Z,2026-10-03T17:13:02.360Z,2026-10-03T17:13:02.412Z,2026-10-03T17:13:02.412Z,2026-10-03T17:13:02.437Z,null,346,14,35,162,null,25,918.9903000000013,349.3729999999996,12.131200000001627,12.929400000000896,104.8747000000003,164.02740000000085,11.83849999999984,44.78089999999975,79.3101999999999,8.568899999998393,78.8719000000001,41.895300000000134,null,null,null,null,null,null
cmusnhiw200x2ogbkcdd5ccw3,image-to-video,performance_concurrent_flow,10,2026-10-03T17:13:01.541Z,2026-10-03T17:13:01.945Z,2026-10-03T17:13:01.953Z,2026-10-03T17:13:01.959Z,2026-10-03T17:13:01.945Z,2026-10-03T17:13:02.009Z,2026-10-03T17:13:02.077Z,2026-10-03T17:13:02.113Z,2026-10-03T17:13:02.129Z,2026-10-03T17:13:02.256Z,2026-10-03T17:13:02.129Z,2026-10-03T17:13:02.281Z,2026-10-03T17:13:02.324Z,2026-10-03T17:13:02.367Z,2026-10-03T17:13:02.395Z,2026-10-03T17:13:02.441Z,2026-10-03T17:13:02.441Z,2026-10-03T17:13:02.468Z,null,404,14,36,152,null,27,947.9519999999993,407.3606,12.079499999999825,10.60149999999885,99.50900000000001,161.2568999999985,8.906599999998434,46.225500000000466,75.8802999999989,7.3267999999989115,68.16300000000047,39.929800000001705,null,null,null,null,null,null
cmusnhji000zoogbka6l6oklr,image-to-video,performance_concurrent_flow,10,2026-10-03T17:13:02.693Z,2026-10-03T17:13:02.722Z,2026-10-03T17:13:02.726Z,2026-10-03T17:13:02.730Z,2026-10-03T17:13:02.722Z,2026-10-03T17:13:02.755Z,2026-10-03T17:13:02.791Z,2026-10-03T17:13:02.809Z,2026-10-03T17:13:02.822Z,2026-10-03T17:13:02.903Z,2026-10-03T17:13:02.822Z,2026-10-03T17:13:02.925Z,2026-10-03T17:13:02.964Z,2026-10-03T17:13:03.022Z,2026-10-03T17:13:03.070Z,2026-10-03T17:13:03.162Z,2026-10-03T17:13:03.162Z,2026-10-03T17:13:03.213Z,null,29,8,18,103,null,51,568.5197999999982,30.904200000000856,5.725099999999657,5.301900000000387,52.033000000001266,98.10729999999967,7.538199999999051,40.086999999999534,92.64730000000054,9.468600000000151,131.0550000000003,89.29630000000179,null,null,null,null,null,null
cmusnhjiq00ztogbk10ck92y2,text-to-video,performance_concurrent_flow,10,2026-10-03T17:13:02.693Z,2026-10-03T17:13:02.747Z,2026-10-03T17:13:02.752Z,2026-10-03T17:13:02.756Z,2026-10-03T17:13:02.747Z,2026-10-03T17:13:02.783Z,2026-10-03T17:13:02.805Z,2026-10-03T17:13:02.824Z,2026-10-03T17:13:02.837Z,2026-10-03T17:13:02.929Z,2026-10-03T17:13:02.837Z,2026-10-03T17:13:02.951Z,2026-10-03T17:13:03.001Z,2026-10-03T17:13:03.056Z,2026-10-03T17:13:03.107Z,2026-10-03T17:13:03.201Z,2026-10-03T17:13:03.201Z,2026-10-03T17:13:03.249Z,null,54,9,19,114,null,48,606.0564000000013,56.25149999999849,5.978699999999662,9.542900000000373,35.715000000000146,104.20869999999923,12.576900000000023,41.84830000000147,99.31370000000061,13.730900000000474,132.6275000000005,87.35769999999684,null,null,null,null,null,null
cmusnhjjp00zxogbkhomb94nq,image-to-video,performance_concurrent_flow,10,2026-10-03T17:13:02.693Z,2026-10-03T17:13:02.784Z,2026-10-03T17:13:02.789Z,2026-10-03T17:13:02.793Z,2026-10-03T17:13:02.784Z,2026-10-03T17:13:02.820Z,2026-10-03T17:13:02.867Z,2026-10-03T17:13:02.892Z,2026-10-03T17:13:02.906Z,2026-10-03T17:13:03.017Z,2026-10-03T17:13:02.906Z,2026-10-03T17:13:03.040Z,2026-10-03T17:13:03.094Z,2026-10-03T17:13:03.153Z,2026-10-03T17:13:03.208Z,2026-10-03T17:13:03.303Z,2026-10-03T17:13:03.303Z,2026-10-03T17:13:03.355Z,null,91,9,25,134,null,52,706.5936999999994,94.05289999999877,8.217199999999139,6.66150000000016,63.40169999999853,129.5691999999999,11.868399999999383,48.09139999999934,102.29759999999806,14.912199999998847,134.51120000000083,87.33710000000065,null,null,null,null,null,null
cmusnhjkh0102ogbkm1mrv4ms,text-to-video,performance_concurrent_flow,10,2026-10-03T17:13:02.693Z,2026-10-03T17:13:02.812Z,2026-10-03T17:13:02.816Z,2026-10-03T17:13:02.820Z,2026-10-03T17:13:02.812Z,2026-10-03T17:13:02.858Z,2026-10-03T17:13:02.893Z,2026-10-03T17:13:02.919Z,2026-10-03T17:13:02.932Z,2026-10-03T17:13:03.049Z,2026-10-03T17:13:02.932Z,2026-10-03T17:13:03.077Z,2026-10-03T17:13:03.126Z,2026-10-03T17:13:03.188Z,2026-10-03T17:13:03.242Z,2026-10-03T17:13:03.337Z,2026-10-03T17:13:03.337Z,2026-10-03T17:13:03.382Z,null,119,8,26,145,null,45,729.8373999999985,121.36520000000019,10.232299999999668,6.51969999999892,59.556399999999485,136.87059999999838,9.67410000000018,52.091700000000856,102.66610000000219,14.047799999996641,134.09460000000036,77.15190000000075,null,null,null,null,null,null
cmusnhjl90108ogbkoyf628ut,text-to-video,performance_concurrent_flow,10,2026-10-03T17:13:02.693Z,2026-10-03T17:13:02.842Z,2026-10-03T17:13:02.848Z,2026-10-03T17:13:02.854Z,2026-10-03T17:13:02.842Z,2026-10-03T17:13:02.891Z,2026-10-03T17:13:02.925Z,2026-10-03T17:13:02.956Z,2026-10-03T17:13:02.969Z,2026-10-03T17:13:03.110Z,2026-10-03T17:13:02.969Z,2026-10-03T17:13:03.138Z,2026-10-03T17:13:03.192Z,2026-10-03T17:13:03.248Z,2026-10-03T17:13:03.301Z,2026-10-03T17:13:03.396Z,2026-10-03T17:13:03.396Z,2026-10-03T17:13:03.433Z,null,149,12,31,169,null,37,779.2968000000019,152.11160000000018,10.154200000000856,10.563000000000102,55.58890000000065,161.4397000000008,11.808999999997468,53.041300000000774,100.05919999999969,14.564699999998993,132.564699999999,68.81789999999819,null,null,null,null,null,null
cmusnhjm8010eogbkvwc92poq,text-to-video,performance_concurrent_flow,10,2026-10-03T17:13:02.693Z,2026-10-03T17:13:02.881Z,2026-10-03T17:13:02.886Z,2026-10-03T17:13:02.890Z,2026-10-03T17:13:02.881Z,2026-10-03T17:13:02.926Z,2026-10-03T17:13:02.965Z,2026-10-03T17:13:03.005Z,2026-10-03T17:13:03.021Z,2026-10-03T17:13:03.147Z,2026-10-03T17:13:03.021Z,2026-10-03T17:13:03.176Z,2026-10-03T17:13:03.230Z,2026-10-03T17:13:03.286Z,2026-10-03T17:13:03.347Z,2026-10-03T17:13:03.424Z,2026-10-03T17:13:03.424Z,2026-10-03T17:13:03.466Z,null,188,9,40,155,null,42,816.9053000000004,190.3646000000008,7.554700000000594,9.185300000001007,63.43089999999938,157.02550000000156,13.760699999998906,53.6906999999992,100.7609999999986,15.098500000000058,120.91580000000249,78.23559999999998,null,null,null,null,null,null
cmusnhjnb010jogbk6p9k2whe,image-to-video,performance_concurrent_flow,10,2026-10-03T17:13:02.693Z,2026-10-03T17:13:02.922Z,2026-10-03T17:13:02.928Z,2026-10-03T17:13:02.933Z,2026-10-03T17:13:02.922Z,2026-10-03T17:13:02.974Z,2026-10-03T17:13:03.045Z,2026-10-03T17:13:03.084Z,2026-10-03T17:13:03.099Z,2026-10-03T17:13:03.235Z,2026-10-03T17:13:03.099Z,2026-10-03T17:13:03.260Z,2026-10-03T17:13:03.313Z,2026-10-03T17:13:03.376Z,2026-10-03T17:13:03.417Z,2026-10-03T17:13:03.490Z,2026-10-03T17:13:03.490Z,2026-10-03T17:13:03.526Z,null,229,11,39,161,null,36,860.1746999999996,232.52559999999903,10.48240000000078,8.858899999999267,98.31910000000062,164.8107,13.482599999999366,49.27049999999872,105.71500000000015,9.426500000001397,104.97650000000067,54.57510000000184,null,null,null,null,null,null
cmusnhjoo010qogbkp9qy64ff,image-to-video,performance_concurrent_flow,10,2026-10-03T17:13:02.693Z,2026-10-03T17:13:02.971Z,2026-10-03T17:13:02.986Z,2026-10-03T17:13:02.990Z,2026-10-03T17:13:02.971Z,2026-10-03T17:13:03.038Z,2026-10-03T17:13:03.111Z,2026-10-03T17:13:03.150Z,2026-10-03T17:13:03.165Z,2026-10-03T17:13:03.293Z,2026-10-03T17:13:03.165Z,2026-10-03T17:13:03.322Z,2026-10-03T17:13:03.377Z,2026-10-03T17:13:03.428Z,2026-10-03T17:13:03.469Z,2026-10-03T17:13:03.535Z,2026-10-03T17:13:03.535Z,2026-10-03T17:13:03.563Z,null,278,19,39,157,null,28,897.9797999999992,283.84900000000016,13.611199999999371,10.758099999999104,100.75960000000123,158.22699999999895,11.33390000000145,59.341700000000856,90.7416000000012,11.253300000000309,94.65260000000126,50.09990000000107,null,null,null,null,null,null
cmusnhjqc0113ogbk9rbvht7z,image-to-video,performance_concurrent_flow,10,2026-10-03T17:13:02.693Z,2026-10-03T17:13:03.032Z,2026-10-03T17:13:03.039Z,2026-10-03T17:13:03.046Z,2026-10-03T17:13:03.032Z,2026-10-03T17:13:03.098Z,2026-10-03T17:13:03.177Z,2026-10-03T17:13:03.214Z,2026-10-03T17:13:03.232Z,2026-10-03T17:13:03.366Z,2026-10-03T17:13:03.232Z,2026-10-03T17:13:03.390Z,2026-10-03T17:13:03.430Z,2026-10-03T17:13:03.478Z,2026-10-03T17:13:03.519Z,2026-10-03T17:13:03.571Z,2026-10-03T17:13:03.571Z,2026-10-03T17:13:03.599Z,null,339,14,37,158,null,28,930.5118000000002,342.6890000000003,13.162400000001071,12.91990000000078,110.40880000000107,162.18829999999798,13.855199999998149,47.56260000000111,80.68930000000182,10.392899999998917,82.93860000000132,43.356299999999464,null,null,null,null,null,null
cmusnhjrq011aogbkmbnq29lh,text-to-video,performance_concurrent_flow,10,2026-10-03T17:13:02.693Z,2026-10-03T17:13:03.085Z,2026-10-03T17:13:03.092Z,2026-10-03T17:13:03.098Z,2026-10-03T17:13:03.085Z,2026-10-03T17:13:03.151Z,2026-10-03T17:13:03.203Z,2026-10-03T17:13:03.242Z,2026-10-03T17:13:03.256Z,2026-10-03T17:13:03.392Z,2026-10-03T17:13:03.256Z,2026-10-03T17:13:03.414Z,2026-10-03T17:13:03.455Z,2026-10-03T17:13:03.501Z,2026-10-03T17:13:03.537Z,2026-10-03T17:13:03.588Z,2026-10-03T17:13:03.588Z,2026-10-03T17:13:03.611Z,null,392,13,39,158,null,23,941.5659000000014,395.7001999999993,11.479200000001583,12.972300000001269,85.84770000000208,167.85989999999947,11.599500000000262,42.32809999999881,78.96199999999953,11.134900000000926,73.97260000000097,40.96779999999853,null,null,null,null,null,null
cmusnhkdx013vogbk2s6659yl,image-to-video,performance_concurrent_flow,10,2026-10-03T17:13:03.843Z,2026-10-03T17:13:03.870Z,2026-10-03T17:13:03.877Z,2026-10-03T17:13:03.880Z,2026-10-03T17:13:03.870Z,2026-10-03T17:13:03.908Z,2026-10-03T17:13:03.943Z,2026-10-03T17:13:03.967Z,2026-10-03T17:13:03.981Z,2026-10-03T17:13:04.085Z,2026-10-03T17:13:03.981Z,2026-10-03T17:13:04.105Z,2026-10-03T17:13:04.150Z,2026-10-03T17:13:04.206Z,2026-10-03T17:13:04.257Z,2026-10-03T17:13:04.354Z,2026-10-03T17:13:04.354Z,2026-10-03T17:13:04.406Z,null,27,10,24,124,null,52,612.090400000001,32.49069999999847,11.303500000001804,5.016400000000431,49.39570000000094,126.05409999999756,8.193999999999505,43.6836000000003,90.92829999999958,11.387599999998201,136.54000000000087,92.09410000000207,null,null,null,null,null,null
cmusnhkep0140ogbkcv2fgnuz,image-to-video,performance_concurrent_flow,10,2026-10-03T17:13:03.843Z,2026-10-03T17:13:03.899Z,2026-10-03T17:13:03.909Z,2026-10-03T17:13:03.912Z,2026-10-03T17:13:03.899Z,2026-10-03T17:13:03.940Z,2026-10-03T17:13:03.978Z,2026-10-03T17:13:04.009Z,2026-10-03T17:13:04.024Z,2026-10-03T17:13:04.119Z,2026-10-03T17:13:04.024Z,2026-10-03T17:13:04.141Z,2026-10-03T17:13:04.188Z,2026-10-03T17:13:04.242Z,2026-10-03T17:13:04.304Z,2026-10-03T17:13:04.391Z,2026-10-03T17:13:04.391Z,2026-10-03T17:13:04.444Z,null,56,13,31,117,null,53,661.6829999999973,64.34890000000087,11.314800000000105,5.402999999998428,55.379399999997986,116.76459999999861,10.182699999997567,46.365200000000186,95.81560000000172,15.995500000000902,131.00920000000042,104.27109999999811,null,null,null,null,null,null
cmusnhkfl0145ogbkq024cxlt,text-to-video,performance_concurrent_flow,10,2026-10-03T17:13:03.843Z,2026-10-03T17:13:03.930Z,2026-10-03T17:13:03.938Z,2026-10-03T17:13:03.944Z,2026-10-03T17:13:03.930Z,2026-10-03T17:13:03.981Z,2026-10-03T17:13:04.017Z,2026-10-03T17:13:04.044Z,2026-10-03T17:13:04.058Z,2026-10-03T17:13:04.155Z,2026-10-03T17:13:04.058Z,2026-10-03T17:13:04.179Z,2026-10-03T17:13:04.230Z,2026-10-03T17:13:04.299Z,2026-10-03T17:13:04.349Z,2026-10-03T17:13:04.441Z,2026-10-03T17:13:04.441Z,2026-10-03T17:13:04.494Z,null,87,14,27,121,null,53,708.4094000000005,94.15910000000076,10.69419999999809,13.148000000001048,53.058499999999185,119.41579999999885,10.297300000001997,50.225900000001275,107.54210000000239,12.125800000001618,129.69250000000102,101.21600000000035,null,null,null,null,null,null
cmusnhkgf0149ogbkc3zp0qh7,image-to-video,performance_concurrent_flow,10,2026-10-03T17:13:03.843Z,2026-10-03T17:13:03.971Z,2026-10-03T17:13:03.975Z,2026-10-03T17:13:03.985Z,2026-10-03T17:13:03.971Z,2026-10-03T17:13:04.029Z,2026-10-03T17:13:04.079Z,2026-10-03T17:13:04.106Z,2026-10-03T17:13:04.121Z,2026-10-03T17:13:04.232Z,2026-10-03T17:13:04.121Z,2026-10-03T17:13:04.260Z,2026-10-03T17:13:04.315Z,2026-10-03T17:13:04.367Z,2026-10-03T17:13:04.422Z,2026-10-03T17:13:04.520Z,2026-10-03T17:13:04.520Z,2026-10-03T17:13:04.573Z,null,128,14,27,139,null,53,779.329899999997,130.56010000000242,17.605499999997846,11.400099999998929,68.96770000000106,133.23559999999998,10.565599999998085,59.69220000000132,91.1913999999997,13.509799999999814,142.42959999999948,88.48229999999967,null,null,null,null,null,null
cmusnhkhf014fogbkxszzfjyt,text-to-video,performance_concurrent_flow,10,2026-10-03T17:13:03.843Z,2026-10-03T17:13:04.004Z,2026-10-03T17:13:04.016Z,2026-10-03T17:13:04.020Z,2026-10-03T17:13:04.004Z,2026-10-03T17:13:04.063Z,2026-10-03T17:13:04.099Z,2026-10-03T17:13:04.134Z,2026-10-03T17:13:04.148Z,2026-10-03T17:13:04.278Z,2026-10-03T17:13:04.148Z,2026-10-03T17:13:04.306Z,2026-10-03T17:13:04.351Z,2026-10-03T17:13:04.412Z,2026-10-03T17:13:04.469Z,2026-10-03T17:13:04.571Z,2026-10-03T17:13:04.571Z,2026-10-03T17:13:04.621Z,null,161,16,35,158,null,50,825.4328999999998,170.58530000000246,14.440899999997782,9.040099999998347,60.19710000000123,150.34860000000117,15.290600000000268,52.358100000001286,98.55270000000019,13.807300000000396,153.09449999999924,81.0067999999992,null,null,null,null,null,null
cmusnhkis014logbkc5nu228h,image-to-video,performance_concurrent_flow,10,2026-10-03T17:13:03.843Z,2026-10-03T17:13:04.054Z,2026-10-03T17:13:04.059Z,2026-10-03T17:13:04.064Z,2026-10-03T17:13:04.054Z,2026-10-03T17:13:04.102Z,2026-10-03T17:13:04.165Z,2026-10-03T17:13:04.201Z,2026-10-03T17:13:04.215Z,2026-10-03T17:13:04.344Z,2026-10-03T17:13:04.215Z,2026-10-03T17:13:04.370Z,2026-10-03T17:13:04.421Z,2026-10-03T17:13:04.488Z,2026-10-03T17:13:04.545Z,2026-10-03T17:13:04.635Z,2026-10-03T17:13:04.635Z,2026-10-03T17:13:04.682Z,null,211,10,36,155,null,47,879.0813000000016,213.4933000000019,8.039800000002288,8.619299999998475,87.79009999999835,158.9233000000022,11.154599999998027,49.85870000000068,108.36009999999806,14.20929999999862,136.31400000000212,74.31139999999868,null,null,null,null,null,null
cmusnhkjv014togbk59lqmxgd,text-to-video,performance_concurrent_flow,10,2026-10-03T17:13:03.843Z,2026-10-03T17:13:04.091Z,2026-10-03T17:13:04.097Z,2026-10-03T17:13:04.103Z,2026-10-03T17:13:04.091Z,2026-10-03T17:13:04.146Z,2026-10-03T17:13:04.193Z,2026-10-03T17:13:04.227Z,2026-10-03T17:13:04.242Z,2026-10-03T17:13:04.374Z,2026-10-03T17:13:04.242Z,2026-10-03T17:13:04.403Z,2026-10-03T17:13:04.454Z,2026-10-03T17:13:04.520Z,2026-10-03T17:13:04.575Z,2026-10-03T17:13:04.667Z,2026-10-03T17:13:04.667Z,2026-10-03T17:13:04.710Z,null,248,12,34,161,null,43,903.1679999999978,251.8788999999997,12.715799999998126,10.068699999999808,71.49059999999736,157.83829999999944,13.176400000000285,54.52090000000317,110.3161,11.85740000000078,132.94710000000123,67.70560000000114,null,null,null,null,null,null
cmusnhkl2014zogbkl9fx9e0x,text-to-video,performance_concurrent_flow,10,2026-10-03T17:13:03.843Z,2026-10-03T17:13:04.135Z,2026-10-03T17:13:04.142Z,2026-10-03T17:13:04.147Z,2026-10-03T17:13:04.135Z,2026-10-03T17:13:04.196Z,2026-10-03T17:13:04.242Z,2026-10-03T17:13:04.287Z,2026-10-03T17:13:04.305Z,2026-10-03T17:13:04.437Z,2026-10-03T17:13:04.305Z,2026-10-03T17:13:04.466Z,2026-10-03T17:13:04.526Z,2026-10-03T17:13:04.593Z,2026-10-03T17:13:04.636Z,2026-10-03T17:13:04.719Z,2026-10-03T17:13:04.719Z,2026-10-03T17:13:04.755Z,null,292,12,45,161,null,36,943.7079999999987,296.5162999999993,10.843199999999342,9.528199999997014,78.86839999999938,169.06139999999868,13.731400000000576,60.53240000000005,114.06960000000254,10.126000000000204,112.5502000000015,59.95150000000285,null,null,null,null,null,null
cmusnhkme0157ogbk3up5lt2w,text-to-video,performance_concurrent_flow,10,2026-10-03T17:13:03.843Z,2026-10-03T17:13:04.187Z,2026-10-03T17:13:04.197Z,2026-10-03T17:13:04.205Z,2026-10-03T17:13:04.187Z,2026-10-03T17:13:04.255Z,2026-10-03T17:13:04.311Z,2026-10-03T17:13:04.347Z,2026-10-03T17:13:04.362Z,2026-10-03T17:13:04.502Z,2026-10-03T17:13:04.362Z,2026-10-03T17:13:04.533Z,2026-10-03T17:13:04.590Z,2026-10-03T17:13:04.645Z,2026-10-03T17:13:04.690Z,2026-10-03T17:13:04.758Z,2026-10-03T17:13:04.758Z,2026-10-03T17:13:04.787Z,null,344,18,36,171,null,29,972.0102999999981,350.380000000001,11.678799999997864,11.713499999998021,87.03949999999895,165.48500000000058,15.204600000000937,56.016600000002654,100.25920000000042,12.75170000000071,100.77460000000065,48.7426000000014,null,null,null,null,null,null
cmusnhknz015gogbkgeoml28w,image-to-video,performance_concurrent_flow,10,2026-10-03T17:13:03.843Z,2026-10-03T17:13:04.245Z,2026-10-03T17:13:04.256Z,2026-10-03T17:13:04.264Z,2026-10-03T17:13:04.246Z,2026-10-03T17:13:04.319Z,2026-10-03T17:13:04.393Z,2026-10-03T17:13:04.438Z,2026-10-03T17:13:04.453Z,2026-10-03T17:13:04.606Z,2026-10-03T17:13:04.453Z,2026-10-03T17:13:04.627Z,2026-10-03T17:13:04.673Z,2026-10-03T17:13:04.723Z,2026-10-03T17:13:04.763Z,2026-10-03T17:13:04.814Z,2026-10-03T17:13:04.814Z,2026-10-03T17:13:04.841Z,null,402,19,45,174,null,27,1019.1762999999992,407.21860000000015,19.061399999998685,12.386300000001938,104.80439999999726,186.4155000000028,13.459200000001147,45.807199999999284,85.72750000000087,9.152899999997317,78.3836999999985,42.480100000000675,null,null,null,null,null,null
cmusnhlca0182ogbk2q2orl51,image-to-video,performance_concurrent_flow,10,2026-10-03T17:13:05.079Z,2026-10-03T17:13:05.110Z,2026-10-03T17:13:05.114Z,2026-10-03T17:13:05.117Z,2026-10-03T17:13:05.110Z,2026-10-03T17:13:05.139Z,2026-10-03T17:13:05.175Z,2026-10-03T17:13:05.194Z,2026-10-03T17:13:05.207Z,2026-10-03T17:13:05.287Z,2026-10-03T17:13:05.207Z,2026-10-03T17:13:05.306Z,2026-10-03T17:13:05.344Z,2026-10-03T17:13:05.398Z,2026-10-03T17:13:05.455Z,2026-10-03T17:13:05.539Z,2026-10-03T17:13:05.539Z,2026-10-03T17:13:05.588Z,null,31,7,19,99,null,49,557.6404999999977,32.690999999998894,5.49040000000241,7.169300000001385,48.852100000000064,89.62589999999909,9.033300000002782,43.09890000000087,86.08100000000195,21.042700000001787,122.4314000000013,87.56920000000173,null,null,null,null,null,null
cmusnhld00187ogbkorx7i6fx,text-to-video,performance_concurrent_flow,10,2026-10-03T17:13:05.079Z,2026-10-03T17:13:05.135Z,2026-10-03T17:13:05.140Z,2026-10-03T17:13:05.144Z,2026-10-03T17:13:05.135Z,2026-10-03T17:13:05.167Z,2026-10-03T17:13:05.192Z,2026-10-03T17:13:05.213Z,2026-10-03T17:13:05.227Z,2026-10-03T17:13:05.312Z,2026-10-03T17:13:05.227Z,2026-10-03T17:13:05.332Z,2026-10-03T17:13:05.375Z,2026-10-03T17:13:05.437Z,2026-10-03T17:13:05.492Z,2026-10-03T17:13:05.577Z,2026-10-03T17:13:05.577Z,2026-10-03T17:13:05.625Z,null,56,9,21,105,null,48,594.363400000002,58.292999999997846,6.890699999999924,5.485399999997753,38.60440000000017,103.67280000000028,8.699599999999919,41.87169999999969,98.78219999999783,13.968899999999849,123.53399999999965,88.69129999999859,null,null,null,null,null,null
cmusnhldt018bogbkj50rhl7y,text-to-video,performance_concurrent_flow,10,2026-10-03T17:13:05.079Z,2026-10-03T17:13:05.164Z,2026-10-03T17:13:05.169Z,2026-10-03T17:13:05.172Z,2026-10-03T17:13:05.164Z,2026-10-03T17:13:05.199Z,2026-10-03T17:13:05.226Z,2026-10-03T17:13:05.248Z,2026-10-03T17:13:05.261Z,2026-10-03T17:13:05.360Z,2026-10-03T17:13:05.261Z,2026-10-03T17:13:05.383Z,2026-10-03T17:13:05.439Z,2026-10-03T17:13:05.499Z,2026-10-03T17:13:05.552Z,2026-10-03T17:13:05.644Z,2026-10-03T17:13:05.644Z,2026-10-03T17:13:05.693Z,null,85,8,22,122,null,49,658.8604999999989,87.43500000000131,6.175700000003417,7.2520000000004075,43.173900000001595,116.43089999999938,9.626500000002125,49.30069999999978,105.23509999999806,10.555000000000291,135.17229999999836,83.41129999999976,null,null,null,null,null,null
cmusnhlen018fogbkg1vmel9f,image-to-video,performance_concurrent_flow,10,2026-10-03T17:13:05.079Z,2026-10-03T17:13:05.195Z,2026-10-03T17:13:05.202Z,2026-10-03T17:13:05.206Z,2026-10-03T17:13:05.195Z,2026-10-03T17:13:05.233Z,2026-10-03T17:13:05.276Z,2026-10-03T17:13:05.307Z,2026-10-03T17:13:05.322Z,2026-10-03T17:13:05.449Z,2026-10-03T17:13:05.322Z,2026-10-03T17:13:05.477Z,2026-10-03T17:13:05.520Z,2026-10-03T17:13:05.578Z,2026-10-03T17:13:05.631Z,2026-10-03T17:13:05.719Z,2026-10-03T17:13:05.719Z,2026-10-03T17:13:05.761Z,null,116,11,31,155,null,42,722.5437999999995,118.12179999999717,6.290899999999965,7.286400000000867,61.68839999999909,148.07770000000164,11.324099999997998,51.6849000000002,94.1810000000005,13.45720000000074,127.78320000000167,74.15209999999934,null,null,null,null,null,null
cmusnhlfm018mogbk9t9rtmxv,image-to-video,performance_concurrent_flow,10,2026-10-03T17:13:05.079Z,2026-10-03T17:13:05.231Z,2026-10-03T17:13:05.235Z,2026-10-03T17:13:05.240Z,2026-10-03T17:13:05.231Z,2026-10-03T17:13:05.271Z,2026-10-03T17:13:05.331Z,2026-10-03T17:13:05.366Z,2026-10-03T17:13:05.380Z,2026-10-03T17:13:05.515Z,2026-10-03T17:13:05.380Z,2026-10-03T17:13:05.540Z,2026-10-03T17:13:05.587Z,2026-10-03T17:13:05.649Z,2026-10-03T17:13:05.700Z,2026-10-03T17:13:05.782Z,2026-10-03T17:13:05.782Z,2026-10-03T17:13:05.821Z,null,152,9,35,160,null,39,774.7495999999992,153.78669999999693,7.827000000001135,7.895699999997305,83.0157999999974,159.1790000000001,11.670099999999366,49.59600000000137,99.94180000000051,12.631600000000617,121.14960000000065,61.689800000000105,null,null,null,null,null,null
cmusnhlgi018uogbkcd5xic8b,text-to-video,performance_concurrent_flow,10,2026-10-03T17:13:05.079Z,2026-10-03T17:13:05.263Z,2026-10-03T17:13:05.268Z,2026-10-03T17:13:05.272Z,2026-10-03T17:13:05.263Z,2026-10-03T17:13:05.314Z,2026-10-03T17:13:05.353Z,2026-10-03T17:13:05.385Z,2026-10-03T17:13:05.404Z,2026-10-03T17:13:05.533Z,2026-10-03T17:13:05.404Z,2026-10-03T17:13:05.561Z,2026-10-03T17:13:05.605Z,2026-10-03T17:13:05.667Z,2026-10-03T17:13:05.718Z,2026-10-03T17:13:05.796Z,2026-10-03T17:13:05.796Z,2026-10-03T17:13:05.831Z,null,184,9,32,157,null,35,781.5341000000008,186.32760000000053,11.834199999997509,11.597200000000157,61.704399999998714,159.58260000000155,11.378899999999703,49.703300000001036,97.47919999999795,14.94800000000032,112.69680000000153,58.16870000000199,null,null,null,null,null,null
cmusnhlhp018zogbkgvzazlf5,image-to-video,performance_concurrent_flow,10,2026-10-03T17:13:05.079Z,2026-10-03T17:13:05.308Z,2026-10-03T17:13:05.314Z,2026-10-03T17:13:05.319Z,2026-10-03T17:13:05.308Z,2026-10-03T17:13:05.358Z,2026-10-03T17:13:05.436Z,2026-10-03T17:13:05.477Z,2026-10-03T17:13:05.491Z,2026-10-03T17:13:05.619Z,2026-10-03T17:13:05.491Z,2026-10-03T17:13:05.650Z,2026-10-03T17:13:05.699Z,2026-10-03T17:13:05.753Z,2026-10-03T17:13:05.798Z,2026-10-03T17:13:05.860Z,2026-10-03T17:13:05.860Z,2026-10-03T17:13:05.890Z,null,229,11,41,159,null,30,836.6089000000029,231.7609999999986,8.227899999998044,11.08179999999993,103.76619999999821,156.47160000000076,12.14140000000043,57.287200000002485,92.7403000000013,9.193799999997282,96.98559999999998,48.87479999999778,null,null,null,null,null,null
cmusnhliu0195ogbkv7i714gm,text-to-video,performance_concurrent_flow,10,2026-10-03T17:13:05.079Z,2026-10-03T17:13:05.352Z,2026-10-03T17:13:05.358Z,2026-10-03T17:13:05.365Z,2026-10-03T17:13:05.352Z,2026-10-03T17:13:05.422Z,2026-10-03T17:13:05.473Z,2026-10-03T17:13:05.505Z,2026-10-03T17:13:05.518Z,2026-10-03T17:13:05.646Z,2026-10-03T17:13:05.518Z,2026-10-03T17:13:05.672Z,2026-10-03T17:13:05.722Z,2026-10-03T17:13:05.772Z,2026-10-03T17:13:05.814Z,2026-10-03T17:13:05.876Z,2026-10-03T17:13:05.876Z,2026-10-03T17:13:05.905Z,null,273,13,32,154,null,29,850.5600000000013,275.4121000000014,9.984799999998359,11.437799999999697,90.6147000000019,148.85339999999997,11.97320000000036,53.382299999997485,92.04790000000139,10.181799999998475,89.8666000000012,46.709600000001956,null,null,null,null,null,null
cmusnhlk6019fogbkxhuzlqs6,image-to-video,performance_concurrent_flow,10,2026-10-03T17:13:05.079Z,2026-10-03T17:13:05.408Z,2026-10-03T17:13:05.426Z,2026-10-03T17:13:05.430Z,2026-10-03T17:13:05.408Z,2026-10-03T17:13:05.483Z,2026-10-03T17:13:05.550Z,2026-10-03T17:13:05.588Z,2026-10-03T17:13:05.604Z,2026-10-03T17:13:05.735Z,2026-10-03T17:13:05.604Z,2026-10-03T17:13:05.758Z,2026-10-03T17:13:05.801Z,2026-10-03T17:13:05.844Z,2026-10-03T17:13:05.878Z,2026-10-03T17:13:05.926Z,2026-10-03T17:13:05.926Z,2026-10-03T17:13:05.955Z,null,329,22,38,154,null,29,899.1154999999999,341.53989999999976,11.863600000000588,13.127799999998388,101.42709999999715,160.31670000000304,13.01589999999851,41.79449999999997,79.31259999999747,7.31499999999869,73.87090000000171,46.602600000001985,null,null,null,null,null,null
cmusnhlm0019nogbkyqcyzmb9,text-to-video,performance_concurrent_flow,10,2026-10-03T17:13:05.079Z,2026-10-03T17:13:05.473Z,2026-10-03T17:13:05.481Z,2026-10-03T17:13:05.485Z,2026-10-03T17:13:05.473Z,2026-10-03T17:13:05.530Z,2026-10-03T17:13:05.579Z,2026-10-03T17:13:05.612Z,2026-10-03T17:13:05.631Z,2026-10-03T17:13:05.756Z,2026-10-03T17:13:05.631Z,2026-10-03T17:13:05.777Z,2026-10-03T17:13:05.817Z,2026-10-03T17:13:05.857Z,2026-10-03T17:13:05.890Z,2026-10-03T17:13:05.937Z,2026-10-03T17:13:05.937Z,2026-10-03T17:13:05.964Z,null,394,12,33,146,null,27,907.591800000002,397.73019999999815,11.144899999999325,12.067500000001019,74.40409999999974,156.8099000000002,9.880799999998999,44.79579999999987,70.42929999999978,8.410899999998946,72.88620000000083,40.77469999999812,null,null,null,null,null,null
cmusnhm7801c8ogbkb23qiobc,text-to-video,performance_concurrent_flow,10,2026-10-03T17:13:06.196Z,2026-10-03T17:13:06.222Z,2026-10-03T17:13:06.226Z,2026-10-03T17:13:06.230Z,2026-10-03T17:13:06.222Z,2026-10-03T17:13:06.262Z,2026-10-03T17:13:06.287Z,2026-10-03T17:13:06.308Z,2026-10-03T17:13:06.320Z,2026-10-03T17:13:06.405Z,2026-10-03T17:13:06.320Z,2026-10-03T17:13:06.423Z,2026-10-03T17:13:06.457Z,2026-10-03T17:13:06.511Z,2026-10-03T17:13:06.569Z,2026-10-03T17:13:06.661Z,2026-10-03T17:13:06.661Z,2026-10-03T17:13:06.709Z,null,26,8,21,103,null,48,564.6229000000021,28.439800000000105,9.588700000000244,6.573600000003353,44.87279999999737,100.41960000000108,9.147600000000239,36.81430000000182,84.38330000000133,19.013699999999517,129.3224999999984,90.46299999999974,null,null,null,null,null,null
cmusnhm8101ccogbkqdkecdc2,image-to-video,performance_concurrent_flow,10,2026-10-03T17:13:06.196Z,2026-10-03T17:13:06.255Z,2026-10-03T17:13:06.262Z,2026-10-03T17:13:06.266Z,2026-10-03T17:13:06.255Z,2026-10-03T17:13:06.293Z,2026-10-03T17:13:06.332Z,2026-10-03T17:13:06.355Z,2026-10-03T17:13:06.376Z,2026-10-03T17:13:06.468Z,2026-10-03T17:13:06.376Z,2026-10-03T17:13:06.491Z,2026-10-03T17:13:06.548Z,2026-10-03T17:13:06.612Z,2026-10-03T17:13:06.665Z,2026-10-03T17:13:06.759Z,2026-10-03T17:13:06.759Z,2026-10-03T17:13:06.814Z,null,59,11,23,115,null,55,680.2052999999978,63.598699999998644,7.354199999997945,5.321800000001531,57.153400000002875,114.17389999999796,11.29320000000007,49.883099999999104,109.67039999999906,13.520599999999831,138.52219999999943,102.96979999999894,null,null,null,null,null,null
cmusnhm8z01chogbkeb4e7ymj,text-to-video,performance_concurrent_flow,10,2026-10-03T17:13:06.196Z,2026-10-03T17:13:06.285Z,2026-10-03T17:13:06.292Z,2026-10-03T17:13:06.295Z,2026-10-03T17:13:06.286Z,2026-10-03T17:13:06.321Z,2026-10-03T17:13:06.352Z,2026-10-03T17:13:06.381Z,2026-10-03T17:13:06.394Z,2026-10-03T17:13:06.488Z,2026-10-03T17:13:06.394Z,2026-10-03T17:13:06.515Z,2026-10-03T17:13:06.567Z,2026-10-03T17:13:06.625Z,2026-10-03T17:13:06.676Z,2026-10-03T17:13:06.779Z,2026-10-03T17:13:06.779Z,2026-10-03T17:13:06.826Z,null,89,10,29,121,null,47,692.456900000001,91.86189999999988,5.899700000001758,8.038899999999558,46.728800000000774,116.2058999999972,11.75789999999688,52.04249999999956,99.43780000000334,11.231799999997747,140.8751000000011,101.14709999999832,null,null,null,null,null,null
cmusnhm9r01cmogbk9mqccbep,text-to-video,performance_concurrent_flow,10,2026-10-03T17:13:06.196Z,2026-10-03T17:13:06.316Z,2026-10-03T17:13:06.323Z,2026-10-03T17:13:06.327Z,2026-10-03T17:13:06.317Z,2026-10-03T17:13:06.360Z,2026-10-03T17:13:06.392Z,2026-10-03T17:13:06.419Z,2026-10-03T17:13:06.432Z,2026-10-03T17:13:06.546Z,2026-10-03T17:13:06.432Z,2026-10-03T17:13:06.572Z,2026-10-03T17:13:06.624Z,2026-10-03T17:13:06.681Z,2026-10-03T17:13:06.736Z,2026-10-03T17:13:06.838Z,2026-10-03T17:13:06.838Z,2026-10-03T17:13:06.894Z,null,120,11,27,140,null,56,754.8571000000011,123.27170000000115,6.74199999999837,7.004000000000815,54.58799999999974,130.60069999999905,15.692699999999604,50.79530000000159,97.28499999999985,13.03229999999894,148.65980000000127,99.26350000000093,null,null,null,null,null,null
cmusnhmaq01cqogbknpxrj3np,image-to-video,performance_concurrent_flow,10,2026-10-03T17:13:06.196Z,2026-10-03T17:13:06.353Z,2026-10-03T17:13:06.362Z,2026-10-03T17:13:06.369Z,2026-10-03T17:13:06.353Z,2026-10-03T17:13:06.402Z,2026-10-03T17:13:06.451Z,2026-10-03T17:13:06.481Z,2026-10-03T17:13:06.495Z,2026-10-03T17:13:06.629Z,2026-10-03T17:13:06.495Z,2026-10-03T17:13:06.654Z,2026-10-03T17:13:06.705Z,2026-10-03T17:13:06.770Z,2026-10-03T17:13:06.829Z,2026-10-03T17:13:06.940Z,2026-10-03T17:13:06.940Z,2026-10-03T17:13:06.983Z,null,157,16,30,159,null,43,818.9120000000003,160.55129999999917,6.595100000002276,9.007399999998597,71.08000000000175,154.35000000000218,12.948800000001938,51.52499999999782,108.32269999999698,11.698499999998603,156.31649999999718,64.32890000000043,null,null,null,null,null,null
cmusnhmbz01cyogbkgjtb2g78,image-to-video,performance_concurrent_flow,10,2026-10-03T17:13:06.196Z,2026-10-03T17:13:06.398Z,2026-10-03T17:13:06.405Z,2026-10-03T17:13:06.409Z,2026-10-03T17:13:06.398Z,2026-10-03T17:13:06.441Z,2026-10-03T17:13:06.506Z,2026-10-03T17:13:06.543Z,2026-10-03T17:13:06.557Z,2026-10-03T17:13:06.686Z,2026-10-03T17:13:06.557Z,2026-10-03T17:13:06.712Z,2026-10-03T17:13:06.777Z,2026-10-03T17:13:06.845Z,2026-10-03T17:13:06.903Z,2026-10-03T17:13:06.989Z,2026-10-03T17:13:06.989Z,2026-10-03T17:13:07.020Z,null,202,11,37,155,null,31,854.5577999999987,206.4961000000003,9.35490000000209,7.2413999999989755,85.09840000000258,156.2580999999991,12.927299999999377,54.151999999998225,124.03940000000148,16.19800000000032,122.10780000000159,53.69629999999961,null,null,null,null,null,null
cmusnhmd501d6ogbko1o94tve,image-to-video,performance_concurrent_flow,10,2026-10-03T17:13:06.196Z,2026-10-03T17:13:06.440Z,2026-10-03T17:13:06.448Z,2026-10-03T17:13:06.453Z,2026-10-03T17:13:06.440Z,2026-10-03T17:13:06.498Z,2026-10-03T17:13:06.577Z,2026-10-03T17:13:06.619Z,2026-10-03T17:13:06.633Z,2026-10-03T17:13:06.772Z,2026-10-03T17:13:06.633Z,2026-10-03T17:13:06.800Z,2026-10-03T17:13:06.866Z,2026-10-03T17:13:06.933Z,2026-10-03T17:13:06.982Z,2026-10-03T17:13:07.043Z,2026-10-03T17:13:07.043Z,2026-10-03T17:13:07.077Z,null,244,13,42,167,null,34,908.846800000003,247.46370000000024,9.252300000000105,13.209399999999732,110.068299999999,163.9265000000014,11.573300000000017,60.15350000000035,123.10829999999987,12.971799999999348,92.58160000000134,55.11119999999937,null,null,null,null,null,null
cmusnhme901ddogbkzx123bxn,text-to-video,performance_concurrent_flow,10,2026-10-03T17:13:06.196Z,2026-10-03T17:13:06.485Z,2026-10-03T17:13:06.495Z,2026-10-03T17:13:06.506Z,2026-10-03T17:13:06.485Z,2026-10-03T17:13:06.561Z,2026-10-03T17:13:06.610Z,2026-10-03T17:13:06.645Z,2026-10-03T17:13:06.660Z,2026-10-03T17:13:06.798Z,2026-10-03T17:13:06.660Z,2026-10-03T17:13:06.826Z,2026-10-03T17:13:06.889Z,2026-10-03T17:13:06.958Z,2026-10-03T17:13:06.999Z,2026-10-03T17:13:07.059Z,2026-10-03T17:13:07.059Z,2026-10-03T17:13:07.091Z,null,289,21,35,166,null,32,921.4911000000029,294.9429999999993,13.309100000002218,14.576600000000326,80.9948000000004,165.80939999999828,11.206300000001647,61.70210000000225,114.35459999999875,11.079099999999016,90.41709999999875,48.57420000000275,null,null,null,null,null,null
cmusnhmfr01djogbkvjl6jria,text-to-video,performance_concurrent_flow,10,2026-10-03T17:13:06.196Z,2026-10-03T17:13:06.543Z,2026-10-03T17:13:06.550Z,2026-10-03T17:13:06.558Z,2026-10-03T17:13:06.543Z,2026-10-03T17:13:06.609Z,2026-10-03T17:13:06.657Z,2026-10-03T17:13:06.700Z,2026-10-03T17:13:06.713Z,2026-10-03T17:13:06.864Z,2026-10-03T17:13:06.713Z,2026-10-03T17:13:06.895Z,2026-10-03T17:13:06.950Z,2026-10-03T17:13:06.997Z,2026-10-03T17:13:07.030Z,2026-10-03T17:13:07.092Z,2026-10-03T17:13:07.092Z,2026-10-03T17:13:07.119Z,null,347,15,43,182,null,27,947.9472000000023,349.7286000000022,10.252599999999802,13.748500000001513,83.89520000000266,173.24890000000232,15.992200000000594,62.48519999999917,86.27040000000125,8.227999999999156,86.47669999999925,45.19319999999789,null,null,null,null,null,null
cmusnhmhe01dsogbk3msg25ba,image-to-video,performance_concurrent_flow,10,2026-10-03T17:13:06.196Z,2026-10-03T17:13:06.603Z,2026-10-03T17:13:06.611Z,2026-10-03T17:13:06.617Z,2026-10-03T17:13:06.603Z,2026-10-03T17:13:06.668Z,2026-10-03T17:13:06.746Z,2026-10-03T17:13:06.788Z,2026-10-03T17:13:06.802Z,2026-10-03T17:13:06.956Z,2026-10-03T17:13:06.802Z,2026-10-03T17:13:06.980Z,2026-10-03T17:13:07.013Z,2026-10-03T17:13:07.049Z,2026-10-03T17:13:07.087Z,2026-10-03T17:13:07.134Z,2026-10-03T17:13:07.134Z,2026-10-03T17:13:07.157Z,null,407,14,42,178,null,23,982.1118999999999,411.6255999999994,13.870299999998679,11.697299999999814,108.81659999999829,184.92269999999917,13.995599999998376,44.22609999999986,61.605100000000675,12.58299999999872,70.93319999999949,38.981400000000576,null,null,null,null,null,null
cmusnhn4c01geogbk79yeprb5,image-to-video,performance_concurrent_flow,10,2026-10-03T17:13:07.386Z,2026-10-03T17:13:07.415Z,2026-10-03T17:13:07.420Z,2026-10-03T17:13:07.424Z,2026-10-03T17:13:07.415Z,2026-10-03T17:13:07.452Z,2026-10-03T17:13:07.499Z,2026-10-03T17:13:07.521Z,2026-10-03T17:13:07.534Z,2026-10-03T17:13:07.620Z,2026-10-03T17:13:07.534Z,2026-10-03T17:13:07.656Z,2026-10-03T17:13:07.717Z,2026-10-03T17:13:07.795Z,2026-10-03T17:13:07.847Z,2026-10-03T17:13:07.941Z,2026-10-03T17:13:07.941Z,2026-10-03T17:13:08.000Z,null,29,9,22,122,null,59,677.0236000000004,32.058200000003126,5.439100000003236,9.402700000002369,67.5573000000004,97.04069999999774,6.4333000000005995,71.85019999999713,122.5447000000022,11.518199999998615,136.5689999999995,110.5632000000005,null,null,null,null,null,null
cmusnhn5601gjogbkx3qanvv9,image-to-video,performance_concurrent_flow,10,2026-10-03T17:13:07.386Z,2026-10-03T17:13:07.446Z,2026-10-03T17:13:07.451Z,2026-10-03T17:13:07.455Z,2026-10-03T17:13:07.446Z,2026-10-03T17:13:07.486Z,2026-10-03T17:13:07.528Z,2026-10-03T17:13:07.551Z,2026-10-03T17:13:07.566Z,2026-10-03T17:13:07.664Z,2026-10-03T17:13:07.566Z,2026-10-03T17:13:07.691Z,2026-10-03T17:13:07.748Z,2026-10-03T17:13:07.815Z,2026-10-03T17:13:07.867Z,2026-10-03T17:13:07.959Z,2026-10-03T17:13:07.959Z,2026-10-03T17:13:08.017Z,null,60,9,23,125,null,58,688.7865999999995,62.580000000001746,8.557300000000396,10.646699999997509,56.76720000000205,111.91879999999946,16.77770000000237,50.58169999999882,114.13160000000062,12.303799999997864,133.29179999999906,104.89929999999731,null,null,null,null,null,null
cmusnhn6701googbkbwhkrjbh,image-to-video,performance_concurrent_flow,10,2026-10-03T17:13:07.386Z,2026-10-03T17:13:07.482Z,2026-10-03T17:13:07.486Z,2026-10-03T17:13:07.490Z,2026-10-03T17:13:07.482Z,2026-10-03T17:13:07.526Z,2026-10-03T17:13:07.575Z,2026-10-03T17:13:07.598Z,2026-10-03T17:13:07.612Z,2026-10-03T17:13:07.753Z,2026-10-03T17:13:07.612Z,2026-10-03T17:13:07.785Z,2026-10-03T17:13:07.838Z,2026-10-03T17:13:07.902Z,2026-10-03T17:13:07.957Z,2026-10-03T17:13:08.068Z,2026-10-03T17:13:08.068Z,2026-10-03T17:13:08.126Z,null,96,8,23,173,null,58,795.627199999999,98.53350000000137,14.689500000000407,8.002799999998388,65.71600000000035,153.39410000000134,16.12670000000071,58.18960000000152,110.2435000000005,12.166399999998248,150.4230000000025,102.68990000000122,null,null,null,null,null,null
cmusnhn7901gtogbkfr20iwyk,image-to-video,performance_concurrent_flow,10,2026-10-03T17:13:07.386Z,2026-10-03T17:13:07.520Z,2026-10-03T17:13:07.525Z,2026-10-03T17:13:07.530Z,2026-10-03T17:13:07.520Z,2026-10-03T17:13:07.569Z,2026-10-03T17:13:07.611Z,2026-10-03T17:13:07.657Z,2026-10-03T17:13:07.671Z,2026-10-03T17:13:07.820Z,2026-10-03T17:13:07.671Z,2026-10-03T17:13:07.846Z,2026-10-03T17:13:07.897Z,2026-10-03T17:13:07.961Z,2026-10-03T17:13:08.025Z,2026-10-03T17:13:08.132Z,2026-10-03T17:13:08.132Z,2026-10-03T17:13:08.183Z,null,134,10,46,175,null,51,849.2642000000014,135.9412999999986,5.9046999999991385,9.068899999998393,71.77600000000166,183.05119999999806,13.411499999998341,50.57470000000103,110.6069000000025,16.55040000000008,152.95440000000235,91.05409999999756,null,null,null,null,null,null
cmusnhn8001gzogbkebwed6q0,text-to-video,performance_concurrent_flow,10,2026-10-03T17:13:07.386Z,2026-10-03T17:13:07.547Z,2026-10-03T17:13:07.562Z,2026-10-03T17:13:07.567Z,2026-10-03T17:13:07.547Z,2026-10-03T17:13:07.597Z,2026-10-03T17:13:07.641Z,2026-10-03T17:13:07.677Z,2026-10-03T17:13:07.693Z,2026-10-03T17:13:07.840Z,2026-10-03T17:13:07.693Z,2026-10-03T17:13:07.868Z,2026-10-03T17:13:07.923Z,2026-10-03T17:13:07.991Z,2026-10-03T17:13:08.053Z,2026-10-03T17:13:08.162Z,2026-10-03T17:13:08.162Z,2026-10-03T17:13:08.204Z,null,161,20,36,175,null,42,862.6587,171.4219000000012,6.905099999999948,7.007400000002235,64.35069999999905,177.10269999999946,12.366699999998673,54.422600000001694,113.83580000000075,13.774000000001251,153.25310000000172,78.79379999999946,null,null,null,null,null,null
cmusnhn9101h5ogbk2y22xh58,text-to-video,performance_concurrent_flow,10,2026-10-03T17:13:07.386Z,2026-10-03T17:13:07.586Z,2026-10-03T17:13:07.592Z,2026-10-03T17:13:07.598Z,2026-10-03T17:13:07.586Z,2026-10-03T17:13:07.645Z,2026-10-03T17:13:07.695Z,2026-10-03T17:13:07.742Z,2026-10-03T17:13:07.758Z,2026-10-03T17:13:07.893Z,2026-10-03T17:13:07.758Z,2026-10-03T17:13:07.921Z,2026-10-03T17:13:07.974Z,2026-10-03T17:13:08.041Z,2026-10-03T17:13:08.107Z,2026-10-03T17:13:08.196Z,2026-10-03T17:13:08.196Z,2026-10-03T17:13:08.241Z,null,200,12,47,163,null,45,907.1481000000022,203.6978999999992,7.476600000001781,9.827300000000832,84.65550000000076,171.78419999999824,14.954299999997602,50.29400000000169,114.98040000000037,15.531100000000151,135.86130000000048,89.15200000000186,null,null,null,null,null,null
cmusnhna001hbogbk6n215v3n,image-to-video,performance_concurrent_flow,10,2026-10-03T17:13:07.386Z,2026-10-03T17:13:07.636Z,2026-10-03T17:13:07.642Z,2026-10-03T17:13:07.647Z,2026-10-03T17:13:07.636Z,2026-10-03T17:13:07.698Z,2026-10-03T17:13:07.790Z,2026-10-03T17:13:07.827Z,2026-10-03T17:13:07.843Z,2026-10-03T17:13:07.978Z,2026-10-03T17:13:07.843Z,2026-10-03T17:13:08.008Z,2026-10-03T17:13:08.067Z,2026-10-03T17:13:08.135Z,2026-10-03T17:13:08.185Z,2026-10-03T17:13:08.271Z,2026-10-03T17:13:08.271Z,2026-10-03T17:13:08.318Z,null,250,11,37,165,null,47,961.5528999999988,253.16500000000087,14.676499999997759,10.637599999998201,122.41120000000228,159.11309999999867,14.595399999998335,65.377199999999,113.15239999999903,12.88799999999901,129.16790000000037,58.069400000000314,null,null,null,null,null,null
cmusnhnbn01hiogbkb48h8uhp,text-to-video,performance_concurrent_flow,10,2026-10-03T17:13:07.386Z,2026-10-03T17:13:07.688Z,2026-10-03T17:13:07.696Z,2026-10-03T17:13:07.703Z,2026-10-03T17:13:07.688Z,2026-10-03T17:13:07.763Z,2026-10-03T17:13:07.816Z,2026-10-03T17:13:07.856Z,2026-10-03T17:13:07.870Z,2026-10-03T17:13:08.017Z,2026-10-03T17:13:07.870Z,2026-10-03T17:13:08.051Z,2026-10-03T17:13:08.111Z,2026-10-03T17:13:08.173Z,2026-10-03T17:13:08.217Z,2026-10-03T17:13:08.304Z,2026-10-03T17:13:08.304Z,2026-10-03T17:13:08.333Z,null,302,15,40,181,null,29,976.8150999999998,306.1052000000018,14.26850000000195,16.136999999998807,88.91700000000128,171.85299999999916,14.624100000000908,62.82790000000023,108.89630000000034,9.027700000002369,120.3791999999994,52.85740000000078,null,null,null,null,null,null
cmusnhndb01hoogbkkqedukzi,text-to-video,performance_concurrent_flow,10,2026-10-03T17:13:07.386Z,2026-10-03T17:13:07.750Z,2026-10-03T17:13:07.760Z,2026-10-03T17:13:07.767Z,2026-10-03T17:13:07.750Z,2026-10-03T17:13:07.821Z,2026-10-03T17:13:07.871Z,2026-10-03T17:13:07.915Z,2026-10-03T17:13:07.928Z,2026-10-03T17:13:08.081Z,2026-10-03T17:13:07.928Z,2026-10-03T17:13:08.117Z,2026-10-03T17:13:08.172Z,2026-10-03T17:13:08.223Z,2026-10-03T17:13:08.272Z,2026-10-03T17:13:08.339Z,2026-10-03T17:13:08.339Z,2026-10-03T17:13:08.367Z,null,364,17,44,189,null,28,1009.461299999999,369.7029000000002,16.251899999999296,13.555700000000797,78.80779999999868,183.6975999999995,14.37380000000121,62.02939999999944,100.44390000000203,9.642199999998411,99.73529999999664,49.98080000000118,null,null,null,null,null,null
cmusnhnez01hyogbkwcvgmpsw,text-to-video,performance_concurrent_flow,10,2026-10-03T17:13:07.386Z,2026-10-03T17:13:07.810Z,2026-10-03T17:13:07.818Z,2026-10-03T17:13:07.825Z,2026-10-03T17:13:07.810Z,2026-10-03T17:13:07.878Z,2026-10-03T17:13:07.929Z,2026-10-03T17:13:07.966Z,2026-10-03T17:13:07.981Z,2026-10-03T17:13:08.147Z,2026-10-03T17:13:07.981Z,2026-10-03T17:13:08.174Z,2026-10-03T17:13:08.216Z,2026-10-03T17:13:08.270Z,2026-10-03T17:13:08.318Z,2026-10-03T17:13:08.368Z,2026-10-03T17:13:08.368Z,2026-10-03T17:13:08.395Z,null,424,15,37,193,null,27,1033.082599999998,427.8162000000011,13.067800000000716,13.56590000000142,81.69900000000052,190.09430000000066,15.96559999999954,49.086199999997916,93.449099999998,13.594099999998434,79.08679999999731,44.464599999999336,null,null,null,null,null,null
cmusnho3a01klogbk85tol9am,image-to-video,performance_concurrent_flow,10,2026-10-03T17:13:08.641Z,2026-10-03T17:13:08.673Z,2026-10-03T17:13:08.677Z,2026-10-03T17:13:08.683Z,2026-10-03T17:13:08.673Z,2026-10-03T17:13:08.714Z,2026-10-03T17:13:08.756Z,2026-10-03T17:13:08.776Z,2026-10-03T17:13:08.790Z,2026-10-03T17:13:08.881Z,2026-10-03T17:13:08.790Z,2026-10-03T17:13:08.902Z,2026-10-03T17:13:08.946Z,2026-10-03T17:13:09.000Z,2026-10-03T17:13:09.052Z,2026-10-03T17:13:09.152Z,2026-10-03T17:13:09.152Z,2026-10-03T17:13:09.199Z,null,32,10,20,112,null,47,606.5001000000011,33.50699999999779,5.870699999999488,10.906399999999849,59.30760000000009,104.1330999999991,8.238900000000285,46.62289999999848,92.27730000000156,13.464199999998527,138.29169999999795,85.94380000000092,null,null,null,null,null,null
cmusnho4201kqogbk6e1ne7al,image-to-video,performance_concurrent_flow,10,2026-10-03T17:13:08.641Z,2026-10-03T17:13:08.708Z,2026-10-03T17:13:08.712Z,2026-10-03T17:13:08.717Z,2026-10-03T17:13:08.708Z,2026-10-03T17:13:08.744Z,2026-10-03T17:13:08.785Z,2026-10-03T17:13:08.807Z,2026-10-03T17:13:08.825Z,2026-10-03T17:13:08.924Z,2026-10-03T17:13:08.825Z,2026-10-03T17:13:08.946Z,2026-10-03T17:13:08.992Z,2026-10-03T17:13:09.048Z,2026-10-03T17:13:09.107Z,2026-10-03T17:13:09.193Z,2026-10-03T17:13:09.193Z,2026-10-03T17:13:09.243Z,null,67,9,22,121,null,50,653.1705000000002,68.8705000000009,6.031399999999849,8.896700000001147,56.017900000002555,116.67009999999937,11.252500000002328,45.277399999999034,96.52000000000044,16.116799999999785,128.58290000000125,92.09999999999854,null,null,null,null,null,null
cmusnho5501kvogbkviz5qn2u,image-to-video,performance_concurrent_flow,10,2026-10-03T17:13:08.641Z,2026-10-03T17:13:08.741Z,2026-10-03T17:13:08.746Z,2026-10-03T17:13:08.749Z,2026-10-03T17:13:08.742Z,2026-10-03T17:13:08.780Z,2026-10-03T17:13:08.826Z,2026-10-03T17:13:08.849Z,2026-10-03T17:13:08.862Z,2026-10-03T17:13:08.968Z,2026-10-03T17:13:08.862Z,2026-10-03T17:13:08.993Z,2026-10-03T17:13:09.039Z,2026-10-03T17:13:09.101Z,2026-10-03T17:13:09.153Z,2026-10-03T17:13:09.239Z,2026-10-03T17:13:09.239Z,2026-10-03T17:13:09.290Z,null,100,8,23,131,null,51,696.2521000000015,102.33280000000013,7.839299999999639,7.956900000001042,64.34950000000026,122.15759999999864,9.937400000002526,48.62100000000282,99.95720000000074,11.89140000000043,127.00699999999779,88.34519999999975,null,null,null,null,null,null
cmusnho6701l0ogbkfbqjqfqp,image-to-video,performance_concurrent_flow,10,2026-10-03T17:13:08.641Z,2026-10-03T17:13:08.781Z,2026-10-03T17:13:08.786Z,2026-10-03T17:13:08.789Z,2026-10-03T17:13:08.781Z,2026-10-03T17:13:08.827Z,2026-10-03T17:13:08.880Z,2026-10-03T17:13:08.908Z,2026-10-03T17:13:08.922Z,2026-10-03T17:13:09.038Z,2026-10-03T17:13:08.922Z,2026-10-03T17:13:09.065Z,2026-10-03T17:13:09.119Z,2026-10-03T17:13:09.176Z,2026-10-03T17:13:09.228Z,2026-10-03T17:13:09.321Z,2026-10-03T17:13:09.321Z,2026-10-03T17:13:09.378Z,null,140,8,28,143,null,57,774.7667999999976,142.2960000000021,8.640300000002753,9.61960000000181,78.06489999999758,133.8690999999999,12.503500000002532,54.680099999997765,98.95360000000073,11.52009999999791,138.19900000000052,80.74539999999979,null,null,null,null,null,null
cmusnho7501l6ogbkun2fu41a,text-to-video,performance_concurrent_flow,10,2026-10-03T17:13:08.641Z,2026-10-03T17:13:08.819Z,2026-10-03T17:13:08.827Z,2026-10-03T17:13:08.831Z,2026-10-03T17:13:08.819Z,2026-10-03T17:13:08.863Z,2026-10-03T17:13:08.903Z,2026-10-03T17:13:08.937Z,2026-10-03T17:13:08.951Z,2026-10-03T17:13:09.070Z,2026-10-03T17:13:08.951Z,2026-10-03T17:13:09.100Z,2026-10-03T17:13:09.153Z,2026-10-03T17:13:09.208Z,2026-10-03T17:13:09.267Z,2026-10-03T17:13:09.367Z,2026-10-03T17:13:09.367Z,2026-10-03T17:13:09.408Z,null,178,12,34,149,null,41,802.0457000000024,180.41300000000047,7.316800000000512,8.339700000000448,60.03280000000086,145.44420000000173,11.106599999999162,54.39310000000114,99.00800000000163,15.399399999998423,142.24469999999928,68.72910000000047,null,null,null,null,null,null
cmusnho8901lcogbkuhniqhtj,text-to-video,performance_concurrent_flow,10,2026-10-03T17:13:08.641Z,2026-10-03T17:13:08.856Z,2026-10-03T17:13:08.861Z,2026-10-03T17:13:08.864Z,2026-10-03T17:13:08.856Z,2026-10-03T17:13:08.908Z,2026-10-03T17:13:08.952Z,2026-10-03T17:13:08.985Z,2026-10-03T17:13:08.999Z,2026-10-03T17:13:09.146Z,2026-10-03T17:13:08.999Z,2026-10-03T17:13:09.171Z,2026-10-03T17:13:09.218Z,2026-10-03T17:13:09.285Z,2026-10-03T17:13:09.336Z,2026-10-03T17:13:09.419Z,2026-10-03T17:13:09.419Z,2026-10-03T17:13:09.452Z,null,215,8,33,172,null,33,842.5429999999978,216.95030000000042,7.625899999999092,16.385999999998603,67.27109999999811,171.02419999999984,14.7612999999983,47.42489999999816,104.85060000000158,12.428099999997357,118.71459999999934,59.05689999999959,null,null,null,null,null,null
cmusnho9f01liogbkngobdw4w,image-to-video,performance_concurrent_flow,10,2026-10-03T17:13:08.641Z,2026-10-03T17:13:08.900Z,2026-10-03T17:13:08.908Z,2026-10-03T17:13:08.914Z,2026-10-03T17:13:08.900Z,2026-10-03T17:13:08.962Z,2026-10-03T17:13:09.034Z,2026-10-03T17:13:09.075Z,2026-10-03T17:13:09.090Z,2026-10-03T17:13:09.217Z,2026-10-03T17:13:09.090Z,2026-10-03T17:13:09.247Z,2026-10-03T17:13:09.302Z,2026-10-03T17:13:09.365Z,2026-10-03T17:13:09.410Z,2026-10-03T17:13:09.472Z,2026-10-03T17:13:09.472Z,2026-10-03T17:13:09.507Z,null,259,14,41,157,null,35,900.5344000000005,262.6893999999993,13.424299999998766,11.509500000000116,102.78989999999976,158.46620000000257,11.774700000001758,57.914600000000064,103.39869999999792,11.930000000000291,96.83699999999953,60.05419999999867,null,null,null,null,null,null
cmusnhoaq01lpogbk0pyw8ohk,text-to-video,performance_concurrent_flow,10,2026-10-03T17:13:08.641Z,2026-10-03T17:13:08.948Z,2026-10-03T17:13:08.957Z,2026-10-03T17:13:08.963Z,2026-10-03T17:13:08.949Z,2026-10-03T17:13:09.014Z,2026-10-03T17:13:09.064Z,2026-10-03T17:13:09.105Z,2026-10-03T17:13:09.121Z,2026-10-03T17:13:09.245Z,2026-10-03T17:13:09.121Z,2026-10-03T17:13:09.275Z,2026-10-03T17:13:09.325Z,2026-10-03T17:13:09.388Z,2026-10-03T17:13:09.433Z,2026-10-03T17:13:09.496Z,2026-10-03T17:13:09.496Z,2026-10-03T17:13:09.528Z,null,307,15,41,154,null,32,916.6877999999997,311.7131999999983,13.474500000000262,11.572599999999511,80.36549999999988,159.81619999999748,10.143199999998615,54.49649999999747,104.01480000000083,12.173500000000786,92.86869999999908,55.548399999999674,null,null,null,null,null,null
cmusnhoc201lxogbkezh0memu,text-to-video,performance_concurrent_flow,10,2026-10-03T17:13:08.641Z,2026-10-03T17:13:08.998Z,2026-10-03T17:13:09.006Z,2026-10-03T17:13:09.012Z,2026-10-03T17:13:08.998Z,2026-10-03T17:13:09.066Z,2026-10-03T17:13:09.122Z,2026-10-03T17:13:09.160Z,2026-10-03T17:13:09.175Z,2026-10-03T17:13:09.307Z,2026-10-03T17:13:09.175Z,2026-10-03T17:13:09.334Z,2026-10-03T17:13:09.384Z,2026-10-03T17:13:09.432Z,2026-10-03T17:13:09.466Z,2026-10-03T17:13:09.521Z,2026-10-03T17:13:09.521Z,2026-10-03T17:13:09.550Z,null,357,14,38,159,null,29,938.7879999999968,360.4477000000006,13.967000000000553,14.81079999999929,86.46439999999711,160.79339999999866,12.097999999998137,55.84400000000096,83.29949999999735,7.975900000001275,81.00300000000061,52.03640000000087,null,null,null,null,null,null
cmusnhodh01m5ogbkijs9z4cz,text-to-video,performance_concurrent_flow,10,2026-10-03T17:13:08.641Z,2026-10-03T17:13:09.049Z,2026-10-03T17:13:09.056Z,2026-10-03T17:13:09.062Z,2026-10-03T17:13:09.049Z,2026-10-03T17:13:09.114Z,2026-10-03T17:13:09.165Z,2026-10-03T17:13:09.199Z,2026-10-03T17:13:09.213Z,2026-10-03T17:13:09.352Z,2026-10-03T17:13:09.213Z,2026-10-03T17:13:09.376Z,2026-10-03T17:13:09.417Z,2026-10-03T17:13:09.462Z,2026-10-03T17:13:09.500Z,2026-10-03T17:13:09.554Z,2026-10-03T17:13:09.554Z,2026-10-03T17:13:09.582Z,null,408,13,34,163,null,28,963.3423999999977,412.106200000002,13.264999999999418,12.18869999999879,81.93869999999879,160.3357999999971,14.035200000002078,52.13839999999982,73.21449999999822,9.951399999998102,80.875,45.01670000000013,null,null,null,null,null,null
cmusnhozo01osogbkqgxcl5k9,text-to-video,performance_concurrent_flow,10,2026-10-03T17:13:09.812Z,2026-10-03T17:13:09.836Z,2026-10-03T17:13:09.841Z,2026-10-03T17:13:09.844Z,2026-10-03T17:13:09.837Z,2026-10-03T17:13:09.867Z,2026-10-03T17:13:09.890Z,2026-10-03T17:13:09.913Z,2026-10-03T17:13:09.927Z,2026-10-03T17:13:10.000Z,2026-10-03T17:13:09.927Z,2026-10-03T17:13:10.029Z,2026-10-03T17:13:10.063Z,2026-10-03T17:13:10.117Z,2026-10-03T17:13:10.169Z,2026-10-03T17:13:10.265Z,2026-10-03T17:13:10.265Z,2026-10-03T17:13:10.310Z,null,24,8,23,102,null,45,542.9049999999988,27.20219999999972,5.356400000000576,6.252700000000914,37.30840000000171,93.0196999999971,8.667499999999563,48.000199999998586,82.56010000000242,10.098500000000058,137.5717999999979,81.58920000000217,null,null,null,null,null,null
cmusnhp0e01owogbkr0zww3gr,image-to-video,performance_concurrent_flow,10,2026-10-03T17:13:09.812Z,2026-10-03T17:13:09.867Z,2026-10-03T17:13:09.872Z,2026-10-03T17:13:09.875Z,2026-10-03T17:13:09.868Z,2026-10-03T17:13:09.901Z,2026-10-03T17:13:09.945Z,2026-10-03T17:13:09.965Z,2026-10-03T17:13:09.979Z,2026-10-03T17:13:10.092Z,2026-10-03T17:13:09.979Z,2026-10-03T17:13:10.114Z,2026-10-03T17:13:10.170Z,2026-10-03T17:13:10.236Z,2026-10-03T17:13:10.287Z,2026-10-03T17:13:10.377Z,2026-10-03T17:13:10.377Z,2026-10-03T17:13:10.424Z,null,55,8,20,135,null,47,659.0547000000006,57.960800000000745,6.486799999998766,5.058000000000902,62.24880000000121,125.40400000000227,12.797299999998359,47.78060000000187,109.09269999999742,14.004799999998795,127.97899999999936,84.37169999999969,null,null,null,null,null,null
cmusnhp1801p1ogbkg3u0hpa6,text-to-video,performance_concurrent_flow,10,2026-10-03T17:13:09.812Z,2026-10-03T17:13:09.895Z,2026-10-03T17:13:09.899Z,2026-10-03T17:13:09.902Z,2026-10-03T17:13:09.895Z,2026-10-03T17:13:09.936Z,2026-10-03T17:13:09.961Z,2026-10-03T17:13:09.982Z,2026-10-03T17:13:09.997Z,2026-10-03T17:13:10.116Z,2026-10-03T17:13:09.997Z,2026-10-03T17:13:10.139Z,2026-10-03T17:13:10.193Z,2026-10-03T17:13:10.257Z,2026-10-03T17:13:10.306Z,2026-10-03T17:13:10.392Z,2026-10-03T17:13:10.392Z,2026-10-03T17:13:10.437Z,null,83,7,21,142,null,45,675.0260000000017,85.68599999999788,11.87159999999858,8.107899999999063,42.264900000001944,136.01469999999972,9.465800000001764,49.15509999999995,106.4958000000006,12.121399999999994,123.14740000000165,85.48129999999946,null,null,null,null,null,null
cmusnhp2501p6ogbk1m7urq7z,text-to-video,performance_concurrent_flow,10,2026-10-03T17:13:09.812Z,2026-10-03T17:13:09.930Z,2026-10-03T17:13:09.935Z,2026-10-03T17:13:09.938Z,2026-10-03T17:13:09.930Z,2026-10-03T17:13:09.964Z,2026-10-03T17:13:09.991Z,2026-10-03T17:13:10.018Z,2026-10-03T17:13:10.036Z,2026-10-03T17:13:10.138Z,2026-10-03T17:13:10.036Z,2026-10-03T17:13:10.166Z,2026-10-03T17:13:10.225Z,2026-10-03T17:13:10.281Z,2026-10-03T17:13:10.326Z,2026-10-03T17:13:10.416Z,2026-10-03T17:13:10.416Z,2026-10-03T17:13:10.463Z,null,118,8,27,130,null,47,699.8597000000009,121.40380000000005,7.453199999999924,6.316800000000512,41.619299999998475,129.76109999999971,9.473500000000058,54.18260000000009,102.81869999999981,11.34769999999844,124.37969999999768,85.83079999999973,null,null,null,null,null,null
cmusnhp3201pbogbkr0v3u6oc,image-to-video,performance_concurrent_flow,10,2026-10-03T17:13:09.812Z,2026-10-03T17:13:09.962Z,2026-10-03T17:13:09.970Z,2026-10-03T17:13:09.974Z,2026-10-03T17:13:09.962Z,2026-10-03T17:13:10.011Z,2026-10-03T17:13:10.073Z,2026-10-03T17:13:10.106Z,2026-10-03T17:13:10.121Z,2026-10-03T17:13:10.259Z,2026-10-03T17:13:10.121Z,2026-10-03T17:13:10.286Z,2026-10-03T17:13:10.330Z,2026-10-03T17:13:10.392Z,2026-10-03T17:13:10.444Z,2026-10-03T17:13:10.535Z,2026-10-03T17:13:10.535Z,2026-10-03T17:13:10.575Z,null,150,12,33,165,null,40,791.4331999999995,153.87969999999768,9.422500000000582,8.61529999999766,85.3734000000004,157.81170000000202,17.50510000000213,51.37640000000101,97.33519999999771,12.452900000000227,129.37750000000233,59.80080000000089,null,null,null,null,null,null
cmusnhp3x01piogbkzc5cns59,text-to-video,performance_concurrent_flow,10,2026-10-03T17:13:09.812Z,2026-10-03T17:13:09.993Z,2026-10-03T17:13:09.999Z,2026-10-03T17:13:10.004Z,2026-10-03T17:13:09.993Z,2026-10-03T17:13:10.050Z,2026-10-03T17:13:10.096Z,2026-10-03T17:13:10.126Z,2026-10-03T17:13:10.140Z,2026-10-03T17:13:10.274Z,2026-10-03T17:13:10.140Z,2026-10-03T17:13:10.298Z,2026-10-03T17:13:10.342Z,2026-10-03T17:13:10.405Z,2026-10-03T17:13:10.454Z,2026-10-03T17:13:10.542Z,2026-10-03T17:13:10.542Z,2026-10-03T17:13:10.579Z,null,181,11,30,158,null,37,796.741399999999,183.71640000000116,15.453300000001036,12.618200000000797,67.28260000000228,157.2443999999996,11.177800000001298,45.879799999998795,99.39739999999802,11.125600000003033,127.94750000000204,55.85080000000016,null,null,null,null,null,null
cmusnhp5701poogbkxgvd50tj,image-to-video,performance_concurrent_flow,10,2026-10-03T17:13:09.812Z,2026-10-03T17:13:10.043Z,2026-10-03T17:13:10.049Z,2026-10-03T17:13:10.054Z,2026-10-03T17:13:10.043Z,2026-10-03T17:13:10.100Z,2026-10-03T17:13:10.165Z,2026-10-03T17:13:10.210Z,2026-10-03T17:13:10.225Z,2026-10-03T17:13:10.348Z,2026-10-03T17:13:10.225Z,2026-10-03T17:13:10.380Z,2026-10-03T17:13:10.433Z,2026-10-03T17:13:10.492Z,2026-10-03T17:13:10.543Z,2026-10-03T17:13:10.605Z,2026-10-03T17:13:10.605Z,2026-10-03T17:13:10.639Z,null,231,11,45,155,null,34,855.4197999999997,234.92079999999987,9.226900000001478,12.588799999997718,93.96739999999772,159.50729999999749,12.109799999998359,56.153699999998935,104.74069999999847,14.596199999999953,95.78269999999975,54.202799999999115,null,null,null,null,null,null
cmusnhp6d01pxogbk8tth9fs2,image-to-video,performance_concurrent_flow,10,2026-10-03T17:13:09.812Z,2026-10-03T17:13:10.093Z,2026-10-03T17:13:10.101Z,2026-10-03T17:13:10.105Z,2026-10-03T17:13:10.093Z,2026-10-03T17:13:10.154Z,2026-10-03T17:13:10.243Z,2026-10-03T17:13:10.281Z,2026-10-03T17:13:10.296Z,2026-10-03T17:13:10.422Z,2026-10-03T17:13:10.296Z,2026-10-03T17:13:10.448Z,2026-10-03T17:13:10.496Z,2026-10-03T17:13:10.552Z,2026-10-03T17:13:10.587Z,2026-10-03T17:13:10.644Z,2026-10-03T17:13:10.644Z,2026-10-03T17:13:10.675Z,null,281,12,38,152,null,31,895.504399999998,286.29599999999846,9.367300000001705,10.821199999998498,122.29439999999886,155.90740000000005,11.252700000000914,48.81869999999981,96.31499999999869,8.139999999999418,81.54929999999877,57.21740000000136,null,null,null,null,null,null
cmusnhp7s01q5ogbkbo4w7gza,text-to-video,performance_concurrent_flow,10,2026-10-03T17:13:09.812Z,2026-10-03T17:13:10.137Z,2026-10-03T17:13:10.148Z,2026-10-03T17:13:10.155Z,2026-10-03T17:13:10.137Z,2026-10-03T17:13:10.216Z,2026-10-03T17:13:10.267Z,2026-10-03T17:13:10.302Z,2026-10-03T17:13:10.318Z,2026-10-03T17:13:10.445Z,2026-10-03T17:13:10.318Z,2026-10-03T17:13:10.470Z,2026-10-03T17:13:10.522Z,2026-10-03T17:13:10.570Z,2026-10-03T17:13:10.601Z,2026-10-03T17:13:10.660Z,2026-10-03T17:13:10.660Z,2026-10-03T17:13:10.691Z,null,325,18,35,152,null,31,902.5171000000009,329.8077999999987,14.77469999999812,15.135800000000017,86.5589,154.11079999999856,13.477399999999761,49.35719999999856,88.65469999999914,7.479800000000978,81.02729999999792,48.98559999999998,null,null,null,null,null,null
cmusnhp9d01qbogbkdu9w1oyu,image-to-video,performance_concurrent_flow,10,2026-10-03T17:13:09.812Z,2026-10-03T17:13:10.208Z,2026-10-03T17:13:10.218Z,2026-10-03T17:13:10.225Z,2026-10-03T17:13:10.208Z,2026-10-03T17:13:10.275Z,2026-10-03T17:13:10.340Z,2026-10-03T17:13:10.381Z,2026-10-03T17:13:10.396Z,2026-10-03T17:13:10.524Z,2026-10-03T17:13:10.396Z,2026-10-03T17:13:10.545Z,2026-10-03T17:13:10.581Z,2026-10-03T17:13:10.617Z,2026-10-03T17:13:10.650Z,2026-10-03T17:13:10.703Z,2026-10-03T17:13:10.703Z,2026-10-03T17:13:10.726Z,null,396,17,41,149,null,23,937.1305000000029,401.35410000000047,10.61960000000181,11.470600000000559,98.37039999999979,156.16699999999764,15.415000000000873,46.52959999999803,60.699100000001636,6.558799999998882,77.05019999999786,41.14640000000145,null,null,null,null,null,null
cmusnhq5601u9ogbk7ijp27tw,image-to-video,performance_concurrent_flow,20,2026-10-03T17:13:11.297Z,2026-10-03T17:13:11.332Z,2026-10-03T17:13:11.336Z,2026-10-03T17:13:11.340Z,2026-10-03T17:13:11.332Z,2026-10-03T17:13:11.380Z,2026-10-03T17:13:11.424Z,2026-10-03T17:13:11.450Z,2026-10-03T17:13:11.464Z,2026-10-03T17:13:11.554Z,2026-10-03T17:13:11.464Z,2026-10-03T17:13:11.578Z,2026-10-03T17:13:11.629Z,2026-10-03T17:13:11.687Z,2026-10-03T17:13:11.751Z,2026-10-03T17:13:11.865Z,2026-10-03T17:13:11.865Z,2026-10-03T17:13:11.934Z,null,35,8,26,114,null,69,710.5764999999992,37.35349999999744,5.425100000000384,5.92699999999968,77.02240000000165,107.16909999999916,10.04569999999876,49.726299999998446,102.63839999999982,12.471400000002177,165.46819999999934,131.892399999997,null,null,null,null,null,null
cmusnhq5w01ueogbkqzxqn8pr,text-to-video,performance_concurrent_flow,20,2026-10-03T17:13:11.297Z,2026-10-03T17:13:11.359Z,2026-10-03T17:13:11.367Z,2026-10-03T17:13:11.372Z,2026-10-03T17:13:11.359Z,2026-10-03T17:13:11.404Z,2026-10-03T17:13:11.437Z,2026-10-03T17:13:11.466Z,2026-10-03T17:13:11.482Z,2026-10-03T17:13:11.583Z,2026-10-03T17:13:11.482Z,2026-10-03T17:13:11.607Z,2026-10-03T17:13:11.656Z,2026-10-03T17:13:11.720Z,2026-10-03T17:13:11.787Z,2026-10-03T17:13:11.910Z,2026-10-03T17:13:11.910Z,2026-10-03T17:13:11.984Z,null,62,13,29,125,null,74,760.2217999999993,67.8737000000001,5.827099999998609,6.756600000000617,58.96050000000105,119.29080000000249,12.916900000000169,50.66840000000229,112.9236000000019,14.741399999998976,167.5609000000004,135.9421000000002,null,null,null,null,null,null
cmusnhq6q01uiogbk4wmqz5wu,text-to-video,performance_concurrent_flow,20,2026-10-03T17:13:11.297Z,2026-10-03T17:13:11.388Z,2026-10-03T17:13:11.392Z,2026-10-03T17:13:11.396Z,2026-10-03T17:13:11.388Z,2026-10-03T17:13:11.434Z,2026-10-03T17:13:11.470Z,2026-10-03T17:13:11.490Z,2026-10-03T17:13:11.504Z,2026-10-03T17:13:11.604Z,2026-10-03T17:13:11.504Z,2026-10-03T17:13:11.634Z,2026-10-03T17:13:11.677Z,2026-10-03T17:13:11.748Z,2026-10-03T17:13:11.812Z,2026-10-03T17:13:11.941Z,2026-10-03T17:13:11.941Z,2026-10-03T17:13:12.053Z,null,91,8,20,130,null,112,853.8466000000008,93.50879999999961,8.787000000000262,7.453400000002148,61.114599999997154,114.74530000000232,9.927400000000489,50.46310000000085,112.86490000000049,14.674699999999575,176.12159999999858,198.34250000000247,null,null,null,null,null,null
cmusnhq7i01umogbksflap8hl,text-to-video,performance_concurrent_flow,20,2026-10-03T17:13:11.297Z,2026-10-03T17:13:11.419Z,2026-10-03T17:13:11.424Z,2026-10-03T17:13:11.429Z,2026-10-03T17:13:11.419Z,2026-10-03T17:13:11.465Z,2026-10-03T17:13:11.496Z,2026-10-03T17:13:11.519Z,2026-10-03T17:13:11.533Z,2026-10-03T17:13:11.665Z,2026-10-03T17:13:11.533Z,2026-10-03T17:13:11.693Z,2026-10-03T17:13:11.756Z,2026-10-03T17:13:11.828Z,2026-10-03T17:13:11.905Z,2026-10-03T17:13:12.043Z,2026-10-03T17:13:12.043Z,2026-10-03T17:13:12.132Z,null,122,10,23,160,null,89,911.6176000000014,124.72839999999997,10.653999999998632,7.325300000000425,52.697299999999814,145.93059999999969,13.922900000001391,55.252300000000105,123.90699999999924,17.901699999998527,202.96410000000105,149.4533999999985,null,null,null,null,null,null
cmusnhq8g01uqogbk1oor62ax,image-to-video,performance_concurrent_flow,20,2026-10-03T17:13:11.297Z,2026-10-03T17:13:11.455Z,2026-10-03T17:13:11.462Z,2026-10-03T17:13:11.472Z,2026-10-03T17:13:11.455Z,2026-10-03T17:13:11.501Z,2026-10-03T17:13:11.558Z,2026-10-03T17:13:11.591Z,2026-10-03T17:13:11.605Z,2026-10-03T17:13:11.746Z,2026-10-03T17:13:11.605Z,2026-10-03T17:13:11.777Z,2026-10-03T17:13:11.843Z,2026-10-03T17:13:11.932Z,2026-10-03T17:13:12.010Z,2026-10-03T17:13:12.172Z,2026-10-03T17:13:12.172Z,2026-10-03T17:13:12.247Z,null,158,17,33,172,null,75,1025.3064999999988,160.5106999999989,7.324799999998504,8.385600000001432,73.8601000000017,157.08179999999993,20.426299999999173,59.612700000001496,148.7341000000015,18.58770000000004,220.10339999999997,135.94060000000172,null,null,null,null,null,null
cmusnhq9j01uxogbkm7wcmajm,text-to-video,performance_concurrent_flow,20,2026-10-03T17:13:11.297Z,2026-10-03T17:13:11.492Z,2026-10-03T17:13:11.499Z,2026-10-03T17:13:11.504Z,2026-10-03T17:13:11.493Z,2026-10-03T17:13:11.540Z,2026-10-03T17:13:11.590Z,2026-10-03T17:13:11.628Z,2026-10-03T17:13:11.644Z,2026-10-03T17:13:11.784Z,2026-10-03T17:13:11.644Z,2026-10-03T17:13:11.820Z,2026-10-03T17:13:11.890Z,2026-10-03T17:13:11.984Z,2026-10-03T17:13:12.062Z,2026-10-03T17:13:12.215Z,2026-10-03T17:13:12.215Z,2026-10-03T17:13:12.287Z,null,195,12,38,176,null,72,1063.6599999999999,199.46579999999813,8.935900000000402,8.56749999999738,71.77429999999731,170.89029999999912,13.294300000001385,66.57210000000123,154.77880000000005,21.50470000000132,209.09549999999945,130.91070000000036,null,null,null,null,null,null
cmusnhqak01v4ogbkxtx1j8nx,image-to-video,performance_concurrent_flow,20,2026-10-03T17:13:11.297Z,2026-10-03T17:13:11.530Z,2026-10-03T17:13:11.536Z,2026-10-03T17:13:11.542Z,2026-10-03T17:13:11.530Z,2026-10-03T17:13:11.596Z,2026-10-03T17:13:11.671Z,2026-10-03T17:13:11.713Z,2026-10-03T17:13:11.733Z,2026-10-03T17:13:11.889Z,2026-10-03T17:13:11.733Z,2026-10-03T17:13:11.933Z,2026-10-03T17:13:12.009Z,2026-10-03T17:13:12.116Z,2026-10-03T17:13:12.200Z,2026-10-03T17:13:12.338Z,2026-10-03T17:13:12.338Z,2026-10-03T17:13:12.411Z,null,233,12,42,200,null,73,1194.549600000002,236.98890000000029,16.64600000000064,13.036700000000565,103.34300000000076,190.00670000000173,16.532999999999447,80.9349000000002,167.5668000000005,23.126800000001822,198.16949999999997,139.85069999999905,null,null,null,null,null,null
cmusnhqbw01vbogbkz3e1i3sh,image-to-video,performance_concurrent_flow,20,2026-10-03T17:13:11.297Z,2026-10-03T17:13:11.586Z,2026-10-03T17:13:11.594Z,2026-10-03T17:13:11.600Z,2026-10-03T17:13:11.586Z,2026-10-03T17:13:11.652Z,2026-10-03T17:13:11.737Z,2026-10-03T17:13:11.778Z,2026-10-03T17:13:11.793Z,2026-10-03T17:13:11.981Z,2026-10-03T17:13:11.793Z,2026-10-03T17:13:12.031Z,2026-10-03T17:13:12.123Z,2026-10-03T17:13:12.222Z,2026-10-03T17:13:12.301Z,2026-10-03T17:13:12.445Z,2026-10-03T17:13:12.445Z,2026-10-03T17:13:12.526Z,null,289,14,41,238,null,81,1311.112100000002,293.3834999999999,13.17410000000018,15.701900000000023,113.59100000000035,206.74109999999928,21.067000000002736,91.32819999999992,173.5597999999991,21.04739999999947,203.1875,149.09790000000066,null,null,null,null,null,null
cmusnhqdg01vjogbkuikb3zu6,image-to-video,performance_concurrent_flow,20,2026-10-03T17:13:11.297Z,2026-10-03T17:13:11.646Z,2026-10-03T17:13:11.655Z,2026-10-03T17:13:11.663Z,2026-10-03T17:13:11.646Z,2026-10-03T17:13:11.723Z,2026-10-03T17:13:11.816Z,2026-10-03T17:13:11.864Z,2026-10-03T17:13:11.879Z,2026-10-03T17:13:12.080Z,2026-10-03T17:13:11.879Z,2026-10-03T17:13:12.134Z,2026-10-03T17:13:12.214Z,2026-10-03T17:13:12.304Z,2026-10-03T17:13:12.379Z,2026-10-03T17:13:12.520Z,2026-10-03T17:13:12.520Z,2026-10-03T17:13:12.592Z,null,349,17,48,255,null,72,1363.075499999999,353.3096000000005,11.559900000000198,14.736000000000786,132.3278999999966,229.29739999999947,18.76209999999992,94.29709999999977,152.76929999999993,18.453199999999924,198.27579999999944,127.08320000000094,null,null,null,null,null,null
cmusnhqf001vtogbk30hi00nm,text-to-video,performance_concurrent_flow,20,2026-10-03T17:13:11.297Z,2026-10-03T17:13:11.701Z,2026-10-03T17:13:11.711Z,2026-10-03T17:13:11.717Z,2026-10-03T17:13:11.701Z,2026-10-03T17:13:11.783Z,2026-10-03T17:13:11.844Z,2026-10-03T17:13:11.896Z,2026-10-03T17:13:11.917Z,2026-10-03T17:13:12.134Z,2026-10-03T17:13:11.917Z,2026-10-03T17:13:12.183Z,2026-10-03T17:13:12.261Z,2026-10-03T17:13:12.350Z,2026-10-03T17:13:12.430Z,2026-10-03T17:13:12.575Z,2026-10-03T17:13:12.575Z,2026-10-03T17:13:12.645Z,null,404,16,52,266,null,70,1420.0151000000005,409.00800000000163,22.212899999998626,15.885700000002544,94.40439999999944,250.2497000000003,23.061799999999494,88.83450000000084,151.97110000000248,20.997599999998783,206.16489999999976,126.35310000000027,null,null,null,null,null,null
cmusnhqgv01w1ogbkwqd3fvrc,text-to-video,performance_concurrent_flow,20,2026-10-03T17:13:11.297Z,2026-10-03T17:13:11.766Z,2026-10-03T17:13:11.777Z,2026-10-03T17:13:11.781Z,2026-10-03T17:13:11.766Z,2026-10-03T17:13:11.845Z,2026-10-03T17:13:11.916Z,2026-10-03T17:13:12.015Z,2026-10-03T17:13:12.033Z,2026-10-03T17:13:12.249Z,2026-10-03T17:13:12.033Z,2026-10-03T17:13:12.287Z,2026-10-03T17:13:12.363Z,2026-10-03T17:13:12.457Z,2026-10-03T17:13:12.537Z,2026-10-03T17:13:12.675Z,2026-10-03T17:13:12.675Z,2026-10-03T17:13:12.743Z,null,469,15,99,254,null,68,1502.5888999999988,476.0049999999974,13.573599999999715,17.259400000002643,110.56910000000062,297.2502000000022,19.37909999999829,76.51399999999921,158.76499999999942,20.34189999999944,195.43870000000243,109.1144000000022,null,null,null,null,null,null
cmusnhqip01w9ogbkro5qtvnh,image-to-video,performance_concurrent_flow,20,2026-10-03T17:13:11.297Z,2026-10-03T17:13:11.838Z,2026-10-03T17:13:11.850Z,2026-10-03T17:13:11.857Z,2026-10-03T17:13:11.838Z,2026-10-03T17:13:11.937Z,2026-10-03T17:13:12.049Z,2026-10-03T17:13:12.120Z,2026-10-03T17:13:12.139Z,2026-10-03T17:13:12.339Z,2026-10-03T17:13:12.139Z,2026-10-03T17:13:12.383Z,2026-10-03T17:13:12.470Z,2026-10-03T17:13:12.563Z,2026-10-03T17:13:12.638Z,2026-10-03T17:13:12.763Z,2026-10-03T17:13:12.763Z,2026-10-03T17:13:12.823Z,null,541,19,71,244,null,60,1577.9262000000017,548.5061000000023,18.107899999999063,18.588199999998324,162.43250000000262,256.8247999999985,17.265799999997398,82.7625999999982,162.27160000000003,19.521899999999732,179.85779999999795,99.83949999999822,null,null,null,null,null,null
cmusnhqky01wkogbknvystnan,image-to-video,performance_concurrent_flow,20,2026-10-03T17:13:11.297Z,2026-10-03T17:13:11.928Z,2026-10-03T17:13:11.943Z,2026-10-03T17:13:11.950Z,2026-10-03T17:13:11.928Z,2026-10-03T17:13:12.040Z,2026-10-03T17:13:12.182Z,2026-10-03T17:13:12.239Z,2026-10-03T17:13:12.256Z,2026-10-03T17:13:12.462Z,2026-10-03T17:13:12.256Z,2026-10-03T17:13:12.510Z,2026-10-03T17:13:12.590Z,2026-10-03T17:13:12.676Z,2026-10-03T17:13:12.745Z,2026-10-03T17:13:12.848Z,2026-10-03T17:13:12.848Z,2026-10-03T17:13:12.898Z,null,631,22,57,254,null,50,1649.3014000000003,637.4821999999986,20.388699999999517,17.776200000000244,200.62880000000223,239.07520000000295,23.40020000000004,87.12510000000111,151.53879999999845,17.826099999998405,150.4434000000001,87.65680000000066,null,null,null,null,null,null
cmusnhqne01wwogbkvjz8oxv8,text-to-video,performance_concurrent_flow,20,2026-10-03T17:13:11.297Z,2026-10-03T17:13:12.011Z,2026-10-03T17:13:12.025Z,2026-10-03T17:13:12.037Z,2026-10-03T17:13:12.011Z,2026-10-03T17:13:12.131Z,2026-10-03T17:13:12.206Z,2026-10-03T17:13:12.263Z,2026-10-03T17:13:12.281Z,2026-10-03T17:13:12.486Z,2026-10-03T17:13:12.281Z,2026-10-03T17:13:12.526Z,2026-10-03T17:13:12.599Z,2026-10-03T17:13:12.687Z,2026-10-03T17:13:12.756Z,2026-10-03T17:13:12.856Z,2026-10-03T17:13:12.856Z,2026-10-03T17:13:12.906Z,null,714,26,57,245,null,50,1652.7585,721.9651999999987,19.96229999999923,19.67870000000039,136.4135000000024,241.4462999999996,24.01249999999709,75.36290000000008,151.20600000000195,13.43159999999989,146.87680000000182,84.5219999999972,null,null,null,null,null,null
cmusnhqpm01x5ogbk44i0x99h,text-to-video,performance_concurrent_flow,20,2026-10-03T17:13:11.297Z,2026-10-03T17:13:12.102Z,2026-10-03T17:13:12.121Z,2026-10-03T17:13:12.129Z,2026-10-03T17:13:12.102Z,2026-10-03T17:13:12.214Z,2026-10-03T17:13:12.292Z,2026-10-03T17:13:12.349Z,2026-10-03T17:13:12.368Z,2026-10-03T17:13:12.576Z,2026-10-03T17:13:12.368Z,2026-10-03T17:13:12.611Z,2026-10-03T17:13:12.689Z,2026-10-03T17:13:12.765Z,2026-10-03T17:13:12.830Z,2026-10-03T17:13:12.921Z,2026-10-03T17:13:12.921Z,2026-10-03T17:13:12.961Z,null,805,27,57,243,null,40,1713.318800000001,818.3709999999992,22.938500000000204,20.550799999997253,127.65580000000045,245.57810000000245,20.329000000001543,73.49209999999948,139.21250000000146,14.196199999998498,136.20550000000003,80.67299999999886,null,null,null,null,null,null
cmusnhqsl01xeogbkv84q8099,image-to-video,performance_concurrent_flow,20,2026-10-03T17:13:11.297Z,2026-10-03T17:13:12.203Z,2026-10-03T17:13:12.216Z,2026-10-03T17:13:12.224Z,2026-10-03T17:13:12.203Z,2026-10-03T17:13:12.304Z,2026-10-03T17:13:12.417Z,2026-10-03T17:13:12.484Z,2026-10-03T17:13:12.502Z,2026-10-03T17:13:12.688Z,2026-10-03T17:13:12.502Z,2026-10-03T17:13:12.725Z,2026-10-03T17:13:12.786Z,2026-10-03T17:13:12.855Z,2026-10-03T17:13:12.907Z,2026-10-03T17:13:12.991Z,2026-10-03T17:13:12.991Z,2026-10-03T17:13:13.026Z,null,906,21,67,223,null,35,1761.9784,912.0653999999995,20.30840000000171,18.56209999999919,164.71670000000086,230.7507000000005,19.514800000000832,70.23959999999715,116.32560000000012,12.57549999999901,121.35089999999764,60.56710000000021,null,null,null,null,null,null
cmusnhqv501xrogbki342extc,image-to-video,performance_concurrent_flow,20,2026-10-03T17:13:11.297Z,2026-10-03T17:13:12.291Z,2026-10-03T17:13:12.307Z,2026-10-03T17:13:12.314Z,2026-10-03T17:13:12.291Z,2026-10-03T17:13:12.391Z,2026-10-03T17:13:12.514Z,2026-10-03T17:13:12.568Z,2026-10-03T17:13:12.587Z,2026-10-03T17:13:12.764Z,2026-10-03T17:13:12.587Z,2026-10-03T17:13:12.796Z,2026-10-03T17:13:12.852Z,2026-10-03T17:13:12.910Z,2026-10-03T17:13:12.958Z,2026-10-03T17:13:13.028Z,2026-10-03T17:13:13.028Z,2026-10-03T17:13:13.058Z,null,994,23,54,209,null,30,1790.8051999999989,1002.8605000000025,17.604200000001583,18.175799999997253,170.04349999999977,217.8643000000011,17.011200000000827,66.72069999999803,100.435300000001,12.746899999998277,100.10339999999997,52.7445000000007,null,null,null,null,null,null
cmusnhqxg01y3ogbkhj3c3sap,text-to-video,performance_concurrent_flow,20,2026-10-03T17:13:11.297Z,2026-10-03T17:13:12.371Z,2026-10-03T17:13:12.386Z,2026-10-03T17:13:12.396Z,2026-10-03T17:13:12.371Z,2026-10-03T17:13:12.481Z,2026-10-03T17:13:12.559Z,2026-10-03T17:13:12.607Z,2026-10-03T17:13:12.626Z,2026-10-03T17:13:12.801Z,2026-10-03T17:13:12.626Z,2026-10-03T17:13:12.833Z,2026-10-03T17:13:12.884Z,2026-10-03T17:13:12.951Z,2026-10-03T17:13:12.997Z,2026-10-03T17:13:13.057Z,2026-10-03T17:13:13.057Z,2026-10-03T17:13:13.086Z,null,1074,25,48,207,null,29,1820.634900000001,1081.6623,17.33050000000003,20.137399999999616,132.0521000000008,213.751400000001,15.394800000001851,59.1323999999986,104.73170000000027,11.727399999999761,94.27439999999842,53.385599999997794,null,null,null,null,null,null
cmusnhqzz01ybogbkkueu5sc6,text-to-video,performance_concurrent_flow,20,2026-10-03T17:13:11.297Z,2026-10-03T17:13:12.473Z,2026-10-03T17:13:12.486Z,2026-10-03T17:13:12.495Z,2026-10-03T17:13:12.473Z,2026-10-03T17:13:12.573Z,2026-10-03T17:13:12.651Z,2026-10-03T17:13:12.706Z,2026-10-03T17:13:12.721Z,2026-10-03T17:13:12.875Z,2026-10-03T17:13:12.721Z,2026-10-03T17:13:12.905Z,2026-10-03T17:13:12.961Z,2026-10-03T17:13:13.012Z,2026-10-03T17:13:13.048Z,2026-10-03T17:13:13.106Z,2026-10-03T17:13:13.106Z,2026-10-03T17:13:13.135Z,null,1176,22,55,184,null,29,1862.8521999999975,1182.6039000000019,17.6678000000029,20.804299999999785,123.84469999999783,197.27789999999732,14.045099999999366,60.354699999999866,91.37879999999859,8.120699999999488,82.26770000000033,48.63999999999942,null,null,null,null,null,null
cmusnhr3301ylogbk40ki2y5f,image-to-video,performance_concurrent_flow,20,2026-10-03T17:13:11.297Z,2026-10-03T17:13:12.588Z,2026-10-03T17:13:12.600Z,2026-10-03T17:13:12.607Z,2026-10-03T17:13:12.588Z,2026-10-03T17:13:12.687Z,2026-10-03T17:13:12.783Z,2026-10-03T17:13:12.827Z,2026-10-03T17:13:12.842Z,2026-10-03T17:13:12.964Z,2026-10-03T17:13:12.842Z,2026-10-03T17:13:12.989Z,2026-10-03T17:13:13.027Z,2026-10-03T17:13:13.065Z,2026-10-03T17:13:13.097Z,2026-10-03T17:13:13.145Z,2026-10-03T17:13:13.145Z,2026-10-03T17:13:13.170Z,null,1291,19,44,147,null,25,1892.5973999999987,1297.2985000000008,18.731500000001688,18.083999999998923,143.95720000000074,157.8112000000001,11.1846000000005,47.3679000000011,68.34119999999893,6.714499999998225,71.34049999999843,38.89950000000317,null,null,null,null,null,null
cmusnhrwg022logbkfcv1kry3,text-to-video,performance_concurrent_flow,20,2026-10-03T17:13:13.582Z,2026-10-03T17:13:13.608Z,2026-10-03T17:13:13.612Z,2026-10-03T17:13:13.615Z,2026-10-03T17:13:13.608Z,2026-10-03T17:13:13.635Z,2026-10-03T17:13:13.657Z,2026-10-03T17:13:13.677Z,2026-10-03T17:13:13.691Z,2026-10-03T17:13:13.769Z,2026-10-03T17:13:13.691Z,2026-10-03T17:13:13.788Z,2026-10-03T17:13:13.832Z,2026-10-03T17:13:13.881Z,2026-10-03T17:13:13.929Z,2026-10-03T17:13:14.018Z,2026-10-03T17:13:14.018Z,2026-10-03T17:13:14.081Z,null,26,7,20,97,null,63,563.0789999999979,28.50890000000072,5.486300000000483,4.796399999999267,35.44690000000264,94.88760000000184,8.39509999999791,38.251000000000204,89.88110000000233,10.933499999999185,125.95160000000033,116.0570000000007,null,null,null,null,null,null
cmusnhrx2022pogbk0gw3eaav,text-to-video,performance_concurrent_flow,20,2026-10-03T17:13:13.582Z,2026-10-03T17:13:13.630Z,2026-10-03T17:13:13.635Z,2026-10-03T17:13:13.638Z,2026-10-03T17:13:13.630Z,2026-10-03T17:13:13.661Z,2026-10-03T17:13:13.686Z,2026-10-03T17:13:13.708Z,2026-10-03T17:13:13.723Z,2026-10-03T17:13:13.822Z,2026-10-03T17:13:13.723Z,2026-10-03T17:13:13.840Z,2026-10-03T17:13:13.881Z,2026-10-03T17:13:13.934Z,2026-10-03T17:13:13.986Z,2026-10-03T17:13:14.098Z,2026-10-03T17:13:14.098Z,2026-10-03T17:13:14.162Z,null,48,8,22,117,null,64,656.2566999999981,50.69880000000194,5.470900000000256,6.005799999998999,39.264100000000326,112.91610000000219,14.745100000000093,38.893199999998615,89.41190000000279,14.466300000000047,151.63420000000042,127.70569999999861,null,null,null,null,null,null
cmusnhrxp022togbku7jc7wnh,text-to-video,performance_concurrent_flow,20,2026-10-03T17:13:13.582Z,2026-10-03T17:13:13.655Z,2026-10-03T17:13:13.660Z,2026-10-03T17:13:13.663Z,2026-10-03T17:13:13.655Z,2026-10-03T17:13:13.688Z,2026-10-03T17:13:13.717Z,2026-10-03T17:13:13.739Z,2026-10-03T17:13:13.752Z,2026-10-03T17:13:13.851Z,2026-10-03T17:13:13.752Z,2026-10-03T17:13:13.872Z,2026-10-03T17:13:13.915Z,2026-10-03T17:13:13.970Z,2026-10-03T17:13:14.025Z,2026-10-03T17:13:14.139Z,2026-10-03T17:13:14.139Z,2026-10-03T17:13:14.209Z,null,73,8,22,120,null,70,729.8171000000002,75.66029999999955,6.018800000001647,6.581400000002759,43.98749999999927,116.72499999999854,9.234300000000076,40.886600000001636,92.43210000000181,13.307300000000396,158.487000000001,160.59829999999783,null,null,null,null,null,null
cmusnhryg022xogbkbl6q1bmq,image-to-video,performance_concurrent_flow,20,2026-10-03T17:13:13.582Z,2026-10-03T17:13:13.685Z,2026-10-03T17:13:13.690Z,2026-10-03T17:13:13.694Z,2026-10-03T17:13:13.685Z,2026-10-03T17:13:13.726Z,2026-10-03T17:13:13.772Z,2026-10-03T17:13:13.803Z,2026-10-03T17:13:13.823Z,2026-10-03T17:13:13.923Z,2026-10-03T17:13:13.823Z,2026-10-03T17:13:13.950Z,2026-10-03T17:13:13.999Z,2026-10-03T17:13:14.073Z,2026-10-03T17:13:14.143Z,2026-10-03T17:13:14.274Z,2026-10-03T17:13:14.274Z,2026-10-03T17:13:14.311Z,null,103,9,31,127,null,37,798.4976000000024,105.51759999999922,6.819800000001123,11.113699999998062,65.2583999999988,130.46010000000024,9.995200000001205,48.54819999999745,116.92660000000251,16.912199999998847,186.59470000000147,93.60819999999876,null,null,null,null,null,null
cmusnhrzd0234ogbkhl7rr2qx,image-to-video,performance_concurrent_flow,20,2026-10-03T17:13:13.582Z,2026-10-03T17:13:13.720Z,2026-10-03T17:13:13.724Z,2026-10-03T17:13:13.728Z,2026-10-03T17:13:13.720Z,2026-10-03T17:13:13.761Z,2026-10-03T17:13:13.826Z,2026-10-03T17:13:13.853Z,2026-10-03T17:13:13.868Z,2026-10-03T17:13:13.987Z,2026-10-03T17:13:13.868Z,2026-10-03T17:13:14.015Z,2026-10-03T17:13:14.080Z,2026-10-03T17:13:14.155Z,2026-10-03T17:13:14.233Z,2026-10-03T17:13:14.360Z,2026-10-03T17:13:14.360Z,2026-10-03T17:13:14.438Z,null,138,8,27,147,null,78,929.2093999999997,140.16890000000058,7.580599999997503,9.491500000000087,83.31489999999758,138.70249999999942,12.463599999999133,58.74830000000293,130.43009999999776,18.238900000000285,188.09159999999974,135.89140000000043,null,null,null,null,null,null
cmusnhs0b023bogbk29n2fdrt,text-to-video,performance_concurrent_flow,20,2026-10-03T17:13:13.582Z,2026-10-03T17:13:13.752Z,2026-10-03T17:13:13.758Z,2026-10-03T17:13:13.762Z,2026-10-03T17:13:13.752Z,2026-10-03T17:13:13.803Z,2026-10-03T17:13:13.846Z,2026-10-03T17:13:13.875Z,2026-10-03T17:13:13.891Z,2026-10-03T17:13:14.013Z,2026-10-03T17:13:13.891Z,2026-10-03T17:13:14.045Z,2026-10-03T17:13:14.109Z,2026-10-03T17:13:14.187Z,2026-10-03T17:13:14.268Z,2026-10-03T17:13:14.425Z,2026-10-03T17:13:14.425Z,2026-10-03T17:13:14.497Z,null,170,10,29,154,null,72,984.3186999999998,173.26540000000023,9.666300000000774,10.32719999999972,68.52620000000024,142.91180000000168,12.902600000001257,65.8917999999976,128.32949999999983,19.92150000000038,219.51780000000144,126.38190000000031,null,null,null,null,null,null
cmusnhs1f023hogbkfg41oc5j,image-to-video,performance_concurrent_flow,20,2026-10-03T17:13:13.582Z,2026-10-03T17:13:13.798Z,2026-10-03T17:13:13.808Z,2026-10-03T17:13:13.816Z,2026-10-03T17:13:13.798Z,2026-10-03T17:13:13.854Z,2026-10-03T17:13:13.917Z,2026-10-03T17:13:13.953Z,2026-10-03T17:13:13.969Z,2026-10-03T17:13:14.138Z,2026-10-03T17:13:13.969Z,2026-10-03T17:13:14.176Z,2026-10-03T17:13:14.256Z,2026-10-03T17:13:14.364Z,2026-10-03T17:13:14.449Z,2026-10-03T17:13:14.588Z,2026-10-03T17:13:14.588Z,2026-10-03T17:13:14.662Z,null,216,18,36,207,null,74,1143.8571999999986,219.75239999999758,9.349300000001676,8.245300000002317,88.58269999999902,192.00800000000163,16.241400000002614,73.62319999999818,176.49660000000222,22.119399999999587,199.83760000000257,123.50890000000072,null,null,null,null,null,null
cmusnhs2w023nogbk4ogrb9zo,text-to-video,performance_concurrent_flow,20,2026-10-03T17:13:13.582Z,2026-10-03T17:13:13.850Z,2026-10-03T17:13:13.858Z,2026-10-03T17:13:13.862Z,2026-10-03T17:13:13.850Z,2026-10-03T17:13:13.905Z,2026-10-03T17:13:13.952Z,2026-10-03T17:13:13.988Z,2026-10-03T17:13:14.002Z,2026-10-03T17:13:14.166Z,2026-10-03T17:13:14.002Z,2026-10-03T17:13:14.205Z,2026-10-03T17:13:14.282Z,2026-10-03T17:13:14.363Z,2026-10-03T17:13:14.444Z,2026-10-03T17:13:14.581Z,2026-10-03T17:13:14.581Z,2026-10-03T17:13:14.657Z,null,268,12,36,203,null,76,1142.8843000000015,272.21649999999863,9.007100000002538,10.105800000001182,76.3731000000007,182.047300000002,17.07140000000072,77.20010000000184,143.99079999999958,20.38090000000011,198.83810000000085,127.43599999999788,null,null,null,null,null,null
cmusnhs4a023wogbkn84o9z37,image-to-video,performance_concurrent_flow,20,2026-10-03T17:13:13.582Z,2026-10-03T17:13:13.904Z,2026-10-03T17:13:13.912Z,2026-10-03T17:13:13.919Z,2026-10-03T17:13:13.904Z,2026-10-03T17:13:13.969Z,2026-10-03T17:13:14.052Z,2026-10-03T17:13:14.097Z,2026-10-03T17:13:14.116Z,2026-10-03T17:13:14.326Z,2026-10-03T17:13:14.116Z,2026-10-03T17:13:14.362Z,2026-10-03T17:13:14.445Z,2026-10-03T17:13:14.535Z,2026-10-03T17:13:14.622Z,2026-10-03T17:13:14.759Z,2026-10-03T17:13:14.759Z,2026-10-03T17:13:14.828Z,null,322,15,45,246,null,69,1305.0951999999997,327.03329999999914,12.378700000001118,12.581699999998818,116.9981000000007,211.1824000000015,42.83420000000115,77.91270000000077,160.863400000002,16.026200000000244,201.94440000000031,115.32890000000043,null,null,null,null,null,null
cmusnhs5u0247ogbkwfsft4n0,image-to-video,performance_concurrent_flow,20,2026-10-03T17:13:13.582Z,2026-10-03T17:13:13.962Z,2026-10-03T17:13:13.970Z,2026-10-03T17:13:13.976Z,2026-10-03T17:13:13.962Z,2026-10-03T17:13:14.028Z,2026-10-03T17:13:14.126Z,2026-10-03T17:13:14.178Z,2026-10-03T17:13:14.195Z,2026-10-03T17:13:14.392Z,2026-10-03T17:13:14.195Z,2026-10-03T17:13:14.436Z,2026-10-03T17:13:14.510Z,2026-10-03T17:13:14.604Z,2026-10-03T17:13:14.683Z,2026-10-03T17:13:14.814Z,2026-10-03T17:13:14.814Z,2026-10-03T17:13:14.880Z,null,380,14,52,241,null,66,1355.7124000000003,383.7530999999981,12.551699999999983,11.831100000003062,132.98749999999927,226.04629999999815,21.621100000000297,82.22920000000158,153.73110000000088,18.060600000000704,195.3796000000002,107.47920000000158,null,null,null,null,null,null
cmusnhs7c024eogbks1w32xzz,text-to-video,performance_concurrent_flow,20,2026-10-03T17:13:13.582Z,2026-10-03T17:13:14.014Z,2026-10-03T17:13:14.025Z,2026-10-03T17:13:14.035Z,2026-10-03T17:13:14.014Z,2026-10-03T17:13:14.101Z,2026-10-03T17:13:14.166Z,2026-10-03T17:13:14.218Z,2026-10-03T17:13:14.238Z,2026-10-03T17:13:14.451Z,2026-10-03T17:13:14.238Z,2026-10-03T17:13:14.490Z,2026-10-03T17:13:14.565Z,2026-10-03T17:13:14.660Z,2026-10-03T17:13:14.732Z,2026-10-03T17:13:14.861Z,2026-10-03T17:13:14.861Z,2026-10-03T17:13:14.924Z,null,432,21,52,252,null,63,1403.7397999999994,437.5751999999993,20.163899999999558,15.159299999999348,101.14140000000043,251.48819999999978,18.134099999999307,72.9506999999976,160.86119999999937,16.482299999999668,183.61000000000058,110.58510000000024,null,null,null,null,null,null
cmusnhs9b024oogbk9zxh3bpi,image-to-video,performance_concurrent_flow,20,2026-10-03T17:13:13.582Z,2026-10-03T17:13:14.088Z,2026-10-03T17:13:14.099Z,2026-10-03T17:13:14.108Z,2026-10-03T17:13:14.088Z,2026-10-03T17:13:14.177Z,2026-10-03T17:13:14.288Z,2026-10-03T17:13:14.366Z,2026-10-03T17:13:14.384Z,2026-10-03T17:13:14.584Z,2026-10-03T17:13:14.384Z,2026-10-03T17:13:14.625Z,2026-10-03T17:13:14.701Z,2026-10-03T17:13:14.785Z,2026-10-03T17:13:14.856Z,2026-10-03T17:13:14.974Z,2026-10-03T17:13:14.974Z,2026-10-03T17:13:15.028Z,null,506,20,78,241,null,54,1498.3235999999997,511.41719999999987,15.456099999999424,17.03099999999904,177.03009999999995,236.0725999999995,16.123599999998987,82.0067999999992,147.36329999999725,18.37130000000252,166.91159999999945,96.10250000000087,null,null,null,null,null,null
cmusnhsbb0250ogbkn5cr7isd,image-to-video,performance_concurrent_flow,20,2026-10-03T17:13:13.582Z,2026-10-03T17:13:14.167Z,2026-10-03T17:13:14.179Z,2026-10-03T17:13:14.187Z,2026-10-03T17:13:14.168Z,2026-10-03T17:13:14.264Z,2026-10-03T17:13:14.386Z,2026-10-03T17:13:14.441Z,2026-10-03T17:13:14.460Z,2026-10-03T17:13:14.660Z,2026-10-03T17:13:14.460Z,2026-10-03T17:13:14.699Z,2026-10-03T17:13:14.772Z,2026-10-03T17:13:14.854Z,2026-10-03T17:13:14.923Z,2026-10-03T17:13:15.028Z,2026-10-03T17:13:15.028Z,2026-10-03T17:13:15.079Z,null,585,20,55,239,null,51,1546.6896000000015,590.7819999999992,17.443899999998393,17.080400000002555,172.4398000000001,234.2993000000024,20.183200000003126,73.96480000000156,143.58269999999902,18.176400000000285,154.38980000000083,90.47839999999997,null,null,null,null,null,null
cmusnhsdn025aogbkygz3os0p,image-to-video,performance_concurrent_flow,20,2026-10-03T17:13:13.582Z,2026-10-03T17:13:14.257Z,2026-10-03T17:13:14.269Z,2026-10-03T17:13:14.279Z,2026-10-03T17:13:14.257Z,2026-10-03T17:13:14.375Z,2026-10-03T17:13:14.488Z,2026-10-03T17:13:14.545Z,2026-10-03T17:13:14.564Z,2026-10-03T17:13:14.764Z,2026-10-03T17:13:14.564Z,2026-10-03T17:13:14.800Z,2026-10-03T17:13:14.863Z,2026-10-03T17:13:14.941Z,2026-10-03T17:13:15.003Z,2026-10-03T17:13:15.097Z,2026-10-03T17:13:15.097Z,2026-10-03T17:13:15.148Z,null,675,22,57,236,null,51,1605.7662999999993,680.5516000000025,36.544700000002194,21.40559999999823,157.55040000000008,235.40079999999944,24.046599999997852,70.5589,129.01560000000245,14.685100000002421,138.2574999999997,80.95829999999842,null,null,null,null,null,null
cmusnhsfx025nogbkecaagbji,image-to-video,performance_concurrent_flow,20,2026-10-03T17:13:13.582Z,2026-10-03T17:13:14.312Z,2026-10-03T17:13:14.325Z,2026-10-03T17:13:14.334Z,2026-10-03T17:13:14.312Z,2026-10-03T17:13:14.413Z,2026-10-03T17:13:14.522Z,2026-10-03T17:13:14.577Z,2026-10-03T17:13:14.602Z,2026-10-03T17:13:14.793Z,2026-10-03T17:13:14.602Z,2026-10-03T17:13:14.834Z,2026-10-03T17:13:14.894Z,2026-10-03T17:13:14.970Z,2026-10-03T17:13:15.031Z,2026-10-03T17:13:15.124Z,2026-10-03T17:13:15.124Z,2026-10-03T17:13:15.168Z,null,730,22,55,232,null,44,1622.5292000000009,735.8816999999981,15.952900000000227,17.710000000002765,161.45279999999912,238.7619999999988,15.484000000000378,72.984800000002,126.01180000000022,14.447199999998702,135.60339999999997,71.95159999999669,null,null,null,null,null,null
cmusnhshh025togbkd8n1pynj,text-to-video,performance_concurrent_flow,20,2026-10-03T17:13:13.582Z,2026-10-03T17:13:14.393Z,2026-10-03T17:13:14.407Z,2026-10-03T17:13:14.414Z,2026-10-03T17:13:14.393Z,2026-10-03T17:13:14.492Z,2026-10-03T17:13:14.565Z,2026-10-03T17:13:14.627Z,2026-10-03T17:13:14.643Z,2026-10-03T17:13:14.834Z,2026-10-03T17:13:14.643Z,2026-10-03T17:13:14.867Z,2026-10-03T17:13:14.931Z,2026-10-03T17:13:15.002Z,2026-10-03T17:13:15.056Z,2026-10-03T17:13:15.151Z,2026-10-03T17:13:15.151Z,2026-10-03T17:13:15.190Z,null,811,21,62,224,null,39,1647.7495000000017,817.384399999999,21.055499999998574,19.902799999999843,116.6257000000005,234.29809999999998,20.250499999998283,63.584500000000844,122.92319999999745,14.789099999998143,131.1137000000017,71.05400000000009,null,null,null,null,null,null
cmusnhsjw0262ogbkg37rh1n5,text-to-video,performance_concurrent_flow,20,2026-10-03T17:13:13.582Z,2026-10-03T17:13:14.474Z,2026-10-03T17:13:14.487Z,2026-10-03T17:13:14.494Z,2026-10-03T17:13:14.474Z,2026-10-03T17:13:14.570Z,2026-10-03T17:13:14.651Z,2026-10-03T17:13:14.707Z,2026-10-03T17:13:14.722Z,2026-10-03T17:13:14.905Z,2026-10-03T17:13:14.722Z,2026-10-03T17:13:14.937Z,2026-10-03T17:13:14.997Z,2026-10-03T17:13:15.059Z,2026-10-03T17:13:15.116Z,2026-10-03T17:13:15.191Z,2026-10-03T17:13:15.191Z,2026-10-03T17:13:15.222Z,null,892,20,56,215,null,31,1673.3958999999995,898.8001000000004,18.822299999999814,19.127599999999802,127.20929999999862,223.2071999999971,15.100900000001275,62.055499999998574,110.23119999999835,13.463999999999942,114.52880000000005,57.157600000002276,null,null,null,null,null,null
cmusnhsm2026bogbkefyb8s2j,text-to-video,performance_concurrent_flow,20,2026-10-03T17:13:13.582Z,2026-10-03T17:13:14.556Z,2026-10-03T17:13:14.567Z,2026-10-03T17:13:14.578Z,2026-10-03T17:13:14.556Z,2026-10-03T17:13:14.661Z,2026-10-03T17:13:14.731Z,2026-10-03T17:13:14.788Z,2026-10-03T17:13:14.809Z,2026-10-03T17:13:14.969Z,2026-10-03T17:13:14.809Z,2026-10-03T17:13:15.002Z,2026-10-03T17:13:15.058Z,2026-10-03T17:13:15.117Z,2026-10-03T17:13:15.164Z,2026-10-03T17:13:15.227Z,2026-10-03T17:13:15.227Z,2026-10-03T17:13:15.260Z,null,974,22,57,193,null,33,1709.940999999999,978.3636000000006,23.082099999999627,18.335399999999936,118.8721000000005,207.29880000000048,16.131199999999808,64.52440000000206,99.33079999999973,11.8650000000016,98.62840000000142,55.857499999998254,null,null,null,null,null,null
cmusnhsoo026nogbkjrmp0j7k,image-to-video,performance_concurrent_flow,20,2026-10-03T17:13:13.582Z,2026-10-03T17:13:14.653Z,2026-10-03T17:13:14.670Z,2026-10-03T17:13:14.676Z,2026-10-03T17:13:14.653Z,2026-10-03T17:13:14.753Z,2026-10-03T17:13:14.857Z,2026-10-03T17:13:14.902Z,2026-10-03T17:13:14.918Z,2026-10-03T17:13:15.064Z,2026-10-03T17:13:14.918Z,2026-10-03T17:13:15.090Z,2026-10-03T17:13:15.142Z,2026-10-03T17:13:15.192Z,2026-10-03T17:13:15.226Z,2026-10-03T17:13:15.286Z,2026-10-03T17:13:15.286Z,2026-10-03T17:13:15.308Z,null,1071,23,45,172,null,22,1751.0757000000012,1081.1993999999977,17.070299999999406,18.0750999999982,150.5212999999967,184.4376000000011,10.900800000003073,52.29579999999987,89.23649999999907,10.596399999998539,81.83559999999852,41.56789999999819,null,null,null,null,null,null
cmusnhsr7026zogbkt2eft8he,text-to-video,performance_concurrent_flow,20,2026-10-03T17:13:13.582Z,2026-10-03T17:13:14.737Z,2026-10-03T17:13:14.755Z,2026-10-03T17:13:14.763Z,2026-10-03T17:13:14.737Z,2026-10-03T17:13:14.836Z,2026-10-03T17:13:14.897Z,2026-10-03T17:13:14.946Z,2026-10-03T17:13:14.963Z,2026-10-03T17:13:15.114Z,2026-10-03T17:13:14.963Z,2026-10-03T17:13:15.141Z,2026-10-03T17:13:15.185Z,2026-10-03T17:13:15.225Z,2026-10-03T17:13:15.262Z,2026-10-03T17:13:15.311Z,2026-10-03T17:13:15.311Z,2026-10-03T17:13:15.332Z,null,1155,26,49,178,null,21,1769.9537999999993,1163.5570999999982,15.869399999999587,19.735500000002503,105.65539999999964,189.62780000000203,12.288499999998749,51.17950000000201,77.75119999999879,10.516599999999016,70.9220000000023,35.669300000001385,null,null,null,null,null,null
cmusnhtm202azogbkc3q8qcfv,text-to-video,performance_concurrent_flow,20,2026-10-03T17:13:15.782Z,2026-10-03T17:13:15.837Z,2026-10-03T17:13:15.848Z,2026-10-03T17:13:15.854Z,2026-10-03T17:13:15.837Z,2026-10-03T17:13:15.896Z,2026-10-03T17:13:15.935Z,2026-10-03T17:13:15.967Z,2026-10-03T17:13:15.983Z,2026-10-03T17:13:16.117Z,2026-10-03T17:13:15.983Z,2026-10-03T17:13:16.139Z,2026-10-03T17:13:16.192Z,2026-10-03T17:13:16.251Z,2026-10-03T17:13:16.303Z,2026-10-03T17:13:16.410Z,2026-10-03T17:13:16.410Z,2026-10-03T17:13:16.500Z,null,55,17,32,156,null,90,810.4458999999988,62.71160000000236,8.643499999998312,9.762700000002951,66.93130000000019,165.39190000000235,7.733299999999872,40.883200000000215,107.56760000000213,11.044000000001688,147.91200000000026,172.47519999999713,null,null,null,null,null,null
cmusnhtng02b3ogbkxfsmt9g8,image-to-video,performance_concurrent_flow,20,2026-10-03T17:13:15.782Z,2026-10-03T17:13:15.893Z,2026-10-03T17:13:15.900Z,2026-10-03T17:13:15.906Z,2026-10-03T17:13:15.893Z,2026-10-03T17:13:15.953Z,2026-10-03T17:13:16.010Z,2026-10-03T17:13:16.051Z,2026-10-03T17:13:16.067Z,2026-10-03T17:13:16.190Z,2026-10-03T17:13:16.067Z,2026-10-03T17:13:16.220Z,2026-10-03T17:13:16.269Z,2026-10-03T17:13:16.338Z,2026-10-03T17:13:16.399Z,2026-10-03T17:13:16.517Z,2026-10-03T17:13:16.517Z,2026-10-03T17:13:16.601Z,null,111,13,41,153,null,84,909.785899999999,114.791500000003,8.116799999999785,11.500800000001618,89.49150000000009,145.64500000000044,20.148799999999028,57.28029999999853,112.8143999999993,13.358000000000175,166.10410000000047,160.53559999999925,null,null,null,null,null,null
cmusnhtox02b8ogbkjeyf4nro,text-to-video,performance_concurrent_flow,20,2026-10-03T17:13:15.782Z,2026-10-03T17:13:15.951Z,2026-10-03T17:13:15.960Z,2026-10-03T17:13:15.965Z,2026-10-03T17:13:15.952Z,2026-10-03T17:13:16.006Z,2026-10-03T17:13:16.059Z,2026-10-03T17:13:16.097Z,2026-10-03T17:13:16.111Z,2026-10-03T17:13:16.234Z,2026-10-03T17:13:16.111Z,2026-10-03T17:13:16.261Z,2026-10-03T17:13:16.319Z,2026-10-03T17:13:16.387Z,2026-10-03T17:13:16.452Z,2026-10-03T17:13:16.574Z,2026-10-03T17:13:16.574Z,2026-10-03T17:13:16.656Z,null,169,14,38,150,null,82,974.1839,174.45349999999962,10.911500000001979,8.583299999998417,79.10339999999997,150.74129999999786,13.391799999997602,51.49329999999827,118.10550000000148,18.683499999999185,178.1247000000003,161.31890000000203,null,null,null,null,null,null
cmusnhtqm02bdogbkl2ndjwra,image-to-video,performance_concurrent_flow,20,2026-10-03T17:13:15.782Z,2026-10-03T17:13:16.003Z,2026-10-03T17:13:16.012Z,2026-10-03T17:13:16.019Z,2026-10-03T17:13:16.004Z,2026-10-03T17:13:16.078Z,2026-10-03T17:13:16.139Z,2026-10-03T17:13:16.171Z,2026-10-03T17:13:16.194Z,2026-10-03T17:13:16.321Z,2026-10-03T17:13:16.194Z,2026-10-03T17:13:16.353Z,2026-10-03T17:13:16.413Z,2026-10-03T17:13:16.482Z,2026-10-03T17:13:16.561Z,2026-10-03T17:13:16.724Z,2026-10-03T17:13:16.724Z,2026-10-03T17:13:16.805Z,null,221,16,32,159,null,81,1102.4455000000016,225.8005000000012,13.70390000000043,12.249700000000303,98.29420000000027,152.30709999999817,18.931499999998778,60.82560000000012,118.25150000000212,23.704499999999825,222.945499999998,143.54880000000048,null,null,null,null,null,null
cmusnhts402bjogbkxejx1s5j,text-to-video,performance_concurrent_flow,20,2026-10-03T17:13:15.782Z,2026-10-03T17:13:16.060Z,2026-10-03T17:13:16.069Z,2026-10-03T17:13:16.078Z,2026-10-03T17:13:16.060Z,2026-10-03T17:13:16.122Z,2026-10-03T17:13:16.160Z,2026-10-03T17:13:16.209Z,2026-10-03T17:13:16.225Z,2026-10-03T17:13:16.355Z,2026-10-03T17:13:16.225Z,2026-10-03T17:13:16.385Z,2026-10-03T17:13:16.447Z,2026-10-03T17:13:16.520Z,2026-10-03T17:13:16.614Z,2026-10-03T17:13:16.787Z,2026-10-03T17:13:16.787Z,2026-10-03T17:13:16.859Z,null,278,18,49,160,null,72,1154.6267999999982,282.7649999999994,11.1846000000005,13.572599999999511,62.900000000001455,166.82690000000002,14.994900000001508,59.69540000000052,126.71529999999984,21.19080000000031,245.04049999999916,135.74980000000141,null,null,null,null,null,null
cmusnhttn02bpogbkf0as817c,text-to-video,performance_concurrent_flow,20,2026-10-03T17:13:15.782Z,2026-10-03T17:13:16.111Z,2026-10-03T17:13:16.118Z,2026-10-03T17:13:16.124Z,2026-10-03T17:13:16.111Z,2026-10-03T17:13:16.167Z,2026-10-03T17:13:16.225Z,2026-10-03T17:13:16.260Z,2026-10-03T17:13:16.275Z,2026-10-03T17:13:16.432Z,2026-10-03T17:13:16.275Z,2026-10-03T17:13:16.463Z,2026-10-03T17:13:16.529Z,2026-10-03T17:13:16.628Z,2026-10-03T17:13:16.720Z,2026-10-03T17:13:16.869Z,2026-10-03T17:13:16.869Z,2026-10-03T17:13:16.959Z,null,329,13,35,188,null,90,1282.5427999999993,332.7840999999971,9.108299999999872,10.117200000000594,86.36549999999988,173.0183999999972,16.842599999999948,63.840000000000146,159.00760000000082,20.77769999999873,221.8695000000007,179.5767999999989,null,null,null,null,null,null
cmusnhtv002bwogbkwbfxrqo8,image-to-video,performance_concurrent_flow,20,2026-10-03T17:13:15.782Z,2026-10-03T17:13:16.158Z,2026-10-03T17:13:16.169Z,2026-10-03T17:13:16.175Z,2026-10-03T17:13:16.158Z,2026-10-03T17:13:16.231Z,2026-10-03T17:13:16.303Z,2026-10-03T17:13:16.349Z,2026-10-03T17:13:16.371Z,2026-10-03T17:13:16.533Z,2026-10-03T17:13:16.371Z,2026-10-03T17:13:16.575Z,2026-10-03T17:13:16.657Z,2026-10-03T17:13:16.777Z,2026-10-03T17:13:16.856Z,2026-10-03T17:13:17.017Z,2026-10-03T17:13:17.017Z,2026-10-03T17:13:17.113Z,null,376,17,46,204,null,96,1416.0979000000007,380.4415000000008,18.196100000001024,16.002199999998993,98.52800000000207,195.66089999999895,20.141899999998714,84.12999999999738,180.62739999999758,19.725099999999657,232.48300000000017,156.75500000000102,null,null,null,null,null,null
cmusnhtwx02c5ogbk4fzczk3a,image-to-video,performance_concurrent_flow,20,2026-10-03T17:13:15.782Z,2026-10-03T17:13:16.229Z,2026-10-03T17:13:16.238Z,2026-10-03T17:13:16.245Z,2026-10-03T17:13:16.229Z,2026-10-03T17:13:16.294Z,2026-10-03T17:13:16.381Z,2026-10-03T17:13:16.431Z,2026-10-03T17:13:16.448Z,2026-10-03T17:13:16.643Z,2026-10-03T17:13:16.448Z,2026-10-03T17:13:16.696Z,2026-10-03T17:13:16.792Z,2026-10-03T17:13:16.883Z,2026-10-03T17:13:16.979Z,2026-10-03T17:13:17.171Z,2026-10-03T17:13:17.171Z,2026-10-03T17:13:17.254Z,null,447,16,50,248,null,83,1554.5423999999985,451.4594999999972,11.236000000000786,13.292099999998754,116.40740000000005,225.6784000000007,22.105900000002293,102.87589999999909,163.20509999999922,19.41229999999996,272.7685999999994,144.390199999998,null,null,null,null,null,null
cmusnhtya02cdogbkkrjlp0jm,text-to-video,performance_concurrent_flow,20,2026-10-03T17:13:15.782Z,2026-10-03T17:13:16.279Z,2026-10-03T17:13:16.288Z,2026-10-03T17:13:16.293Z,2026-10-03T17:13:16.279Z,2026-10-03T17:13:16.356Z,2026-10-03T17:13:16.413Z,2026-10-03T17:13:16.460Z,2026-10-03T17:13:16.476Z,2026-10-03T17:13:16.693Z,2026-10-03T17:13:16.476Z,2026-10-03T17:13:16.753Z,2026-10-03T17:13:16.836Z,2026-10-03T17:13:16.931Z,2026-10-03T17:13:17.049Z,2026-10-03T17:13:17.202Z,2026-10-03T17:13:17.202Z,2026-10-03T17:13:17.283Z,null,497,14,47,277,null,81,1585.8446000000004,501.5698999999986,15.482800000001589,16.69670000000042,92.81810000000041,237.05459999999948,23.885200000000623,106.64129999999932,160.99049999999988,28.83929999999964,245.4330000000009,146.2518999999993,null,null,null,null,null,null
cmusnhu0202ckogbkive3x97u,text-to-video,performance_concurrent_flow,20,2026-10-03T17:13:15.782Z,2026-10-03T17:13:16.350Z,2026-10-03T17:13:16.361Z,2026-10-03T17:13:16.369Z,2026-10-03T17:13:16.350Z,2026-10-03T17:13:16.438Z,2026-10-03T17:13:16.490Z,2026-10-03T17:13:16.544Z,2026-10-03T17:13:16.566Z,2026-10-03T17:13:16.799Z,2026-10-03T17:13:16.566Z,2026-10-03T17:13:16.839Z,2026-10-03T17:13:16.919Z,2026-10-03T17:13:17.043Z,2026-10-03T17:13:17.136Z,2026-10-03T17:13:17.292Z,2026-10-03T17:13:17.292Z,2026-10-03T17:13:17.372Z,null,568,19,54,273,null,80,1676.2377000000015,574.3332999999984,13.31499999999869,13.958199999997305,98.7458000000006,275.24960000000283,18.582500000000437,73.43130000000019,196.71169999999984,22.55029999999897,230.40069999999832,145.4318999999996,null,null,null,null,null,null
cmusnhu1u02crogbk35k6ajs4,text-to-video,performance_concurrent_flow,20,2026-10-03T17:13:15.782Z,2026-10-03T17:13:16.412Z,2026-10-03T17:13:16.424Z,2026-10-03T17:13:16.435Z,2026-10-03T17:13:16.412Z,2026-10-03T17:13:16.492Z,2026-10-03T17:13:16.564Z,2026-10-03T17:13:16.630Z,2026-10-03T17:13:16.649Z,2026-10-03T17:13:16.877Z,2026-10-03T17:13:16.649Z,2026-10-03T17:13:16.922Z,2026-10-03T17:13:17.021Z,2026-10-03T17:13:17.138Z,2026-10-03T17:13:17.230Z,2026-10-03T17:13:17.382Z,2026-10-03T17:13:17.382Z,2026-10-03T17:13:17.460Z,null,630,23,66,273,null,78,1744.3665,636.063100000003,12.838199999998324,13.306300000000192,111.95360000000073,275.3155000000006,17.91740000000209,92.61679999999978,195.84490000000005,18.429199999998673,225.07960000000094,127.8148000000001,null,null,null,null,null,null
cmusnhu3r02d1ogbkoszxlyst,image-to-video,performance_concurrent_flow,20,2026-10-03T17:13:15.782Z,2026-10-03T17:13:16.482Z,2026-10-03T17:13:16.494Z,2026-10-03T17:13:16.501Z,2026-10-03T17:13:16.482Z,2026-10-03T17:13:16.591Z,2026-10-03T17:13:16.725Z,2026-10-03T17:13:16.792Z,2026-10-03T17:13:16.810Z,2026-10-03T17:13:17.069Z,2026-10-03T17:13:16.810Z,2026-10-03T17:13:17.119Z,2026-10-03T17:13:17.209Z,2026-10-03T17:13:17.306Z,2026-10-03T17:13:17.399Z,2026-10-03T17:13:17.533Z,2026-10-03T17:13:17.533Z,2026-10-03T17:13:17.610Z,null,700,19,67,309,null,77,1878.9962999999989,706.2612999999983,27.139800000000832,17.29650000000038,189.46909999999843,279.3747999999978,39.33740000000034,96.46440000000075,172.56750000000102,18.29200000000128,206.94940000000133,113.23600000000079,null,null,null,null,null,null
cmusnhu6502deogbkyqb0etet,image-to-video,performance_concurrent_flow,20,2026-10-03T17:13:15.782Z,2026-10-03T17:13:16.582Z,2026-10-03T17:13:16.604Z,2026-10-03T17:13:16.613Z,2026-10-03T17:13:16.582Z,2026-10-03T17:13:16.710Z,2026-10-03T17:13:16.842Z,2026-10-03T17:13:16.897Z,2026-10-03T17:13:16.917Z,2026-10-03T17:13:17.206Z,2026-10-03T17:13:16.917Z,2026-10-03T17:13:17.248Z,2026-10-03T17:13:17.333Z,2026-10-03T17:13:17.433Z,2026-10-03T17:13:17.506Z,2026-10-03T17:13:17.638Z,2026-10-03T17:13:17.638Z,2026-10-03T17:13:17.697Z,null,800,31,55,331,null,59,1972.2341000000015,813.9186000000009,21.810300000001007,18.016100000000733,194.248599999999,320.21470000000045,28.437700000002224,80.79229999999734,171.4416999999994,18.67939999999726,181.9277000000002,105.29249999999956,null,null,null,null,null,null
cmusnhu8y02doogbkeziewi0c,text-to-video,performance_concurrent_flow,20,2026-10-03T17:13:15.782Z,2026-10-03T17:13:16.678Z,2026-10-03T17:13:16.698Z,2026-10-03T17:13:16.708Z,2026-10-03T17:13:16.678Z,2026-10-03T17:13:16.796Z,2026-10-03T17:13:16.875Z,2026-10-03T17:13:16.940Z,2026-10-03T17:13:16.963Z,2026-10-03T17:13:17.234Z,2026-10-03T17:13:16.963Z,2026-10-03T17:13:17.276Z,2026-10-03T17:13:17.366Z,2026-10-03T17:13:17.463Z,2026-10-03T17:13:17.536Z,2026-10-03T17:13:17.657Z,2026-10-03T17:13:17.657Z,2026-10-03T17:13:17.718Z,null,896,30,65,313,null,61,1989.4952999999987,908.7599999999984,23.064800000000105,19.696599999999307,133.32500000000073,314.682499999999,25.143200000002253,84.34860000000117,168.68410000000222,16.680100000001403,173.91210000000137,103.93660000000091,null,null,null,null,null,null
cmusnhubr02dxogbk71nc8jhz,text-to-video,performance_concurrent_flow,20,2026-10-03T17:13:15.782Z,2026-10-03T17:13:16.781Z,2026-10-03T17:13:16.794Z,2026-10-03T17:13:16.803Z,2026-10-03T17:13:16.781Z,2026-10-03T17:13:16.886Z,2026-10-03T17:13:16.975Z,2026-10-03T17:13:17.063Z,2026-10-03T17:13:17.085Z,2026-10-03T17:13:17.304Z,2026-10-03T17:13:17.085Z,2026-10-03T17:13:17.348Z,2026-10-03T17:13:17.437Z,2026-10-03T17:13:17.518Z,2026-10-03T17:13:17.606Z,2026-10-03T17:13:17.719Z,2026-10-03T17:13:17.719Z,2026-10-03T17:13:17.773Z,null,999,22,88,263,null,54,2050.6692999999977,1005.7885000000024,20.431500000002416,24.2303000000029,135.5749999999971,288.27330000000075,19.55029999999897,89.55549999999857,154.46589999999924,21.114199999999983,173.97929999999906,102.24569999999949,null,null,null,null,null,null
cmusnhue502e5ogbkbxqkugby,text-to-video,performance_concurrent_flow,20,2026-10-03T17:13:15.782Z,2026-10-03T17:13:16.860Z,2026-10-03T17:13:16.872Z,2026-10-03T17:13:16.881Z,2026-10-03T17:13:16.860Z,2026-10-03T17:13:16.972Z,2026-10-03T17:13:17.075Z,2026-10-03T17:13:17.143Z,2026-10-03T17:13:17.163Z,2026-10-03T17:13:17.386Z,2026-10-03T17:13:17.163Z,2026-10-03T17:13:17.433Z,2026-10-03T17:13:17.504Z,2026-10-03T17:13:17.597Z,2026-10-03T17:13:17.660Z,2026-10-03T17:13:17.775Z,2026-10-03T17:13:17.775Z,2026-10-03T17:13:17.832Z,null,1078,21,68,270,null,57,2087.373599999999,1083.8174,20.52339999999822,19.000599999999395,161.82830000000104,269.59019999999873,20.994000000002416,88.46189999999842,152.32290000000285,15.861499999999069,157.8070000000007,81.76080000000002,null,null,null,null,null,null
cmusnhugm02egogbk5licf4vy,image-to-video,performance_concurrent_flow,20,2026-10-03T17:13:15.782Z,2026-10-03T17:13:16.953Z,2026-10-03T17:13:16.974Z,2026-10-03T17:13:16.983Z,2026-10-03T17:13:16.954Z,2026-10-03T17:13:17.092Z,2026-10-03T17:13:17.221Z,2026-10-03T17:13:17.281Z,2026-10-03T17:13:17.299Z,2026-10-03T17:13:17.509Z,2026-10-03T17:13:17.299Z,2026-10-03T17:13:17.549Z,2026-10-03T17:13:17.626Z,2026-10-03T17:13:17.696Z,2026-10-03T17:13:17.758Z,2026-10-03T17:13:17.852Z,2026-10-03T17:13:17.852Z,2026-10-03T17:13:17.885Z,null,1171,30,60,250,null,33,2141.267899999999,1186.029599999998,27.309000000001106,29.971699999998236,189.21359999999913,255.2492999999995,16.959100000000035,71.32870000000185,135.9320000000007,15.79609999999957,134.70219999999972,63.73449999999866,null,null,null,null,null,null
cmusnhujy02erogbk2rzg0eqq,image-to-video,performance_concurrent_flow,20,2026-10-03T17:13:15.782Z,2026-10-03T17:13:17.084Z,2026-10-03T17:13:17.104Z,2026-10-03T17:13:17.117Z,2026-10-03T17:13:17.084Z,2026-10-03T17:13:17.208Z,2026-10-03T17:13:17.330Z,2026-10-03T17:13:17.395Z,2026-10-03T17:13:17.413Z,2026-10-03T17:13:17.609Z,2026-10-03T17:13:17.413Z,2026-10-03T17:13:17.638Z,2026-10-03T17:13:17.700Z,2026-10-03T17:13:17.767Z,2026-10-03T17:13:17.829Z,2026-10-03T17:13:17.900Z,2026-10-03T17:13:17.900Z,2026-10-03T17:13:17.931Z,null,1302,33,65,225,null,31,2184.888899999998,1312.9184000000023,22.065199999997276,22.979299999999057,176.22169999999824,231.00309999999808,31.39510000000155,55.54429999999775,123.62220000000161,16.699499999998807,109.80819999999949,60.6977999999981,null,null,null,null,null,null
cmusnhun402f5ogbktcev9see,image-to-video,performance_concurrent_flow,20,2026-10-03T17:13:15.782Z,2026-10-03T17:13:17.195Z,2026-10-03T17:13:17.211Z,2026-10-03T17:13:17.218Z,2026-10-03T17:13:17.195Z,2026-10-03T17:13:17.303Z,2026-10-03T17:13:17.430Z,2026-10-03T17:13:17.486Z,2026-10-03T17:13:17.505Z,2026-10-03T17:13:17.681Z,2026-10-03T17:13:17.505Z,2026-10-03T17:13:17.717Z,2026-10-03T17:13:17.771Z,2026-10-03T17:13:17.841Z,2026-10-03T17:13:17.878Z,2026-10-03T17:13:17.941Z,2026-10-03T17:13:17.941Z,2026-10-03T17:13:17.977Z,null,1413,23,56,212,null,36,2227.1902999999984,1419.5466000000015,22.83650000000125,19.130600000000413,179.54100000000108,216.39779999999882,15.000800000001618,68.922300000002,109.00140000000101,9.482799999997951,90.75169999999707,59.61489999999685,null,null,null,null,null,null
cmusnhuq002ffogbk1h6ho09d,image-to-video,performance_concurrent_flow,20,2026-10-03T17:13:15.782Z,2026-10-03T17:13:17.293Z,2026-10-03T17:13:17.311Z,2026-10-03T17:13:17.320Z,2026-10-03T17:13:17.293Z,2026-10-03T17:13:17.409Z,2026-10-03T17:13:17.514Z,2026-10-03T17:13:17.568Z,2026-10-03T17:13:17.587Z,2026-10-03T17:13:17.743Z,2026-10-03T17:13:17.587Z,2026-10-03T17:13:17.770Z,2026-10-03T17:13:17.831Z,2026-10-03T17:13:17.874Z,2026-10-03T17:13:17.908Z,2026-10-03T17:13:17.966Z,2026-10-03T17:13:17.966Z,2026-10-03T17:13:17.998Z,null,1511,27,54,183,null,32,2259.4454000000005,1520.2691999999988,18.02769999999873,21.366799999999785,164.2541999999994,196.34340000000157,14.740099999999074,61.810199999999895,84.29929999999877,9.817900000001828,84.14479999999821,65.8153999999995,null,null,null,null,null,null
cmusnhvot02jeogbk72yab8go,text-to-video,performance_concurrent_flow,20,2026-10-03T17:13:18.484Z,2026-10-03T17:13:18.521Z,2026-10-03T17:13:18.529Z,2026-10-03T17:13:18.533Z,2026-10-03T17:13:18.522Z,2026-10-03T17:13:18.561Z,2026-10-03T17:13:18.587Z,2026-10-03T17:13:18.613Z,2026-10-03T17:13:18.626Z,2026-10-03T17:13:18.717Z,2026-10-03T17:13:18.626Z,2026-10-03T17:13:18.736Z,2026-10-03T17:13:18.782Z,2026-10-03T17:13:18.848Z,2026-10-03T17:13:18.907Z,2026-10-03T17:13:19.025Z,2026-10-03T17:13:19.025Z,2026-10-03T17:13:19.092Z,null,37,12,26,110,null,67,686.9645000000019,40.98700000000099,6.25,7.027200000000448,44.20420000000013,108.20000000000073,9.684300000000803,46.40950000000157,104.03649999999834,14.465299999999843,168.5591999999997,128.57440000000133,null,null,null,null,null,null
cmusnhvpq02jiogbkdqxv3y4q,text-to-video,performance_concurrent_flow,20,2026-10-03T17:13:18.484Z,2026-10-03T17:13:18.556Z,2026-10-03T17:13:18.562Z,2026-10-03T17:13:18.565Z,2026-10-03T17:13:18.556Z,2026-10-03T17:13:18.592Z,2026-10-03T17:13:18.623Z,2026-10-03T17:13:18.651Z,2026-10-03T17:13:18.664Z,2026-10-03T17:13:18.766Z,2026-10-03T17:13:18.664Z,2026-10-03T17:13:18.792Z,2026-10-03T17:13:18.857Z,2026-10-03T17:13:18.933Z,2026-10-03T17:13:18.998Z,2026-10-03T17:13:19.124Z,2026-10-03T17:13:19.124Z,2026-10-03T17:13:19.201Z,null,72,9,28,128,null,77,807.2849000000024,75.21770000000106,6.363300000000891,7.038300000000163,51.63709999999992,116.6945999999989,14.533100000000559,57.9377999999997,124.98809999999867,16.133200000000215,182.5534000000007,147.96010000000024,null,null,null,null,null,null
cmusnhvqn02jmogbk1epgjckp,text-to-video,performance_concurrent_flow,20,2026-10-03T17:13:18.484Z,2026-10-03T17:13:18.587Z,2026-10-03T17:13:18.593Z,2026-10-03T17:13:18.598Z,2026-10-03T17:13:18.587Z,2026-10-03T17:13:18.634Z,2026-10-03T17:13:18.670Z,2026-10-03T17:13:18.696Z,2026-10-03T17:13:18.710Z,2026-10-03T17:13:18.820Z,2026-10-03T17:13:18.710Z,2026-10-03T17:13:18.849Z,2026-10-03T17:13:18.903Z,2026-10-03T17:13:18.980Z,2026-10-03T17:13:19.060Z,2026-10-03T17:13:19.194Z,2026-10-03T17:13:19.194Z,2026-10-03T17:13:19.285Z,null,103,11,26,139,null,91,884.1381000000001,105.92700000000332,6.847300000001269,12.343300000000454,56.4336000000003,121.06100000000151,14.17580000000089,59.39839999999822,129.05140000000029,18.900100000002567,193.81770000000324,158.1316999999981,null,null,null,null,null,null
cmusnhvrq02jrogbkdrvnmcwh,image-to-video,performance_concurrent_flow,20,2026-10-03T17:13:18.484Z,2026-10-03T17:13:18.632Z,2026-10-03T17:13:18.641Z,2026-10-03T17:13:18.646Z,2026-10-03T17:13:18.633Z,2026-10-03T17:13:18.684Z,2026-10-03T17:13:18.740Z,2026-10-03T17:13:18.774Z,2026-10-03T17:13:18.788Z,2026-10-03T17:13:18.943Z,2026-10-03T17:13:18.788Z,2026-10-03T17:13:18.974Z,2026-10-03T17:13:19.046Z,2026-10-03T17:13:19.127Z,2026-10-03T17:13:19.211Z,2026-10-03T17:13:19.370Z,2026-10-03T17:13:19.370Z,2026-10-03T17:13:19.456Z,null,148,14,34,186,null,86,1056.9536999999982,154.01929999999993,9.565699999999197,8.069400000000314,82.51900000000023,167.52390000000014,21.532400000000052,65.28640000000087,143.44410000000062,17.980999999999767,224.79599999999846,154.28619999999864,null,null,null,null,null,null
cmusnhvsx02jyogbk5oa77ozc,text-to-video,performance_concurrent_flow,20,2026-10-03T17:13:18.484Z,2026-10-03T17:13:18.674Z,2026-10-03T17:13:18.681Z,2026-10-03T17:13:18.687Z,2026-10-03T17:13:18.674Z,2026-10-03T17:13:18.726Z,2026-10-03T17:13:18.765Z,2026-10-03T17:13:18.800Z,2026-10-03T17:13:18.817Z,2026-10-03T17:13:18.979Z,2026-10-03T17:13:18.817Z,2026-10-03T17:13:19.015Z,2026-10-03T17:13:19.085Z,2026-10-03T17:13:19.172Z,2026-10-03T17:13:19.267Z,2026-10-03T17:13:19.431Z,2026-10-03T17:13:19.431Z,2026-10-03T17:13:19.508Z,null,190,13,35,198,null,77,1122.9303999999975,193.83030000000144,9.304400000000896,10.25170000000071,64.12129999999888,180.55089999999836,19.41059999999925,73.39260000000286,144.57269999999698,19.068599999998696,237.7523000000001,161.60480000000098,null,null,null,null,null,null
cmusnhvub02k4ogbkv5ohogqu,image-to-video,performance_concurrent_flow,20,2026-10-03T17:13:18.484Z,2026-10-03T17:13:18.727Z,2026-10-03T17:13:18.734Z,2026-10-03T17:13:18.740Z,2026-10-03T17:13:18.727Z,2026-10-03T17:13:18.790Z,2026-10-03T17:13:18.874Z,2026-10-03T17:13:18.922Z,2026-10-03T17:13:18.941Z,2026-10-03T17:13:19.135Z,2026-10-03T17:13:18.941Z,2026-10-03T17:13:19.176Z,2026-10-03T17:13:19.264Z,2026-10-03T17:13:19.362Z,2026-10-03T17:13:19.454Z,2026-10-03T17:13:19.625Z,2026-10-03T17:13:19.625Z,2026-10-03T17:13:19.712Z,null,243,13,48,235,null,87,1333.729199999998,246.96340000000055,12.48410000000149,13.241100000002916,113.72060000000056,226.00540000000183,17.027500000000146,83.30970000000161,174.9240000000027,20.990700000002107,239.50820000000022,176.29260000000068,null,null,null,null,null,null
cmusnhvvm02kaogbk9aqi6k3a,text-to-video,performance_concurrent_flow,20,2026-10-03T17:13:18.484Z,2026-10-03T17:13:18.771Z,2026-10-03T17:13:18.779Z,2026-10-03T17:13:18.785Z,2026-10-03T17:13:18.771Z,2026-10-03T17:13:18.846Z,2026-10-03T17:13:18.904Z,2026-10-03T17:13:18.957Z,2026-10-03T17:13:18.972Z,2026-10-03T17:13:19.174Z,2026-10-03T17:13:18.972Z,2026-10-03T17:13:19.222Z,2026-10-03T17:13:19.310Z,2026-10-03T17:13:19.411Z,2026-10-03T17:13:19.501Z,2026-10-03T17:13:19.679Z,2026-10-03T17:13:19.679Z,2026-10-03T17:13:19.797Z,null,287,14,53,250,null,118,1400.329600000001,291.89890000000014,13.152699999998731,19.73540000000139,94.11769999999888,232.33559999999852,18.539700000001176,90.8856999999989,178.3963999999978,18.899099999998725,247.83919999999853,185.373599999999,null,null,null,null,null,null
cmusnhvx002kiogbkd2cwjpzy,text-to-video,performance_concurrent_flow,20,2026-10-03T17:13:18.484Z,2026-10-03T17:13:18.835Z,2026-10-03T17:13:18.842Z,2026-10-03T17:13:18.851Z,2026-10-03T17:13:18.835Z,2026-10-03T17:13:18.908Z,2026-10-03T17:13:18.971Z,2026-10-03T17:13:19.020Z,2026-10-03T17:13:19.038Z,2026-10-03T17:13:19.237Z,2026-10-03T17:13:19.038Z,2026-10-03T17:13:19.285Z,2026-10-03T17:13:19.369Z,2026-10-03T17:13:19.473Z,2026-10-03T17:13:19.571Z,2026-10-03T17:13:19.750Z,2026-10-03T17:13:19.750Z,2026-10-03T17:13:19.845Z,null,351,16,49,247,null,95,1456.6415000000015,354.9222000000009,13.243999999998778,14.044300000001385,99.1778000000013,221.1703000000016,25.360100000001694,91.9382000000005,169.53399999999965,23.346899999996822,266.06030000000464,165.39400000000023,null,null,null,null,null,null
cmusnhvyv02kqogbkd8d300kd,image-to-video,performance_concurrent_flow,20,2026-10-03T17:13:18.484Z,2026-10-03T17:13:18.898Z,2026-10-03T17:13:18.907Z,2026-10-03T17:13:18.919Z,2026-10-03T17:13:18.898Z,2026-10-03T17:13:18.983Z,2026-10-03T17:13:19.081Z,2026-10-03T17:13:19.140Z,2026-10-03T17:13:19.157Z,2026-10-03T17:13:19.389Z,2026-10-03T17:13:19.157Z,2026-10-03T17:13:19.439Z,2026-10-03T17:13:19.517Z,2026-10-03T17:13:19.644Z,2026-10-03T17:13:19.754Z,2026-10-03T17:13:19.926Z,2026-10-03T17:13:19.926Z,2026-10-03T17:13:20.020Z,null,414,21,59,282,null,94,1626.1785000000018,417.4475999999995,16.980799999997544,15.900900000000547,136.0015999999996,265.33910000000105,26.778399999999237,85.60279999999693,193.73229999999603,22.984199999998964,263.29729999999836,164.70240000000194,null,null,null,null,null,null
cmusnhw1402kzogbk8rfnhq8y,image-to-video,performance_concurrent_flow,20,2026-10-03T17:13:18.484Z,2026-10-03T17:13:18.985Z,2026-10-03T17:13:18.998Z,2026-10-03T17:13:19.008Z,2026-10-03T17:13:18.985Z,2026-10-03T17:13:19.077Z,2026-10-03T17:13:19.196Z,2026-10-03T17:13:19.266Z,2026-10-03T17:13:19.288Z,2026-10-03T17:13:19.505Z,2026-10-03T17:13:19.288Z,2026-10-03T17:13:19.556Z,2026-10-03T17:13:19.657Z,2026-10-03T17:13:19.784Z,2026-10-03T17:13:19.886Z,2026-10-03T17:13:20.060Z,2026-10-03T17:13:20.060Z,2026-10-03T17:13:20.141Z,null,501,23,70,268,null,81,1735.3679999999986,507.1373999999996,13.461200000001554,22.53859999999986,160.0168999999987,272.5598000000027,18.09939999999915,103.36089999999967,202.84049999999843,19.12879999999859,253.0911999999953,146.0697,null,null,null,null,null,null
cmusnhw3402l7ogbkt2jr3584,text-to-video,performance_concurrent_flow,20,2026-10-03T17:13:18.484Z,2026-10-03T17:13:19.053Z,2026-10-03T17:13:19.064Z,2026-10-03T17:13:19.070Z,2026-10-03T17:13:19.054Z,2026-10-03T17:13:19.149Z,2026-10-03T17:13:19.238Z,2026-10-03T17:13:19.301Z,2026-10-03T17:13:19.323Z,2026-10-03T17:13:19.544Z,2026-10-03T17:13:19.323Z,2026-10-03T17:13:19.602Z,2026-10-03T17:13:19.693Z,2026-10-03T17:13:19.821Z,2026-10-03T17:13:19.916Z,2026-10-03T17:13:20.084Z,2026-10-03T17:13:20.084Z,2026-10-03T17:13:20.169Z,null,569,17,63,279,null,85,1767.0758000000023,574.7021999999997,16.49499999999898,20.841800000001967,138.38129999999728,261.8862999999983,22.682099999998172,105.62900000000081,202.1562000000049,25.92939999999362,244.8379000000059,141.73709999999846,null,null,null,null,null,null
cmusnhw5802ljogbk9vuoidpt,image-to-video,performance_concurrent_flow,20,2026-10-03T17:13:18.484Z,2026-10-03T17:13:19.142Z,2026-10-03T17:13:19.155Z,2026-10-03T17:13:19.164Z,2026-10-03T17:13:19.142Z,2026-10-03T17:13:19.256Z,2026-10-03T17:13:19.384Z,2026-10-03T17:13:19.450Z,2026-10-03T17:13:19.468Z,2026-10-03T17:13:19.713Z,2026-10-03T17:13:19.468Z,2026-10-03T17:13:19.783Z,2026-10-03T17:13:19.882Z,2026-10-03T17:13:20.005Z,2026-10-03T17:13:20.093Z,2026-10-03T17:13:20.249Z,2026-10-03T17:13:20.249Z,2026-10-03T17:13:20.333Z,null,658,22,66,315,null,84,1918.3662999999979,665.6843000000008,20.881900000000314,19.622400000000198,187.8097000000016,283.6226000000024,23.93029999999999,115.25560000000405,206.17020000000048,23.774499999999534,219.55339999999705,137.51859999999579,null,null,null,null,null,null
cmusnhw7u02lrogbkxzmn2hru,text-to-video,performance_concurrent_flow,20,2026-10-03T17:13:18.484Z,2026-10-03T17:13:19.235Z,2026-10-03T17:13:19.251Z,2026-10-03T17:13:19.259Z,2026-10-03T17:13:19.235Z,2026-10-03T17:13:19.350Z,2026-10-03T17:13:19.438Z,2026-10-03T17:13:19.492Z,2026-10-03T17:13:19.513Z,2026-10-03T17:13:19.785Z,2026-10-03T17:13:19.513Z,2026-10-03T17:13:19.831Z,2026-10-03T17:13:19.928Z,2026-10-03T17:13:20.045Z,2026-10-03T17:13:20.145Z,2026-10-03T17:13:20.287Z,2026-10-03T17:13:20.287Z,2026-10-03T17:13:20.363Z,null,751,24,54,318,null,76,1938.6252000000022,759.9244999999974,22.5766999999978,21.70469999999841,141.041500000003,292.8221000000012,35.008999999998196,95.12970000000496,190.8084000000017,24.79710000000341,219.4730000000054,120.00390000000334,null,null,null,null,null,null
cmusnhwap02m2ogbkc3nscyok,image-to-video,performance_concurrent_flow,20,2026-10-03T17:13:18.484Z,2026-10-03T17:13:19.336Z,2026-10-03T17:13:19.353Z,2026-10-03T17:13:19.360Z,2026-10-03T17:13:19.336Z,2026-10-03T17:13:19.453Z,2026-10-03T17:13:19.592Z,2026-10-03T17:13:19.655Z,2026-10-03T17:13:19.672Z,2026-10-03T17:13:19.938Z,2026-10-03T17:13:19.672Z,2026-10-03T17:13:20.000Z,2026-10-03T17:13:20.081Z,2026-10-03T17:13:20.183Z,2026-10-03T17:13:20.277Z,2026-10-03T17:13:20.409Z,2026-10-03T17:13:20.409Z,2026-10-03T17:13:20.472Z,null,852,24,63,328,null,63,2034.972399999995,861.0017000000007,24.214500000001863,20.272399999998015,196.3228999999992,299.72929999999906,24.053200000002107,104.63549999999668,168.6041000000041,26.115200000000186,196.20160000000033,98.06960000000254,null,null,null,null,null,null
cmusnhwdj02mfogbk7a419sd6,image-to-video,performance_concurrent_flow,20,2026-10-03T17:13:18.484Z,2026-10-03T17:13:19.441Z,2026-10-03T17:13:19.454Z,2026-10-03T17:13:19.462Z,2026-10-03T17:13:19.441Z,2026-10-03T17:13:19.554Z,2026-10-03T17:13:19.697Z,2026-10-03T17:13:19.789Z,2026-10-03T17:13:19.811Z,2026-10-03T17:13:20.059Z,2026-10-03T17:13:19.811Z,2026-10-03T17:13:20.111Z,2026-10-03T17:13:20.190Z,2026-10-03T17:13:20.290Z,2026-10-03T17:13:20.365Z,2026-10-03T17:13:20.481Z,2026-10-03T17:13:20.481Z,2026-10-03T17:13:20.524Z,null,957,21,92,300,null,43,2080.8601999999955,964.2821000000004,19.400000000001455,20.784799999993993,202.24359999999433,322.0926000000036,22.262900000001537,93.98750000000291,161.14480000000185,19.0937999999951,166.1559999999954,75.0315000000046,null,null,null,null,null,null
cmusnhwg902moogbkr2jn6b9v,image-to-video,performance_concurrent_flow,20,2026-10-03T17:13:18.484Z,2026-10-03T17:13:19.542Z,2026-10-03T17:13:19.557Z,2026-10-03T17:13:19.576Z,2026-10-03T17:13:19.543Z,2026-10-03T17:13:19.674Z,2026-10-03T17:13:19.830Z,2026-10-03T17:13:19.902Z,2026-10-03T17:13:19.920Z,2026-10-03T17:13:20.184Z,2026-10-03T17:13:19.920Z,2026-10-03T17:13:20.238Z,2026-10-03T17:13:20.316Z,2026-10-03T17:13:20.398Z,2026-10-03T17:13:20.466Z,2026-10-03T17:13:20.544Z,2026-10-03T17:13:20.544Z,2026-10-03T17:13:20.592Z,null,1058,34,72,318,null,48,2154.809300000001,1066.4360000000015,24.852200000001176,27.593299999993178,210.80130000000645,318.7325999999957,16.856299999999464,91.80540000000474,142.12860000000364,15.698599999996077,129.69400000000314,84.50510000000213,null,null,null,null,null,null
cmusnhwjq02myogbkj3xtj3gu,image-to-video,performance_concurrent_flow,20,2026-10-03T17:13:18.484Z,2026-10-03T17:13:19.661Z,2026-10-03T17:13:19.676Z,2026-10-03T17:13:19.688Z,2026-10-03T17:13:19.661Z,2026-10-03T17:13:19.803Z,2026-10-03T17:13:19.944Z,2026-10-03T17:13:20.022Z,2026-10-03T17:13:20.041Z,2026-10-03T17:13:20.260Z,2026-10-03T17:13:20.041Z,2026-10-03T17:13:20.310Z,2026-10-03T17:13:20.382Z,2026-10-03T17:13:20.464Z,2026-10-03T17:13:20.512Z,2026-10-03T17:13:20.586Z,2026-10-03T17:13:20.586Z,2026-10-03T17:13:20.627Z,null,1177,27,78,269,null,41,2186.8065000000024,1185.1819000000032,27.202699999994365,29.624299999995856,208.21059999999852,271.7846999999965,23.437200000000303,90.07719999999972,136.5210999999981,12.633600000001024,106.36189999999624,76.66739999999845,null,null,null,null,null,null
cmusnhwmy02naogbk78zpbla3,image-to-video,performance_concurrent_flow,20,2026-10-03T17:13:18.484Z,2026-10-03T17:13:19.795Z,2026-10-03T17:13:19.807Z,2026-10-03T17:13:19.816Z,2026-10-03T17:13:19.796Z,2026-10-03T17:13:19.915Z,2026-10-03T17:13:20.057Z,2026-10-03T17:13:20.121Z,2026-10-03T17:13:20.139Z,2026-10-03T17:13:20.347Z,2026-10-03T17:13:20.139Z,2026-10-03T17:13:20.383Z,2026-10-03T17:13:20.449Z,2026-10-03T17:13:20.507Z,2026-10-03T17:13:20.551Z,2026-10-03T17:13:20.629Z,2026-10-03T17:13:20.629Z,2026-10-03T17:13:20.679Z,null,1311,21,64,244,null,50,2243.052499999998,1317.7933000000012,22.687200000000303,27.365399999995134,199.17559999999503,253.76040000000648,20.34200000000419,68.21169999999984,109.4004000000059,9.862499999995634,117.54850000000442,82.3038000000015,null,null,null,null,null,null
cmusnhwq702nkogbkeixm5s0w,text-to-video,performance_concurrent_flow,20,2026-10-03T17:13:18.484Z,2026-10-03T17:13:19.888Z,2026-10-03T17:13:19.907Z,2026-10-03T17:13:19.917Z,2026-10-03T17:13:19.889Z,2026-10-03T17:13:20.021Z,2026-10-03T17:13:20.104Z,2026-10-03T17:13:20.167Z,2026-10-03T17:13:20.186Z,2026-10-03T17:13:20.400Z,2026-10-03T17:13:20.186Z,2026-10-03T17:13:20.431Z,2026-10-03T17:13:20.492Z,2026-10-03T17:13:20.540Z,2026-10-03T17:13:20.588Z,2026-10-03T17:13:20.667Z,2026-10-03T17:13:20.667Z,2026-10-03T17:13:20.721Z,null,1404,29,63,245,null,54,2277.4392000000007,1415.6591999999982,25.54030000000057,29.871299999998882,139.9643999999971,262.14310000000114,14.053500000001804,71.20670000000246,87.25720000000001,10.392399999996996,119.08489999999438,84.94090000000142,null,null,null,null,null,null
cmusnhwsu02nwogbk0w4ax4cf,text-to-video,performance_concurrent_flow,20,2026-10-03T17:13:18.484Z,2026-10-03T17:13:19.999Z,2026-10-03T17:13:20.015Z,2026-10-03T17:13:20.026Z,2026-10-03T17:13:19.999Z,2026-10-03T17:13:20.114Z,2026-10-03T17:13:20.195Z,2026-10-03T17:13:20.262Z,2026-10-03T17:13:20.281Z,2026-10-03T17:13:20.458Z,2026-10-03T17:13:20.281Z,2026-10-03T17:13:20.486Z,2026-10-03T17:13:20.529Z,2026-10-03T17:13:20.577Z,2026-10-03T17:13:20.620Z,2026-10-03T17:13:20.698Z,2026-10-03T17:13:20.698Z,2026-10-03T17:13:20.743Z,null,1515,27,67,205,null,45,2287.335899999998,1523.5253999999986,22.449099999997998,18.58640000000014,134.81520000000455,226.57900000000518,21.85570000000007,53.151599999997416,82.96540000000095,8.706599999997707,118.22350000000006,58.18370000000141,null,null,null,null,null,null
cmusnhxwx02rtogbk2nmykm4w,text-to-video,performance_concurrent_flow,20,2026-10-03T17:13:21.352Z,2026-10-03T17:13:21.411Z,2026-10-03T17:13:21.452Z,2026-10-03T17:13:21.459Z,2026-10-03T17:13:21.411Z,2026-10-03T17:13:21.500Z,2026-10-03T17:13:21.544Z,2026-10-03T17:13:21.575Z,2026-10-03T17:13:21.589Z,2026-10-03T17:13:21.696Z,2026-10-03T17:13:21.589Z,2026-10-03T17:13:21.721Z,2026-10-03T17:13:21.763Z,2026-10-03T17:13:21.821Z,2026-10-03T17:13:21.891Z,2026-10-03T17:13:21.997Z,2026-10-03T17:13:21.997Z,2026-10-03T17:13:22.079Z,null,59,48,31,132,null,82,802.4522999999972,95.00409999999829,10.4149000000034,10.448999999993248,67.60339999999997,132.71600000000035,10.104700000003504,44.435700000001816,98.71289999999863,12.564500000000407,164.40120000000024,143.78390000000218,null,null,null,null,null,null
cmusnhxza02rxogbkt77pzxxs,image-to-video,performance_concurrent_flow,20,2026-10-03T17:13:21.352Z,2026-10-03T17:13:21.499Z,2026-10-03T17:13:21.507Z,2026-10-03T17:13:21.514Z,2026-10-03T17:13:21.499Z,2026-10-03T17:13:21.555Z,2026-10-03T17:13:21.617Z,2026-10-03T17:13:21.648Z,2026-10-03T17:13:21.663Z,2026-10-03T17:13:21.765Z,2026-10-03T17:13:21.663Z,2026-10-03T17:13:21.792Z,2026-10-03T17:13:21.837Z,2026-10-03T17:13:21.913Z,2026-10-03T17:13:21.976Z,2026-10-03T17:13:22.102Z,2026-10-03T17:13:22.102Z,2026-10-03T17:13:22.186Z,null,147,15,31,129,null,84,912.033199999998,151.1041999999943,10.339499999994587,10.464899999999034,85.8689000000013,124.30449999999837,10.035500000005413,53.54679999999644,112.96289999999863,13.413500000002387,186.9478999999992,141.8703999999998,null,null,null,null,null,null
cmusnhy0q02s2ogbkeo27fzm1,text-to-video,performance_concurrent_flow,20,2026-10-03T17:13:21.352Z,2026-10-03T17:13:21.549Z,2026-10-03T17:13:21.557Z,2026-10-03T17:13:21.563Z,2026-10-03T17:13:21.549Z,2026-10-03T17:13:21.602Z,2026-10-03T17:13:21.642Z,2026-10-03T17:13:21.673Z,2026-10-03T17:13:21.686Z,2026-10-03T17:13:21.799Z,2026-10-03T17:13:21.686Z,2026-10-03T17:13:21.822Z,2026-10-03T17:13:21.884Z,2026-10-03T17:13:21.945Z,2026-10-03T17:13:22.017Z,2026-10-03T17:13:22.164Z,2026-10-03T17:13:22.164Z,2026-10-03T17:13:22.251Z,null,197,14,31,136,null,87,979.084600000002,200.9449999999997,10.677100000000792,9.180500000002212,63.35880000000179,135.18730000000505,10.813500000003842,47.271600000000035,117.76150000000052,21.635699999998906,200.73880000000645,151.32500000000437,null,null,null,null,null,null
cmusnhy2202s7ogbkrjgrns8r,text-to-video,performance_concurrent_flow,20,2026-10-03T17:13:21.352Z,2026-10-03T17:13:21.595Z,2026-10-03T17:13:21.603Z,2026-10-03T17:13:21.609Z,2026-10-03T17:13:21.595Z,2026-10-03T17:13:21.650Z,2026-10-03T17:13:21.686Z,2026-10-03T17:13:21.717Z,2026-10-03T17:13:21.733Z,2026-10-03T17:13:21.863Z,2026-10-03T17:13:21.733Z,2026-10-03T17:13:21.895Z,2026-10-03T17:13:21.946Z,2026-10-03T17:13:22.029Z,2026-10-03T17:13:22.108Z,2026-10-03T17:13:22.258Z,2026-10-03T17:13:22.258Z,2026-10-03T17:13:22.341Z,null,243,14,31,162,null,83,1083.163099999998,247.2690999999977,8.87380000000121,10.015099999996892,61.43110000000161,145.52909999999974,11.98700000000099,67.21119999999792,132.12260000000242,16.157599999998638,212.09719999999652,160.9036000000051,null,null,null,null,null,null
cmusnhy3d02scogbk0nmsbau2,image-to-video,performance_concurrent_flow,20,2026-10-03T17:13:21.352Z,2026-10-03T17:13:21.647Z,2026-10-03T17:13:21.655Z,2026-10-03T17:13:21.660Z,2026-10-03T17:13:21.648Z,2026-10-03T17:13:21.705Z,2026-10-03T17:13:21.767Z,2026-10-03T17:13:21.803Z,2026-10-03T17:13:21.819Z,2026-10-03T17:13:21.971Z,2026-10-03T17:13:21.819Z,2026-10-03T17:13:22.002Z,2026-10-03T17:13:22.082Z,2026-10-03T17:13:22.183Z,2026-10-03T17:13:22.272Z,2026-10-03T17:13:22.437Z,2026-10-03T17:13:22.437Z,2026-10-03T17:13:22.543Z,null,295,13,36,183,null,106,1311.2797999999966,299.2505000000019,9.301400000003923,11.827299999997194,90.6102000000028,170.59999999999854,15.750999999996566,80.07999999999447,165.92020000000048,19.143499999998312,234.68160000000353,205.0370999999941,null,null,null,null,null,null
cmusnhy4u02sjogbkxittiotu,image-to-video,performance_concurrent_flow,20,2026-10-03T17:13:21.352Z,2026-10-03T17:13:21.693Z,2026-10-03T17:13:21.706Z,2026-10-03T17:13:21.710Z,2026-10-03T17:13:21.693Z,2026-10-03T17:13:21.753Z,2026-10-03T17:13:21.832Z,2026-10-03T17:13:21.882Z,2026-10-03T17:13:21.897Z,2026-10-03T17:13:22.072Z,2026-10-03T17:13:21.897Z,2026-10-03T17:13:22.112Z,2026-10-03T17:13:22.201Z,2026-10-03T17:13:22.300Z,2026-10-03T17:13:22.405Z,2026-10-03T17:13:22.588Z,2026-10-03T17:13:22.588Z,2026-10-03T17:13:22.734Z,null,341,17,50,215,null,146,1553.696100000001,345.43130000000383,11.865799999999581,9.131500000003143,106.02580000000307,207.4375,16.654900000001362,80.02720000000409,175.34820000000036,19.480499999997846,274.0026999999973,295.5262999999977,null,null,null,null,null,null
cmusnhy6402srogbkkdej9lrn,text-to-video,performance_concurrent_flow,20,2026-10-03T17:13:21.352Z,2026-10-03T17:13:21.741Z,2026-10-03T17:13:21.748Z,2026-10-03T17:13:21.754Z,2026-10-03T17:13:21.741Z,2026-10-03T17:13:21.806Z,2026-10-03T17:13:21.856Z,2026-10-03T17:13:21.903Z,2026-10-03T17:13:21.919Z,2026-10-03T17:13:22.090Z,2026-10-03T17:13:21.919Z,2026-10-03T17:13:22.139Z,2026-10-03T17:13:22.225Z,2026-10-03T17:13:22.324Z,2026-10-03T17:13:22.432Z,2026-10-03T17:13:22.631Z,2026-10-03T17:13:22.631Z,2026-10-03T17:13:22.812Z,null,389,13,47,220,null,181,1639.6273,392.9279000000024,14.61529999999766,14.319700000000012,80.64170000000013,200.4366000000009,20.351699999999255,83.78749999999854,171.78929999999673,34.27419999999984,295.51580000000104,321.73569999999745,null,null,null,null,null,null
cmusnhy7k02syogbkptpwpssk,image-to-video,performance_concurrent_flow,20,2026-10-03T17:13:21.352Z,2026-10-03T17:13:21.803Z,2026-10-03T17:13:21.811Z,2026-10-03T17:13:21.818Z,2026-10-03T17:13:21.803Z,2026-10-03T17:13:21.881Z,2026-10-03T17:13:21.961Z,2026-10-03T17:13:22.009Z,2026-10-03T17:13:22.028Z,2026-10-03T17:13:22.246Z,2026-10-03T17:13:22.028Z,2026-10-03T17:13:22.285Z,2026-10-03T17:13:22.384Z,2026-10-03T17:13:22.488Z,2026-10-03T17:13:22.613Z,2026-10-03T17:13:22.911Z,2026-10-03T17:13:22.911Z,2026-10-03T17:13:23.095Z,null,451,15,48,257,null,184,1908.200499999999,454.53579999999783,12.381000000001222,10.709200000004785,128.8251999999993,243.56779999999708,22.75209999999788,81.53030000000581,189.81469999999536,38.63289999999688,412.2772999999943,301.8510000000024,null,null,null,null,null,null
cmusnhy9502t4ogbkq9kan3au,text-to-video,performance_concurrent_flow,20,2026-10-03T17:13:21.352Z,2026-10-03T17:13:21.857Z,2026-10-03T17:13:21.875Z,2026-10-03T17:13:21.880Z,2026-10-03T17:13:21.858Z,2026-10-03T17:13:21.932Z,2026-10-03T17:13:21.993Z,2026-10-03T17:13:22.054Z,2026-10-03T17:13:22.073Z,2026-10-03T17:13:22.288Z,2026-10-03T17:13:22.073Z,2026-10-03T17:13:22.335Z,2026-10-03T17:13:22.433Z,2026-10-03T17:13:22.567Z,2026-10-03T17:13:22.704Z,2026-10-03T17:13:23.047Z,2026-10-03T17:13:23.047Z,2026-10-03T17:13:23.196Z,null,505,23,61,262,null,149,1992.0175000000017,513.0608999999968,12.325900000003458,11.865700000002107,93.14210000000458,257.0653999999995,22.121299999998882,100.24399999999878,208.54320000000007,27.64979999999923,460.1814999999988,270.70880000000034,null,null,null,null,null,null
cmusnhyaz02tfogbk7itlax4k,text-to-video,performance_concurrent_flow,20,2026-10-03T17:13:21.352Z,2026-10-03T17:13:21.921Z,2026-10-03T17:13:21.932Z,2026-10-03T17:13:21.938Z,2026-10-03T17:13:21.921Z,2026-10-03T17:13:22.001Z,2026-10-03T17:13:22.083Z,2026-10-03T17:13:22.143Z,2026-10-03T17:13:22.161Z,2026-10-03T17:13:22.391Z,2026-10-03T17:13:22.161Z,2026-10-03T17:13:22.434Z,2026-10-03T17:13:22.554Z,2026-10-03T17:13:22.713Z,2026-10-03T17:13:22.897Z,2026-10-03T17:13:23.215Z,2026-10-03T17:13:23.215Z,2026-10-03T17:13:23.354Z,null,569,17,60,273,null,139,2089.2012999999934,573.7432000000044,13.833200000000943,20.382100000002538,116.33899999999994,249.04309999999532,34.38620000000083,99.25080000000162,278.49499999999534,45.07589999999618,457.3695999999982,189.61130000000412,null,null,null,null,null,null
cmusnhycw02tnogbkfbcorma3,image-to-video,performance_concurrent_flow,20,2026-10-03T17:13:21.352Z,2026-10-03T17:13:21.995Z,2026-10-03T17:13:22.006Z,2026-10-03T17:13:22.013Z,2026-10-03T17:13:21.995Z,2026-10-03T17:13:22.098Z,2026-10-03T17:13:22.234Z,2026-10-03T17:13:22.296Z,2026-10-03T17:13:22.317Z,2026-10-03T17:13:22.589Z,2026-10-03T17:13:22.317Z,2026-10-03T17:13:22.664Z,2026-10-03T17:13:22.842Z,2026-10-03T17:13:23.065Z,2026-10-03T17:13:23.238Z,2026-10-03T17:13:23.440Z,2026-10-03T17:13:23.440Z,2026-10-03T17:13:23.504Z,null,643,18,62,347,null,64,2220.5397999999986,646.9109000000026,29.596300000004703,18.125599999999395,181.01490000000194,306.3185999999987,29.65729999999894,144.61149999999907,368.4433999999965,44.66800000000512,319.1834000000017,118.58410000000003,null,null,null,null,null,null
cmusnhyfb02tvogbkywtbdnw8,image-to-video,performance_concurrent_flow,20,2026-10-03T17:13:21.352Z,2026-10-03T17:13:22.087Z,2026-10-03T17:13:22.099Z,2026-10-03T17:13:22.112Z,2026-10-03T17:13:22.087Z,2026-10-03T17:13:22.202Z,2026-10-03T17:13:22.323Z,2026-10-03T17:13:22.403Z,2026-10-03T17:13:22.421Z,2026-10-03T17:13:22.749Z,2026-10-03T17:13:22.421Z,2026-10-03T17:13:22.844Z,2026-10-03T17:13:23.045Z,2026-10-03T17:13:23.233Z,2026-10-03T17:13:23.368Z,2026-10-03T17:13:23.506Z,2026-10-03T17:13:23.506Z,2026-10-03T17:13:23.574Z,null,735,25,80,423,null,68,2285.8842000000004,740.2992000000013,21.168600000004517,19.76509999999689,179.4939000000013,346.14860000000044,43.91570000000502,179.18860000000132,360.72550000000047,39.806900000003225,217.1376999999993,118.9919000000009,null,null,null,null,null,null
cmusnhyhp02u7ogbk7v8fy512,text-to-video,performance_concurrent_flow,20,2026-10-03T17:13:21.352Z,2026-10-03T17:13:22.176Z,2026-10-03T17:13:22.191Z,2026-10-03T17:13:22.203Z,2026-10-03T17:13:22.176Z,2026-10-03T17:13:22.278Z,2026-10-03T17:13:22.373Z,2026-10-03T17:13:22.441Z,2026-10-03T17:13:22.465Z,2026-10-03T17:13:22.837Z,2026-10-03T17:13:22.465Z,2026-10-03T17:13:22.917Z,2026-10-03T17:13:23.102Z,2026-10-03T17:13:23.301Z,2026-10-03T17:13:23.407Z,2026-10-03T17:13:23.539Z,2026-10-03T17:13:23.539Z,2026-10-03T17:13:23.602Z,null,824,27,68,452,null,63,2328.2986999999994,829.9694000000018,18.71650000000227,18.595800000002782,146.20179999999527,367.4545999999973,58.36240000000544,182.45300000000134,330.4160999999949,24.912900000002992,206.255799999999,123.9406999999992,null,null,null,null,null,null
cmusnhykf02ugogbk4cbs5uh6,image-to-video,performance_concurrent_flow,20,2026-10-03T17:13:21.352Z,2026-10-03T17:13:22.276Z,2026-10-03T17:13:22.294Z,2026-10-03T17:13:22.309Z,2026-10-03T17:13:22.276Z,2026-10-03T17:13:22.416Z,2026-10-03T17:13:22.580Z,2026-10-03T17:13:22.680Z,2026-10-03T17:13:22.708Z,2026-10-03T17:13:23.167Z,2026-10-03T17:13:22.708Z,2026-10-03T17:13:23.265Z,2026-10-03T17:13:23.382Z,2026-10-03T17:13:23.478Z,2026-10-03T17:13:23.554Z,2026-10-03T17:13:23.676Z,2026-10-03T17:13:23.676Z,2026-10-03T17:13:23.735Z,null,924,33,100,557,null,59,2438.304599999996,931.568100000004,18.16809999999532,25.619699999995646,238.61349999999948,515.8948000000019,43.03949999999895,167.9896000000008,171.29230000000098,15.1903999999995,187.3078999999998,98.85670000000391,null,null,null,null,null,null
cmusnhynb02uqogbk69rvak2m,image-to-video,performance_concurrent_flow,20,2026-10-03T17:13:21.352Z,2026-10-03T17:13:22.400Z,2026-10-03T17:13:22.416Z,2026-10-03T17:13:22.424Z,2026-10-03T17:13:22.401Z,2026-10-03T17:13:22.532Z,2026-10-03T17:13:22.745Z,2026-10-03T17:13:22.885Z,2026-10-03T17:13:22.909Z,2026-10-03T17:13:23.375Z,2026-10-03T17:13:22.909Z,2026-10-03T17:13:23.422Z,2026-10-03T17:13:23.496Z,2026-10-03T17:13:23.576Z,2026-10-03T17:13:23.645Z,2026-10-03T17:13:23.755Z,2026-10-03T17:13:23.755Z,2026-10-03T17:13:23.821Z,null,1048,24,140,513,null,66,2554.6578999999983,1057.428899999999,19.32430000000022,30.141999999999825,280.6015999999945,584.7788,24.717899999996007,89.22310000000289,134.98159999999916,14.786000000000058,168.972299999994,135.5578999999998,null,null,null,null,null,null
cmusnhyqh02v4ogbkwel1yfp2,text-to-video,performance_concurrent_flow,20,2026-10-03T17:13:21.352Z,2026-10-03T17:13:22.497Z,2026-10-03T17:13:22.521Z,2026-10-03T17:13:22.535Z,2026-10-03T17:13:22.497Z,2026-10-03T17:13:22.679Z,2026-10-03T17:13:22.854Z,2026-10-03T17:13:23.003Z,2026-10-03T17:13:23.039Z,2026-10-03T17:13:23.404Z,2026-10-03T17:13:23.039Z,2026-10-03T17:13:23.451Z,2026-10-03T17:13:23.516Z,2026-10-03T17:13:23.597Z,2026-10-03T17:13:23.672Z,2026-10-03T17:13:23.782Z,2026-10-03T17:13:23.782Z,2026-10-03T17:13:23.846Z,null,1145,38,149,412,null,64,2573.1232999999993,1154.075499999999,38.920500000000175,27.538899999999558,272.29099999999744,498.1391000000003,22.39629999999306,82.00880000000325,132.35949999999866,20.296000000002095,162.90280000000348,133.48739999999816,null,null,null,null,null,null
cmusnhyu802veogbk1u15yxuk,image-to-video,performance_concurrent_flow,20,2026-10-03T17:13:21.352Z,2026-10-03T17:13:22.653Z,2026-10-03T17:13:22.686Z,2026-10-03T17:13:22.711Z,2026-10-03T17:13:22.653Z,2026-10-03T17:13:22.894Z,2026-10-03T17:13:23.161Z,2026-10-03T17:13:23.292Z,2026-10-03T17:13:23.317Z,2026-10-03T17:13:23.530Z,2026-10-03T17:13:23.317Z,2026-10-03T17:13:23.566Z,2026-10-03T17:13:23.637Z,2026-10-03T17:13:23.718Z,2026-10-03T17:13:23.775Z,2026-10-03T17:13:23.912Z,2026-10-03T17:13:23.912Z,2026-10-03T17:13:23.967Z,null,1301,58,131,249,null,55,2681.6428000000014,1321.313399999999,42.05540000000474,49.569400000000314,372.01320000000123,328.3850999999995,15.296799999996438,72.85029999999824,136.782100000004,13.599600000001374,182.10869999999704,110.32579999999871,null,null,null,null,null,null
cmusnhyzg02vlogbk62rf5fv9,image-to-video,performance_concurrent_flow,20,2026-10-03T17:13:21.352Z,2026-10-03T17:13:22.861Z,2026-10-03T17:13:22.891Z,2026-10-03T17:13:22.908Z,2026-10-03T17:13:22.862Z,2026-10-03T17:13:23.106Z,2026-10-03T17:13:23.336Z,2026-10-03T17:13:23.404Z,2026-10-03T17:13:23.427Z,2026-10-03T17:13:23.600Z,2026-10-03T17:13:23.427Z,2026-10-03T17:13:23.640Z,2026-10-03T17:13:23.711Z,2026-10-03T17:13:23.783Z,2026-10-03T17:13:23.844Z,2026-10-03T17:13:23.972Z,2026-10-03T17:13:23.972Z,2026-10-03T17:13:24.032Z,null,1509,47,68,213,null,60,2734.8047000000006,1523.1401000000042,60.26789999999892,54.30739999999787,324.4073999999964,231.13440000000264,14.490799999999581,75.10559999999532,125.20850000000064,14.522799999998824,177.65120000000024,101.89949999999953,null,null,null,null,null,null
cmusnhz5602vyogbkz3s8y7ku,text-to-video,performance_concurrent_flow,20,2026-10-03T17:13:21.352Z,2026-10-03T17:13:23.065Z,2026-10-03T17:13:23.087Z,2026-10-03T17:13:23.104Z,2026-10-03T17:13:23.065Z,2026-10-03T17:13:23.280Z,2026-10-03T17:13:23.391Z,2026-10-03T17:13:23.449Z,2026-10-03T17:13:23.468Z,2026-10-03T17:13:23.639Z,2026-10-03T17:13:23.468Z,2026-10-03T17:13:23.679Z,2026-10-03T17:13:23.738Z,2026-10-03T17:13:23.814Z,2026-10-03T17:13:23.897Z,2026-10-03T17:13:24.016Z,2026-10-03T17:13:24.016Z,2026-10-03T17:13:24.073Z,null,1713,39,58,211,null,57,2784.883399999999,1722.6159999999945,42.30500000000029,37.144500000002154,212.86349999999948,214.43269999999757,19.612600000000384,75.85680000000139,120.17450000000099,14.987900000000081,191.532100000004,103.9893000000011,null,null,null,null,null,null
cmusnhza502waogbk1hbcdgtf,text-to-video,performance_concurrent_flow,20,2026-10-03T17:13:21.352Z,2026-10-03T17:13:23.237Z,2026-10-03T17:13:23.266Z,2026-10-03T17:13:23.284Z,2026-10-03T17:13:23.237Z,2026-10-03T17:13:23.393Z,2026-10-03T17:13:23.473Z,2026-10-03T17:13:23.520Z,2026-10-03T17:13:23.540Z,2026-10-03T17:13:23.715Z,2026-10-03T17:13:23.540Z,2026-10-03T17:13:23.740Z,2026-10-03T17:13:23.796Z,2026-10-03T17:13:23.874Z,2026-10-03T17:13:23.950Z,2026-10-03T17:13:24.059Z,2026-10-03T17:13:24.059Z,2026-10-03T17:13:24.121Z,null,1885,47,47,200,null,62,2822.3847000000023,1898.9560999999958,35.58669999999984,23.16150000000198,136.34399999999732,211.34189999999944,16.952399999994668,50.5627999999997,134.64570000000094,26.18619999999646,152.47799999999552,103.07220000000234,null,null,null,null,null,null
cmusni0oc0306ogbk3f23b0m9,text-to-video,performance_concurrent_flow,20,2026-10-03T17:13:24.938Z,2026-10-03T17:13:24.992Z,2026-10-03T17:13:24.999Z,2026-10-03T17:13:25.004Z,2026-10-03T17:13:24.992Z,2026-10-03T17:13:25.038Z,2026-10-03T17:13:25.073Z,2026-10-03T17:13:25.103Z,2026-10-03T17:13:25.118Z,2026-10-03T17:13:25.233Z,2026-10-03T17:13:25.118Z,2026-10-03T17:13:25.262Z,2026-10-03T17:13:25.313Z,2026-10-03T17:13:25.400Z,2026-10-03T17:13:25.482Z,2026-10-03T17:13:25.688Z,2026-10-03T17:13:25.688Z,2026-10-03T17:13:25.801Z,null,54,12,30,144,null,113,965.623599999999,58.09010000000126,8.373899999998685,7.291100000002189,57.708000000005995,138.22550000000047,11.099800000003597,54.218300000000454,133.6235000000015,18.74880000000121,273.4190000000017,196.7358000000022,null,null,null,null,null,null
cmusni0pl030aogbk1wylf1u3,image-to-video,performance_concurrent_flow,20,2026-10-03T17:13:24.938Z,2026-10-03T17:13:25.034Z,2026-10-03T17:13:25.041Z,2026-10-03T17:13:25.046Z,2026-10-03T17:13:25.034Z,2026-10-03T17:13:25.087Z,2026-10-03T17:13:25.149Z,2026-10-03T17:13:25.178Z,2026-10-03T17:13:25.192Z,2026-10-03T17:13:25.318Z,2026-10-03T17:13:25.192Z,2026-10-03T17:13:25.353Z,2026-10-03T17:13:25.432Z,2026-10-03T17:13:25.550Z,2026-10-03T17:13:25.687Z,2026-10-03T17:13:25.891Z,2026-10-03T17:13:25.891Z,2026-10-03T17:13:26.015Z,null,96,12,29,161,null,124,1232.1420999999973,99.81999999999971,9.444999999999709,10.14770000000135,87.49639999999636,144.625,12.91990000000078,73.13799999999901,183.2060000000056,56.27070000000094,291.90840000000026,254.47060000000056,null,null,null,null,null,null
cmusni0qq030fogbkf687axvx,text-to-video,performance_concurrent_flow,20,2026-10-03T17:13:24.938Z,2026-10-03T17:13:25.075Z,2026-10-03T17:13:25.085Z,2026-10-03T17:13:25.091Z,2026-10-03T17:13:25.076Z,2026-10-03T17:13:25.137Z,2026-10-03T17:13:25.179Z,2026-10-03T17:13:25.208Z,2026-10-03T17:13:25.222Z,2026-10-03T17:13:25.367Z,2026-10-03T17:13:25.222Z,2026-10-03T17:13:25.409Z,2026-10-03T17:13:25.487Z,2026-10-03T17:13:25.594Z,2026-10-03T17:13:25.717Z,2026-10-03T17:13:25.979Z,2026-10-03T17:13:25.979Z,2026-10-03T17:13:26.111Z,null,137,16,29,187,null,132,1339.3963000000003,142.9647000000041,10.421799999996438,9.84429999999702,70.53889999999956,153.9403999999995,18.16259999999602,79.84159999999974,188.31560000000172,26.644599999999627,356.24519999999757,271.79439999999886,null,null,null,null,null,null
cmusni0tl030qogbksugg7zwm,text-to-video,performance_concurrent_flow,20,2026-10-03T17:13:24.938Z,2026-10-03T17:13:25.179Z,2026-10-03T17:13:25.187Z,2026-10-03T17:13:25.193Z,2026-10-03T17:13:25.179Z,2026-10-03T17:13:25.245Z,2026-10-03T17:13:25.293Z,2026-10-03T17:13:25.333Z,2026-10-03T17:13:25.351Z,2026-10-03T17:13:25.583Z,2026-10-03T17:13:25.351Z,2026-10-03T17:13:25.607Z,2026-10-03T17:13:25.724Z,2026-10-03T17:13:25.858Z,2026-10-03T17:13:26.013Z,2026-10-03T17:13:26.274Z,2026-10-03T17:13:26.274Z,2026-10-03T17:13:26.399Z,null,241,14,40,256,null,125,1592.739800000003,245.05149999999412,10.844100000002072,13.017200000002049,79.82100000000355,250.93770000000222,23.226400000006834,81.26410000000033,250.30119999999442,29.566699999995762,367.36040000000503,231.028999999995,null,null,null,null,null,null
cmusni0s2030kogbkbh9ijh1b,image-to-video,performance_concurrent_flow,20,2026-10-03T17:13:24.938Z,2026-10-03T17:13:25.128Z,2026-10-03T17:13:25.136Z,2026-10-03T17:13:25.143Z,2026-10-03T17:13:25.129Z,2026-10-03T17:13:25.186Z,2026-10-03T17:13:25.254Z,2026-10-03T17:13:25.291Z,2026-10-03T17:13:25.306Z,2026-10-03T17:13:25.507Z,2026-10-03T17:13:25.306Z,2026-10-03T17:13:25.565Z,2026-10-03T17:13:25.704Z,2026-10-03T17:13:25.840Z,2026-10-03T17:13:26.016Z,2026-10-03T17:13:26.285Z,2026-10-03T17:13:26.285Z,2026-10-03T17:13:26.411Z,null,190,15,37,259,null,126,1601.541999999994,194.4158000000025,11.473600000004808,11.593400000005204,92.50170000000071,214.11019999999553,21.64940000000206,143.0859000000055,263.74960000000283,32.002300000000105,378.3194999999978,227.88880000000063,null,null,null,null,null,null
cmusni0ux030wogbklp8y6w3e,text-to-video,performance_concurrent_flow,20,2026-10-03T17:13:24.938Z,2026-10-03T17:13:25.225Z,2026-10-03T17:13:25.235Z,2026-10-03T17:13:25.245Z,2026-10-03T17:13:25.225Z,2026-10-03T17:13:25.293Z,2026-10-03T17:13:25.357Z,2026-10-03T17:13:25.418Z,2026-10-03T17:13:25.436Z,2026-10-03T17:13:25.728Z,2026-10-03T17:13:25.436Z,2026-10-03T17:13:25.788Z,2026-10-03T17:13:25.894Z,2026-10-03T17:13:26.035Z,2026-10-03T17:13:26.188Z,2026-10-03T17:13:26.414Z,2026-10-03T17:13:26.414Z,2026-10-03T17:13:26.543Z,null,287,20,61,352,null,129,1745.8299999999945,292.2823000000062,11.340700000000652,11.803500000001804,100.7071999999971,315.64010000000417,28.07680000000255,116.08360000000539,229.64370000000054,28.83020000000397,351.1296999999977,246.06639999999607,null,null,null,null,null,null
cmusni0wh0312ogbk930uq2fu,image-to-video,performance_concurrent_flow,20,2026-10-03T17:13:24.938Z,2026-10-03T17:13:25.290Z,2026-10-03T17:13:25.298Z,2026-10-03T17:13:25.305Z,2026-10-03T17:13:25.290Z,2026-10-03T17:13:25.383Z,2026-10-03T17:13:25.505Z,2026-10-03T17:13:25.579Z,2026-10-03T17:13:25.639Z,2026-10-03T17:13:25.946Z,2026-10-03T17:13:25.639Z,2026-10-03T17:13:26.018Z,2026-10-03T17:13:26.162Z,2026-10-03T17:13:26.332Z,2026-10-03T17:13:26.464Z,2026-10-03T17:13:26.710Z,2026-10-03T17:13:26.710Z,2026-10-03T17:13:26.847Z,null,352,15,74,379,null,137,2017.1929000000018,356.468200000003,15.758399999998801,17.380400000001828,176.5833999999959,387.7902000000031,28.984199999998964,136.3859999999986,289.1981999999989,29.617400000002817,350.15439999999944,217.9297000000006,null,null,null,null,null,null
cmusni0y9031bogbk134qi5kj,text-to-video,performance_concurrent_flow,20,2026-10-03T17:13:24.938Z,2026-10-03T17:13:25.355Z,2026-10-03T17:13:25.373Z,2026-10-03T17:13:25.380Z,2026-10-03T17:13:25.355Z,2026-10-03T17:13:25.458Z,2026-10-03T17:13:25.554Z,2026-10-03T17:13:25.604Z,2026-10-03T17:13:25.636Z,2026-10-03T17:13:25.948Z,2026-10-03T17:13:25.636Z,2026-10-03T17:13:26.019Z,2026-10-03T17:13:26.163Z,2026-10-03T17:13:26.331Z,2026-10-03T17:13:26.463Z,2026-10-03T17:13:26.708Z,2026-10-03T17:13:26.708Z,2026-10-03T17:13:26.850Z,null,417,25,50,383,null,142,2018.7824000000037,426.1545999999944,19.937000000005355,18.460800000000745,144.6267000000007,339.7953000000052,27.8298000000068,134.9867000000013,290.90669999999955,29.9346000000005,349.4001999999964,220.54789999999775,null,null,null,null,null,null
cmusni10o031iogbkcut34qx5,image-to-video,performance_concurrent_flow,20,2026-10-03T17:13:24.938Z,2026-10-03T17:13:25.450Z,2026-10-03T17:13:25.466Z,2026-10-03T17:13:25.474Z,2026-10-03T17:13:25.450Z,2026-10-03T17:13:25.577Z,2026-10-03T17:13:25.777Z,2026-10-03T17:13:25.863Z,2026-10-03T17:13:25.915Z,2026-10-03T17:13:26.329Z,2026-10-03T17:13:25.915Z,2026-10-03T17:13:26.397Z,2026-10-03T17:13:26.530Z,2026-10-03T17:13:26.696Z,2026-10-03T17:13:26.841Z,2026-10-03T17:13:27.035Z,2026-10-03T17:13:27.035Z,2026-10-03T17:13:27.164Z,null,512,24,86,482,null,129,2334.1221000000005,520.5014999999985,22.233800000001793,24.89480000000185,266.78570000000036,482.844299999997,37.893199999998615,133.55780000000232,272.7159999999931,41.203300000001036,303.2027999999991,212.4256000000023,null,null,null,null,null,null
cmusni139031sogbkanqkt3of,text-to-video,performance_concurrent_flow,20,2026-10-03T17:13:24.938Z,2026-10-03T17:13:25.553Z,2026-10-03T17:13:25.569Z,2026-10-03T17:13:25.578Z,2026-10-03T17:13:25.554Z,2026-10-03T17:13:25.710Z,2026-10-03T17:13:25.824Z,2026-10-03T17:13:25.989Z,2026-10-03T17:13:26.013Z,2026-10-03T17:13:26.365Z,2026-10-03T17:13:26.013Z,2026-10-03T17:13:26.430Z,2026-10-03T17:13:26.563Z,2026-10-03T17:13:26.724Z,2026-10-03T17:13:26.866Z,2026-10-03T17:13:27.069Z,2026-10-03T17:13:27.069Z,2026-10-03T17:13:27.207Z,null,615,25,165,417,null,138,2351.9311000000016,624.5962,45.362600000000384,30.62709999999788,244.98040000000037,418.28689999999915,34.16649999999936,126.04359999999724,272.4279000000024,43.835800000000745,300.486699999994,195.21949999999924,null,null,null,null,null,null
cmusni15w031yogbkikiqj42e,image-to-video,performance_concurrent_flow,20,2026-10-03T17:13:24.938Z,2026-10-03T17:13:25.617Z,2026-10-03T17:13:25.636Z,2026-10-03T17:13:25.648Z,2026-10-03T17:13:25.617Z,2026-10-03T17:13:25.766Z,2026-10-03T17:13:25.966Z,2026-10-03T17:13:26.069Z,2026-10-03T17:13:26.093Z,2026-10-03T17:13:26.446Z,2026-10-03T17:13:26.093Z,2026-10-03T17:13:26.523Z,2026-10-03T17:13:26.656Z,2026-10-03T17:13:26.830Z,2026-10-03T17:13:26.947Z,2026-10-03T17:13:27.176Z,2026-10-03T17:13:27.176Z,2026-10-03T17:13:27.365Z,null,679,31,103,430,null,189,2543.8433000000005,690.2089999999953,27.507100000002538,27.03139999999985,283.2167999999947,411.07340000000113,33.76169999999547,135.8998999999967,283.71800000000076,23.205399999998917,400.9801000000007,207.1426000000065,null,null,null,null,null,null
cmusni18e0324ogbkqz5gzbj4,image-to-video,performance_concurrent_flow,20,2026-10-03T17:13:24.938Z,2026-10-03T17:13:25.753Z,2026-10-03T17:13:25.772Z,2026-10-03T17:13:25.789Z,2026-10-03T17:13:25.753Z,2026-10-03T17:13:25.973Z,2026-10-03T17:13:26.207Z,2026-10-03T17:13:26.293Z,2026-10-03T17:13:26.316Z,2026-10-03T17:13:26.663Z,2026-10-03T17:13:26.316Z,2026-10-03T17:13:26.740Z,2026-10-03T17:13:26.869Z,2026-10-03T17:13:27.009Z,2026-10-03T17:13:27.140Z,2026-10-03T17:13:27.344Z,2026-10-03T17:13:27.344Z,2026-10-03T17:13:27.457Z,null,815,36,86,424,null,113,2607.8655999999974,825.1173000000053,29.145599999996193,82.82890000000043,318.1558999999979,397.5491000000038,29.071300000003248,150.6047000000035,230.829899999997,32.38470000000234,308.9956999999995,177.3307999999961,null,null,null,null,null,null
cmusni1c5032fogbkhui021zz,text-to-video,performance_concurrent_flow,20,2026-10-03T17:13:24.938Z,2026-10-03T17:13:25.882Z,2026-10-03T17:13:25.913Z,2026-10-03T17:13:25.926Z,2026-10-03T17:13:25.882Z,2026-10-03T17:13:26.059Z,2026-10-03T17:13:26.222Z,2026-10-03T17:13:26.305Z,2026-10-03T17:13:26.330Z,2026-10-03T17:13:26.665Z,2026-10-03T17:13:26.330Z,2026-10-03T17:13:26.741Z,2026-10-03T17:13:26.870Z,2026-10-03T17:13:27.008Z,2026-10-03T17:13:27.137Z,2026-10-03T17:13:27.350Z,2026-10-03T17:13:27.350Z,2026-10-03T17:13:27.467Z,null,944,44,83,411,null,117,2617.352399999996,965.1849999999977,30.012699999999313,35.57140000000072,240.18249999999534,385.5851000000039,29.54559999999765,150.2589999999982,227.4791999999943,34.12859999999637,319.44459999999526,176.80890000000363,null,null,null,null,null,null
cmusni1gc032qogbka58z8fq6,text-to-video,performance_concurrent_flow,20,2026-10-03T17:13:24.938Z,2026-10-03T17:13:26.042Z,2026-10-03T17:13:26.065Z,2026-10-03T17:13:26.079Z,2026-10-03T17:13:26.042Z,2026-10-03T17:13:26.237Z,2026-10-03T17:13:26.363Z,2026-10-03T17:13:26.460Z,2026-10-03T17:13:26.482Z,2026-10-03T17:13:26.845Z,2026-10-03T17:13:26.482Z,2026-10-03T17:13:26.900Z,2026-10-03T17:13:27.021Z,2026-10-03T17:13:27.188Z,2026-10-03T17:13:27.381Z,2026-10-03T17:13:27.577Z,2026-10-03T17:13:27.577Z,2026-10-03T17:13:27.669Z,null,1104,37,97,418,null,92,2829.440300000002,1117.0391999999993,27.26890000000276,33.55950000000303,239.33250000000407,420.38820000000123,33.36210000000574,112.4716999999946,325.6275000000023,34.334200000004785,291.052300000003,171.39910000000236,null,null,null,null,null,null
cmusni1kh032zogbkx6tuapjk,image-to-video,performance_concurrent_flow,20,2026-10-03T17:13:24.938Z,2026-10-03T17:13:26.223Z,2026-10-03T17:13:26.243Z,2026-10-03T17:13:26.255Z,2026-10-03T17:13:26.223Z,2026-10-03T17:13:26.381Z,2026-10-03T17:13:26.580Z,2026-10-03T17:13:26.690Z,2026-10-03T17:13:26.720Z,2026-10-03T17:13:27.034Z,2026-10-03T17:13:26.720Z,2026-10-03T17:13:27.114Z,2026-10-03T17:13:27.237Z,2026-10-03T17:13:27.370Z,2026-10-03T17:13:27.494Z,2026-10-03T17:13:27.660Z,2026-10-03T17:13:27.660Z,2026-10-03T17:13:27.756Z,null,1285,32,110,394,null,96,2879.7963999999993,1296.6010999999999,30.375700000004144,32.77030000000377,279.2572999999975,398.6470000000045,22.98519999999553,146.22819999999774,231.46970000000147,31.359300000003714,249.16670000000158,140.05339999999705,null,null,null,null,null,null
cmusni1pg033eogbkpu20lxg6,image-to-video,performance_concurrent_flow,20,2026-10-03T17:13:24.938Z,2026-10-03T17:13:26.367Z,2026-10-03T17:13:26.391Z,2026-10-03T17:13:26.403Z,2026-10-03T17:13:26.367Z,2026-10-03T17:13:26.541Z,2026-10-03T17:13:26.753Z,2026-10-03T17:13:26.852Z,2026-10-03T17:13:26.872Z,2026-10-03T17:13:27.184Z,2026-10-03T17:13:26.872Z,2026-10-03T17:13:27.236Z,2026-10-03T17:13:27.385Z,2026-10-03T17:13:27.513Z,2026-10-03T17:13:27.609Z,2026-10-03T17:13:27.786Z,2026-10-03T17:13:27.786Z,2026-10-03T17:13:27.851Z,null,1429,36,99,364,null,65,2974.6065000000017,1442.3459999999977,35.92120000000432,30.901499999999942,297.60749999999825,367.5254999999961,33.55720000000292,135.29509999999573,222.8801999999996,17.570800000001327,252.99200000000565,115.0023000000001,null,null,null,null,null,null
cmusni1y20340ogbkrh1w4uaz,text-to-video,performance_concurrent_flow,20,2026-10-03T17:13:24.938Z,2026-10-03T17:13:26.674Z,2026-10-03T17:13:26.699Z,2026-10-03T17:13:26.712Z,2026-10-03T17:13:26.674Z,2026-10-03T17:13:26.857Z,2026-10-03T17:13:26.966Z,2026-10-03T17:13:27.044Z,2026-10-03T17:13:27.075Z,2026-10-03T17:13:27.464Z,2026-10-03T17:13:27.075Z,2026-10-03T17:13:27.517Z,2026-10-03T17:13:27.611Z,2026-10-03T17:13:27.737Z,2026-10-03T17:13:27.806Z,2026-10-03T17:13:27.919Z,2026-10-03T17:13:27.919Z,2026-10-03T17:13:27.976Z,null,1736,38,78,442,null,57,3089.1097999999984,1750.2281000000003,39.21889999999985,43.29729999999836,183.405399999996,443.94079999999667,27.155699999995704,93.67029999999795,209.09369999999763,14.50460000000021,165.17489999999816,95.48639999999432,null,null,null,null,null,null
cmusni1tp033oogbkg676thuy,image-to-video,performance_concurrent_flow,20,2026-10-03T17:13:24.938Z,2026-10-03T17:13:26.527Z,2026-10-03T17:13:26.547Z,2026-10-03T17:13:26.560Z,2026-10-03T17:13:26.527Z,2026-10-03T17:13:26.706Z,2026-10-03T17:13:26.896Z,2026-10-03T17:13:26.985Z,2026-10-03T17:13:27.008Z,2026-10-03T17:13:27.405Z,2026-10-03T17:13:27.008Z,2026-10-03T17:13:27.460Z,2026-10-03T17:13:27.550Z,2026-10-03T17:13:27.689Z,2026-10-03T17:13:27.777Z,2026-10-03T17:13:27.911Z,2026-10-03T17:13:27.911Z,2026-10-03T17:13:27.972Z,null,1589,33,89,452,null,61,3110.7468999999983,1599.1359000000011,36.94630000000325,35.94339999999647,273.94430000000284,443.82890000000043,32.65539999999601,112.91839999999502,211.6669000000038,30.124700000000303,184.78800000000047,125.47580000000016,null,null,null,null,null,null
cmusni266034mogbk3rjg28fc,text-to-video,performance_concurrent_flow,20,2026-10-03T17:13:24.938Z,2026-10-03T17:13:26.958Z,2026-10-03T17:13:26.982Z,2026-10-03T17:13:26.994Z,2026-10-03T17:13:26.958Z,2026-10-03T17:13:27.112Z,2026-10-03T17:13:27.233Z,2026-10-03T17:13:27.348Z,2026-10-03T17:13:27.369Z,2026-10-03T17:13:27.631Z,2026-10-03T17:13:27.369Z,2026-10-03T17:13:27.686Z,2026-10-03T17:13:27.772Z,2026-10-03T17:13:27.850Z,2026-10-03T17:13:27.914Z,2026-10-03T17:13:28.020Z,2026-10-03T17:13:28.020Z,2026-10-03T17:13:28.083Z,null,2020,36,115,317,null,63,3193.6356000000014,2031.4202000000005,23.435099999995145,32.96439999999711,218.42859999999928,322.87049999999726,23.711199999997916,110.05969999999797,148.8819999999978,15.159800000001269,141.40340000000288,100.17779999999766,null,null,null,null,null,null
cmusni22o0349ogbkfpnoisln,image-to-video,performance_concurrent_flow,20,2026-10-03T17:13:24.938Z,2026-10-03T17:13:26.843Z,2026-10-03T17:13:26.861Z,2026-10-03T17:13:26.870Z,2026-10-03T17:13:26.843Z,2026-10-03T17:13:26.993Z,2026-10-03T17:13:27.191Z,2026-10-03T17:13:27.351Z,2026-10-03T17:13:27.375Z,2026-10-03T17:13:27.644Z,2026-10-03T17:13:27.375Z,2026-10-03T17:13:27.688Z,2026-10-03T17:13:27.778Z,2026-10-03T17:13:27.873Z,2026-10-03T17:13:27.928Z,2026-10-03T17:13:28.058Z,2026-10-03T17:13:28.058Z,2026-10-03T17:13:28.103Z,null,1905,27,160,313,null,45,3212.7119999999995,1915.3073000000004,23.878899999996065,33.98950000000332,339.84850000000006,339.34569999999803,25.8012000000017,97.26429999999527,155.2543000000005,12.454899999996996,171.65110000000277,81.27689999999711,null,null,null,null,null,null
cmusni3rx038jogbk9p3bbl5c,text-to-video,performance_concurrent_flow,20,2026-10-03T17:13:28.948Z,2026-10-03T17:13:29.012Z,2026-10-03T17:13:29.026Z,2026-10-03T17:13:29.033Z,2026-10-03T17:13:29.012Z,2026-10-03T17:13:29.071Z,2026-10-03T17:13:29.108Z,2026-10-03T17:13:29.142Z,2026-10-03T17:13:29.163Z,2026-10-03T17:13:29.269Z,2026-10-03T17:13:29.163Z,2026-10-03T17:13:29.291Z,2026-10-03T17:13:29.340Z,2026-10-03T17:13:29.406Z,2026-10-03T17:13:29.470Z,2026-10-03T17:13:29.621Z,2026-10-03T17:13:29.621Z,2026-10-03T17:13:29.713Z,null,64,21,34,128,null,92,873.0341999999946,73.55129999999917,10.489900000000489,8.894999999996799,60.8527000000031,138.71450000000186,10.25340000000142,47.339599999999336,107.98109999999724,15.93080000000191,207.88070000000153,179.90529999999853,null,null,null,null,null,null
cmusni3ti038nogbk6akcecyx,text-to-video,performance_concurrent_flow,20,2026-10-03T17:13:28.948Z,2026-10-03T17:13:29.063Z,2026-10-03T17:13:29.070Z,2026-10-03T17:13:29.078Z,2026-10-03T17:13:29.063Z,2026-10-03T17:13:29.115Z,2026-10-03T17:13:29.160Z,2026-10-03T17:13:29.192Z,2026-10-03T17:13:29.206Z,2026-10-03T17:13:29.307Z,2026-10-03T17:13:29.206Z,2026-10-03T17:13:29.333Z,2026-10-03T17:13:29.384Z,2026-10-03T17:13:29.456Z,2026-10-03T17:13:29.527Z,2026-10-03T17:13:29.695Z,2026-10-03T17:13:29.695Z,2026-10-03T17:13:29.798Z,null,115,15,32,127,null,103,966.6898999999976,118.01320000000123,10.111499999999069,9.157899999998335,68.77479999999923,123.10960000000341,13.17670000000362,49.15929999999935,114.0714999999982,17.17369999999937,230.82559999999648,201.149599999997,null,null,null,null,null,null
cmusni3uv038rogbkx615gaw2,image-to-video,performance_concurrent_flow,20,2026-10-03T17:13:28.948Z,2026-10-03T17:13:29.114Z,2026-10-03T17:13:29.123Z,2026-10-03T17:13:29.128Z,2026-10-03T17:13:29.114Z,2026-10-03T17:13:29.175Z,2026-10-03T17:13:29.240Z,2026-10-03T17:13:29.268Z,2026-10-03T17:13:29.284Z,2026-10-03T17:13:29.416Z,2026-10-03T17:13:29.284Z,2026-10-03T17:13:29.454Z,2026-10-03T17:13:29.520Z,2026-10-03T17:13:29.620Z,2026-10-03T17:13:29.726Z,2026-10-03T17:13:29.919Z,2026-10-03T17:13:29.919Z,2026-10-03T17:13:30.035Z,null,166,14,28,170,null,116,1191.7690000000002,170.52539999999863,10.61649999999645,15.812299999997776,91.23440000000119,146.7783999999956,16.58190000000468,66.75080000000162,161.267399999997,27.66349999999511,283.07479999999487,192.6160000000018,null,null,null,null,null,null
cmusni3w7038xogbk6ttdlj3v,text-to-video,performance_concurrent_flow,20,2026-10-03T17:13:28.949Z,2026-10-03T17:13:29.167Z,2026-10-03T17:13:29.174Z,2026-10-03T17:13:29.182Z,2026-10-03T17:13:29.167Z,2026-10-03T17:13:29.223Z,2026-10-03T17:13:29.261Z,2026-10-03T17:13:29.293Z,2026-10-03T17:13:29.309Z,2026-10-03T17:13:29.447Z,2026-10-03T17:13:29.309Z,2026-10-03T17:13:29.481Z,2026-10-03T17:13:29.560Z,2026-10-03T17:13:29.676Z,2026-10-03T17:13:29.790Z,2026-10-03T17:13:30.008Z,2026-10-03T17:13:30.008Z,2026-10-03T17:13:30.112Z,null,218,15,32,172,null,104,1274.7229999999981,222.5289000000048,10.96360000000277,10.04139999999461,62.43379999999888,157.96319999999832,16.394599999999627,69.47219999999652,188.02909999999974,25.619000000006054,302.45560000000114,197.30750000000262,null,null,null,null,null,null
cmusni3xt0393ogbk3fp4z6y3,image-to-video,performance_concurrent_flow,20,2026-10-03T17:13:28.948Z,2026-10-03T17:13:29.220Z,2026-10-03T17:13:29.226Z,2026-10-03T17:13:29.232Z,2026-10-03T17:13:29.220Z,2026-10-03T17:13:29.276Z,2026-10-03T17:13:29.345Z,2026-10-03T17:13:29.381Z,2026-10-03T17:13:29.398Z,2026-10-03T17:13:29.569Z,2026-10-03T17:13:29.398Z,2026-10-03T17:13:29.618Z,2026-10-03T17:13:29.721Z,2026-10-03T17:13:29.834Z,2026-10-03T17:13:29.970Z,2026-10-03T17:13:30.161Z,2026-10-03T17:13:30.161Z,2026-10-03T17:13:30.273Z,null,272,12,36,220,null,112,1447.3654999999999,274.35089999999764,11.238699999994424,8.977500000000873,96.99830000000657,188.83759999999893,20.08060000000114,95.87049999999726,202.54799999999523,27.65639999999985,299.70580000000336,211.32690000000002,null,null,null,null,null,null
cmusni3z20399ogbk62mzmk2m,text-to-video,performance_concurrent_flow,20,2026-10-03T17:13:28.949Z,2026-10-03T17:13:29.261Z,2026-10-03T17:13:29.271Z,2026-10-03T17:13:29.277Z,2026-10-03T17:13:29.261Z,2026-10-03T17:13:29.322Z,2026-10-03T17:13:29.368Z,2026-10-03T17:13:29.409Z,2026-10-03T17:13:29.424Z,2026-10-03T17:13:29.619Z,2026-10-03T17:13:29.424Z,2026-10-03T17:13:29.670Z,2026-10-03T17:13:29.783Z,2026-10-03T17:13:29.906Z,2026-10-03T17:13:30.037Z,2026-10-03T17:13:30.240Z,2026-10-03T17:13:30.240Z,2026-10-03T17:13:30.357Z,null,312,16,41,246,null,117,1551.2386000000042,316.8813000000009,10.048699999999371,12.534399999996822,72.95869999999559,213.66589999999997,23.403999999994994,98.70709999999963,230.66449999999895,33.34290000000328,288.56869999999617,239.2428,null,null,null,null,null,null
cmusni409039fogbkg059b6qz,text-to-video,performance_concurrent_flow,20,2026-10-03T17:13:28.948Z,2026-10-03T17:13:29.309Z,2026-10-03T17:13:29.318Z,2026-10-03T17:13:29.324Z,2026-10-03T17:13:29.309Z,2026-10-03T17:13:29.379Z,2026-10-03T17:13:29.437Z,2026-10-03T17:13:29.485Z,2026-10-03T17:13:29.504Z,2026-10-03T17:13:29.738Z,2026-10-03T17:13:29.504Z,2026-10-03T17:13:29.793Z,2026-10-03T17:13:29.909Z,2026-10-03T17:13:30.058Z,2026-10-03T17:13:30.172Z,2026-10-03T17:13:30.397Z,2026-10-03T17:13:30.397Z,2026-10-03T17:13:30.492Z,null,361,15,48,289,null,95,1649.193600000006,365.0472000000009,12.984899999995832,15.091400000004796,89.64650000000256,255.3839999999982,24.745199999997567,108.19300000000658,251.59320000000298,26.38470000000234,313.9076999999961,175.49599999999919,null,null,null,null,null,null
cmusni41s039logbk5xotjlgl,image-to-video,performance_concurrent_flow,20,2026-10-03T17:13:28.948Z,2026-10-03T17:13:29.369Z,2026-10-03T17:13:29.377Z,2026-10-03T17:13:29.386Z,2026-10-03T17:13:29.369Z,2026-10-03T17:13:29.446Z,2026-10-03T17:13:29.556Z,2026-10-03T17:13:29.627Z,2026-10-03T17:13:29.648Z,2026-10-03T17:13:29.928Z,2026-10-03T17:13:29.648Z,2026-10-03T17:13:30.000Z,2026-10-03T17:13:30.112Z,2026-10-03T17:13:30.244Z,2026-10-03T17:13:30.380Z,2026-10-03T17:13:30.579Z,2026-10-03T17:13:30.579Z,2026-10-03T17:13:30.704Z,null,421,17,71,352,null,125,1893.3706999999995,425.0382000000027,18.429400000000896,13.9233000000022,147.52590000000055,308.7066999999952,33.39579999999842,132.6820000000007,222.75900000000547,31.33419999999751,309.2905000000028,237.77700000000186,null,null,null,null,null,null
cmusni43p039wogbkn9cfa8ev,image-to-video,performance_concurrent_flow,20,2026-10-03T17:13:28.949Z,2026-10-03T17:13:29.441Z,2026-10-03T17:13:29.456Z,2026-10-03T17:13:29.463Z,2026-10-03T17:13:29.441Z,2026-10-03T17:13:29.541Z,2026-10-03T17:13:29.682Z,2026-10-03T17:13:29.766Z,2026-10-03T17:13:29.787Z,2026-10-03T17:13:30.082Z,2026-10-03T17:13:29.787Z,2026-10-03T17:13:30.136Z,2026-10-03T17:13:30.259Z,2026-10-03T17:13:30.402Z,2026-10-03T17:13:30.506Z,2026-10-03T17:13:30.738Z,2026-10-03T17:13:30.738Z,2026-10-03T17:13:30.873Z,null,492,22,84,349,null,135,2024.2055999999939,499.7551999999996,14.634799999999814,20.966800000001967,193.84560000000056,350.44430000000284,22.163300000000163,119.93179999999847,244.06229999999778,31.823700000000827,304.42179999999644,207.28220000000147,null,null,null,null,null,null
cmusni45o03a4ogbkojavnorq,text-to-video,performance_concurrent_flow,20,2026-10-03T17:13:28.949Z,2026-10-03T17:13:29.516Z,2026-10-03T17:13:29.532Z,2026-10-03T17:13:29.540Z,2026-10-03T17:13:29.516Z,2026-10-03T17:13:29.627Z,2026-10-03T17:13:29.730Z,2026-10-03T17:13:29.809Z,2026-10-03T17:13:29.832Z,2026-10-03T17:13:30.129Z,2026-10-03T17:13:29.832Z,2026-10-03T17:13:30.186Z,2026-10-03T17:13:30.306Z,2026-10-03T17:13:30.460Z,2026-10-03T17:13:30.606Z,2026-10-03T17:13:30.835Z,2026-10-03T17:13:30.835Z,2026-10-03T17:13:30.942Z,null,567,24,79,354,null,107,2101.739300000001,573.824099999998,20.579399999995076,22.80829999999696,156.325499999999,348.26350000000093,28.96990000000369,113.50929999999789,267.4623999999967,35.14760000000388,321.3553000000029,195.81060000000434,null,null,null,null,null,null
cmusni48c03acogbkfsrxagbo,image-to-video,performance_concurrent_flow,20,2026-10-03T17:13:28.949Z,2026-10-03T17:13:29.620Z,2026-10-03T17:13:29.637Z,2026-10-03T17:13:29.650Z,2026-10-03T17:13:29.620Z,2026-10-03T17:13:29.762Z,2026-10-03T17:13:29.943Z,2026-10-03T17:13:30.032Z,2026-10-03T17:13:30.052Z,2026-10-03T17:13:30.342Z,2026-10-03T17:13:30.052Z,2026-10-03T17:13:30.412Z,2026-10-03T17:13:30.515Z,2026-10-03T17:13:30.651Z,2026-10-03T17:13:30.790Z,2026-10-03T17:13:30.996Z,2026-10-03T17:13:30.996Z,2026-10-03T17:13:31.102Z,null,671,30,89,360,null,106,2232.7122999999992,680.3323999999993,27.851800000004005,24.839099999997416,249.32459999999992,344.2183999999979,27.68449999999575,132.71760000000359,220.85690000000614,34.42000000000553,304.824099999998,164.2465000000011,null,null,null,null,null,null
cmusni4e803auogbkp1iq1c05,text-to-video,performance_concurrent_flow,20,2026-10-03T17:13:28.949Z,2026-10-03T17:13:29.836Z,2026-10-03T17:13:29.854Z,2026-10-03T17:13:29.868Z,2026-10-03T17:13:29.836Z,2026-10-03T17:13:29.990Z,2026-10-03T17:13:30.096Z,2026-10-03T17:13:30.174Z,2026-10-03T17:13:30.194Z,2026-10-03T17:13:30.513Z,2026-10-03T17:13:30.194Z,2026-10-03T17:13:30.566Z,2026-10-03T17:13:30.701Z,2026-10-03T17:13:30.853Z,2026-10-03T17:13:30.969Z,2026-10-03T17:13:31.151Z,2026-10-03T17:13:31.151Z,2026-10-03T17:13:31.222Z,null,887,32,78,372,null,71,2342.4888999999966,896.5659999999989,31.447999999996682,35.09830000000511,170.83630000000267,352.35950000000594,40.62479999999778,117.61009999999806,259.4088999999949,32.81110000000626,255.20500000000175,127.08299999999872,null,null,null,null,null,null
cmusni4b803akogbkflayczv7,text-to-video,performance_concurrent_flow,20,2026-10-03T17:13:28.949Z,2026-10-03T17:13:29.726Z,2026-10-03T17:13:29.747Z,2026-10-03T17:13:29.761Z,2026-10-03T17:13:29.727Z,2026-10-03T17:13:29.870Z,2026-10-03T17:13:29.996Z,2026-10-03T17:13:30.073Z,2026-10-03T17:13:30.099Z,2026-10-03T17:13:30.405Z,2026-10-03T17:13:30.099Z,2026-10-03T17:13:30.478Z,2026-10-03T17:13:30.607Z,2026-10-03T17:13:30.763Z,2026-10-03T17:13:30.910Z,2026-10-03T17:13:31.106Z,2026-10-03T17:13:31.106Z,2026-10-03T17:13:31.183Z,null,777,35,77,379,null,77,2339.2168999999994,787.9694999999992,23.71549999999843,21.30510000000504,200.00730000000476,348.59969999999885,33.3324000000066,142.09120000000257,257.7872999999963,55.47799999999552,277.3232999999964,167.2338000000018,null,null,null,null,null,null
cmusni4lj03beogbkaphb0pel,text-to-video,performance_concurrent_flow,20,2026-10-03T17:13:28.949Z,2026-10-03T17:13:30.104Z,2026-10-03T17:13:30.121Z,2026-10-03T17:13:30.131Z,2026-10-03T17:13:30.104Z,2026-10-03T17:13:30.249Z,2026-10-03T17:13:30.363Z,2026-10-03T17:13:30.460Z,2026-10-03T17:13:30.486Z,2026-10-03T17:13:30.769Z,2026-10-03T17:13:30.486Z,2026-10-03T17:13:30.840Z,2026-10-03T17:13:30.953Z,2026-10-03T17:13:31.073Z,2026-10-03T17:13:31.161Z,2026-10-03T17:13:31.286Z,2026-10-03T17:13:31.286Z,2026-10-03T17:13:31.360Z,null,1155,27,97,354,null,74,2481.730199999998,1164.5499999999956,26.61040000000503,34.111799999998766,182.82909999999538,341.3245999999999,41.06029999999737,128.06119999999646,208.14359999999579,18.90520000000106,190.18369999999413,127.5309000000052,null,null,null,null,null,null
cmusni4hy03b5ogbko94ux7nx,image-to-video,performance_concurrent_flow,20,2026-10-03T17:13:28.949Z,2026-10-03T17:13:29.987Z,2026-10-03T17:13:30.009Z,2026-10-03T17:13:30.021Z,2026-10-03T17:13:29.987Z,2026-10-03T17:13:30.130Z,2026-10-03T17:13:30.302Z,2026-10-03T17:13:30.400Z,2026-10-03T17:13:30.426Z,2026-10-03T17:13:30.739Z,2026-10-03T17:13:30.426Z,2026-10-03T17:13:30.817Z,2026-10-03T17:13:30.939Z,2026-10-03T17:13:31.067Z,2026-10-03T17:13:31.159Z,2026-10-03T17:13:31.286Z,2026-10-03T17:13:31.286Z,2026-10-03T17:13:31.359Z,null,1038,34,98,391,null,73,2482.5898000000016,1050.1474000000017,25.59769999999844,23.217499999998836,245.6432999999961,378.53489999999874,27.650800000003073,151.0804999999964,215.48240000000078,22.68619999999646,191.25690000000031,129.24470000000292,null,null,null,null,null,null
cmusni4pg03brogbk962c21sw,image-to-video,performance_concurrent_flow,20,2026-10-03T17:13:28.949Z,2026-10-03T17:13:30.244Z,2026-10-03T17:13:30.262Z,2026-10-03T17:13:30.274Z,2026-10-03T17:13:30.244Z,2026-10-03T17:13:30.408Z,2026-10-03T17:13:30.595Z,2026-10-03T17:13:30.693Z,2026-10-03T17:13:30.719Z,2026-10-03T17:13:31.037Z,2026-10-03T17:13:30.719Z,2026-10-03T17:13:31.095Z,2026-10-03T17:13:31.176Z,2026-10-03T17:13:31.264Z,2026-10-03T17:13:31.356Z,2026-10-03T17:13:31.482Z,2026-10-03T17:13:31.482Z,2026-10-03T17:13:31.533Z,null,1295,30,98,376,null,51,2641.964500000002,1305.1598000000013,33.068700000003446,32.624000000003434,266.5792000000001,387.7468999999983,28.45499999999447,100.14020000000164,168.79910000000382,21.989999999997963,178.96340000000055,98.09730000000127,null,null,null,null,null,null
cmusni4t503c1ogbkvn6o6siq,image-to-video,performance_concurrent_flow,20,2026-10-03T17:13:28.949Z,2026-10-03T17:13:30.388Z,2026-10-03T17:13:30.415Z,2026-10-03T17:13:30.428Z,2026-10-03T17:13:30.388Z,2026-10-03T17:13:30.552Z,2026-10-03T17:13:30.752Z,2026-10-03T17:13:30.847Z,2026-10-03T17:13:30.870Z,2026-10-03T17:13:31.133Z,2026-10-03T17:13:30.870Z,2026-10-03T17:13:31.177Z,2026-10-03T17:13:31.258Z,2026-10-03T17:13:31.346Z,2026-10-03T17:13:31.420Z,2026-10-03T17:13:31.524Z,2026-10-03T17:13:31.524Z,2026-10-03T17:13:31.590Z,null,1439,40,95,307,null,66,2690.381699999998,1452.6470000000045,31.180599999999686,39.98850000000675,263.6664000000019,337.92199999999866,20.301699999996345,80.0850999999966,157.03620000000228,18.993999999998778,163.96549999999843,97.75559999999678,null,null,null,null,null,null
cmusni50003cmogbkgdeejvgi,text-to-video,performance_concurrent_flow,20,2026-10-03T17:13:28.949Z,2026-10-03T17:13:30.628Z,2026-10-03T17:13:30.650Z,2026-10-03T17:13:30.662Z,2026-10-03T17:13:30.628Z,2026-10-03T17:13:30.805Z,2026-10-03T17:13:30.917Z,2026-10-03T17:13:30.991Z,2026-10-03T17:13:31.014Z,2026-10-03T17:13:31.241Z,2026-10-03T17:13:31.014Z,2026-10-03T17:13:31.280Z,2026-10-03T17:13:31.360Z,2026-10-03T17:13:31.452Z,2026-10-03T17:13:31.504Z,2026-10-03T17:13:31.599Z,2026-10-03T17:13:31.599Z,2026-10-03T17:13:31.648Z,null,1679,34,74,266,null,49,2745.1820000000007,1690.6363999999958,30.068500000001222,28.186399999998685,205.64170000000013,282.33630000000267,20.91580000000249,82.15170000000217,152.3952999999965,12.156200000004901,133.24350000000413,84.36069999999745,null,null,null,null,null,null
cmusni4xd03ccogbkll34lw5q,image-to-video,performance_concurrent_flow,20,2026-10-03T17:13:28.949Z,2026-10-03T17:13:30.511Z,2026-10-03T17:13:30.533Z,2026-10-03T17:13:30.551Z,2026-10-03T17:13:30.512Z,2026-10-03T17:13:30.676Z,2026-10-03T17:13:30.888Z,2026-10-03T17:13:30.967Z,2026-10-03T17:13:30.989Z,2026-10-03T17:13:31.248Z,2026-10-03T17:13:30.989Z,2026-10-03T17:13:31.281Z,2026-10-03T17:13:31.368Z,2026-10-03T17:13:31.445Z,2026-10-03T17:13:31.503Z,2026-10-03T17:13:31.606Z,2026-10-03T17:13:31.606Z,2026-10-03T17:13:31.653Z,null,1562,40,79,292,null,47,2749.436999999998,1577.7831000000006,30.4658000000054,33.28949999999895,287.0550000000003,314.79699999999866,20.664599999996426,76.20299999999406,148.63909999999305,11.316599999998289,145.80979999999545,78.92500000000291,null,null,null,null,null,null
cmusni54d03cwogbk63y2mayd,image-to-video,performance_concurrent_flow,20,2026-10-03T17:13:28.949Z,2026-10-03T17:13:30.806Z,2026-10-03T17:13:30.828Z,2026-10-03T17:13:30.846Z,2026-10-03T17:13:30.807Z,2026-10-03T17:13:30.966Z,2026-10-03T17:13:31.116Z,2026-10-03T17:13:31.175Z,2026-10-03T17:13:31.192Z,2026-10-03T17:13:31.423Z,2026-10-03T17:13:31.192Z,2026-10-03T17:13:31.460Z,2026-10-03T17:13:31.506Z,2026-10-03T17:13:31.578Z,2026-10-03T17:13:31.628Z,2026-10-03T17:13:31.715Z,2026-10-03T17:13:31.715Z,2026-10-03T17:13:31.771Z,null,1857,40,59,268,null,56,2860.8834999999963,1869.4458999999988,31.34599999999773,29.80449999999837,215.6009000000049,273.0330000000031,21.451600000000326,59.18710000000283,111.64040000000386,9.400399999998626,133.92259999999806,77.588800000005,null,null,null,null,null,null
cmusni6kl03gwogbk0bmxxrl4,text-to-video,performance_concurrent_flow,20,2026-10-03T17:13:32.583Z,2026-10-03T17:13:32.632Z,2026-10-03T17:13:32.638Z,2026-10-03T17:13:32.645Z,2026-10-03T17:13:32.632Z,2026-10-03T17:13:32.688Z,2026-10-03T17:13:32.731Z,2026-10-03T17:13:32.767Z,2026-10-03T17:13:32.783Z,2026-10-03T17:13:32.905Z,2026-10-03T17:13:32.783Z,2026-10-03T17:13:32.935Z,2026-10-03T17:13:33.009Z,2026-10-03T17:13:33.099Z,2026-10-03T17:13:33.180Z,2026-10-03T17:13:33.342Z,2026-10-03T17:13:33.342Z,2026-10-03T17:13:33.467Z,null,49,13,36,152,null,125,1028.3415000000023,51.8356000000058,10.039299999996729,8.7757000000056,70.64019999999437,152.8480999999956,9.078600000000733,61.16359999999986,156.92119999999704,18.761399999995774,224.3663000000015,253.57050000000163,null,null,null,null,null,null
cmusni6lu03h0ogbkcl2dfqoc,text-to-video,performance_concurrent_flow,20,2026-10-03T17:13:32.583Z,2026-10-03T17:13:32.677Z,2026-10-03T17:13:32.686Z,2026-10-03T17:13:32.697Z,2026-10-03T17:13:32.677Z,2026-10-03T17:13:32.737Z,2026-10-03T17:13:32.782Z,2026-10-03T17:13:32.811Z,2026-10-03T17:13:32.827Z,2026-10-03T17:13:32.980Z,2026-10-03T17:13:32.827Z,2026-10-03T17:13:33.014Z,2026-10-03T17:13:33.091Z,2026-10-03T17:13:33.182Z,2026-10-03T17:13:33.268Z,2026-10-03T17:13:33.489Z,2026-10-03T17:13:33.489Z,2026-10-03T17:13:33.606Z,null,94,20,29,187,null,117,1298.854499999994,97.39900000000489,9.326199999995879,10.44419999999809,69.31489999999758,158.0957000000053,22.7583999999988,69.9629999999961,163.09399999999732,21.15899999999965,299.5217000000048,361.08290000000125,null,null,null,null,null,null
cmusni6nc03h4ogbk4jxisosz,image-to-video,performance_concurrent_flow,20,2026-10-03T17:13:32.583Z,2026-10-03T17:13:32.733Z,2026-10-03T17:13:32.742Z,2026-10-03T17:13:32.752Z,2026-10-03T17:13:32.734Z,2026-10-03T17:13:32.795Z,2026-10-03T17:13:32.869Z,2026-10-03T17:13:32.905Z,2026-10-03T17:13:32.921Z,2026-10-03T17:13:33.113Z,2026-10-03T17:13:32.921Z,2026-10-03T17:13:33.156Z,2026-10-03T17:13:33.242Z,2026-10-03T17:13:33.359Z,2026-10-03T17:13:33.505Z,2026-10-03T17:13:33.744Z,2026-10-03T17:13:33.744Z,2026-10-03T17:13:33.977Z,null,150,19,36,235,null,233,1525.4702000000034,154.5613000000012,12.646500000002561,9.316299999998591,99.65159999999742,209.84919999999693,17.85620000000199,93.32020000000193,190.00880000000325,35.31100000000151,464.3289999999979,224.0853999999963,null,null,null,null,null,null
cmusni6oy03haogbkxmqbhmsa,text-to-video,performance_concurrent_flow,20,2026-10-03T17:13:32.584Z,2026-10-03T17:13:32.790Z,2026-10-03T17:13:32.796Z,2026-10-03T17:13:32.802Z,2026-10-03T17:13:32.790Z,2026-10-03T17:13:32.858Z,2026-10-03T17:13:32.902Z,2026-10-03T17:13:32.947Z,2026-10-03T17:13:32.965Z,2026-10-03T17:13:33.198Z,2026-10-03T17:13:32.965Z,2026-10-03T17:13:33.237Z,2026-10-03T17:13:33.327Z,2026-10-03T17:13:33.480Z,2026-10-03T17:13:33.606Z,2026-10-03T17:13:33.959Z,2026-10-03T17:13:33.959Z,2026-10-03T17:13:34.087Z,null,206,12,45,272,null,128,1642.2448999999979,210.1350999999995,10.775200000003679,12.985599999999977,82.76720000000205,256.4105999999956,22.75239999999758,79.00669999999809,237.8666000000012,51.642399999997,424.0766000000003,244.89340000000084,null,null,null,null,null,null
cmusni6qa03hgogbkq6k7vmw5,text-to-video,performance_concurrent_flow,20,2026-10-03T17:13:32.584Z,2026-10-03T17:13:32.849Z,2026-10-03T17:13:32.859Z,2026-10-03T17:13:32.864Z,2026-10-03T17:13:32.849Z,2026-10-03T17:13:32.916Z,2026-10-03T17:13:32.989Z,2026-10-03T17:13:33.038Z,2026-10-03T17:13:33.059Z,2026-10-03T17:13:33.262Z,2026-10-03T17:13:33.059Z,2026-10-03T17:13:33.314Z,2026-10-03T17:13:33.433Z,2026-10-03T17:13:33.595Z,2026-10-03T17:13:33.738Z,2026-10-03T17:13:34.083Z,2026-10-03T17:13:34.083Z,2026-10-03T17:13:34.230Z,null,265,15,49,255,null,147,1788.125300000007,270.8845000000001,13.285799999997835,13.370900000001711,102.80720000000292,239.9594999999972,17.434300000000803,99.00890000000072,262.2448000000004,44.31669999999576,451.64719999999943,263.40669999999955,null,null,null,null,null,null
cmusni6s403hlogbkiizkg77g,text-to-video,performance_concurrent_flow,20,2026-10-03T17:13:32.583Z,2026-10-03T17:13:32.907Z,2026-10-03T17:13:32.914Z,2026-10-03T17:13:32.919Z,2026-10-03T17:13:32.907Z,2026-10-03T17:13:32.996Z,2026-10-03T17:13:33.067Z,2026-10-03T17:13:33.128Z,2026-10-03T17:13:33.146Z,2026-10-03T17:13:33.372Z,2026-10-03T17:13:33.146Z,2026-10-03T17:13:33.447Z,2026-10-03T17:13:33.588Z,2026-10-03T17:13:33.736Z,2026-10-03T17:13:33.991Z,2026-10-03T17:13:34.239Z,2026-10-03T17:13:34.239Z,2026-10-03T17:13:34.392Z,null,324,12,61,301,null,153,1962.2101000000039,327.8347000000067,19.848500000000058,17.158699999999953,119.4452999999994,260.2422000000006,20.439399999995658,142.89240000000427,388.4556999999986,33.18100000000413,356.6944999999978,267.89250000000175,null,null,null,null,null,null
cmusni6tw03hrogbkt1p81uqb,text-to-video,performance_concurrent_flow,20,2026-10-03T17:13:32.584Z,2026-10-03T17:13:32.986Z,2026-10-03T17:13:32.995Z,2026-10-03T17:13:33.004Z,2026-10-03T17:13:32.986Z,2026-10-03T17:13:33.086Z,2026-10-03T17:13:33.157Z,2026-10-03T17:13:33.217Z,2026-10-03T17:13:33.235Z,2026-10-03T17:13:33.551Z,2026-10-03T17:13:33.235Z,2026-10-03T17:13:33.601Z,2026-10-03T17:13:33.752Z,2026-10-03T17:13:33.963Z,2026-10-03T17:13:34.102Z,2026-10-03T17:13:34.394Z,2026-10-03T17:13:34.394Z,2026-10-03T17:13:34.540Z,null,402,18,60,366,null,146,2072.0777000000016,407.77739999999903,18.975100000003295,17.79069999999774,124.56030000000464,312.9034000000029,44.41479999999865,137.3026000000027,327.78659999999945,40.366299999994226,393.60859999999957,233.47639999999956,null,null,null,null,null,null
cmusni6wc03i0ogbkc24yl901,image-to-video,performance_concurrent_flow,20,2026-10-03T17:13:32.584Z,2026-10-03T17:13:33.077Z,2026-10-03T17:13:33.094Z,2026-10-03T17:13:33.103Z,2026-10-03T17:13:33.077Z,2026-10-03T17:13:33.178Z,2026-10-03T17:13:33.313Z,2026-10-03T17:13:33.388Z,2026-10-03T17:13:33.415Z,2026-10-03T17:13:33.758Z,2026-10-03T17:13:33.415Z,2026-10-03T17:13:33.802Z,2026-10-03T17:13:33.996Z,2026-10-03T17:13:34.161Z,2026-10-03T17:13:34.316Z,2026-10-03T17:13:34.594Z,2026-10-03T17:13:34.594Z,2026-10-03T17:13:34.706Z,null,493,26,75,387,null,112,2226.7690000000002,504.88010000000213,19.10920000000624,18.423399999999674,180.09049999999843,388.51610000000073,29.755000000004657,180.1851999999999,266.5792000000001,33.217600000003586,398.46800000000076,192.76450000000477,null,null,null,null,null,null
cmusni6z603iaogbktnigphtn,image-to-video,performance_concurrent_flow,20,2026-10-03T17:13:32.583Z,2026-10-03T17:13:33.174Z,2026-10-03T17:13:33.193Z,2026-10-03T17:13:33.201Z,2026-10-03T17:13:33.175Z,2026-10-03T17:13:33.289Z,2026-10-03T17:13:33.469Z,2026-10-03T17:13:33.575Z,2026-10-03T17:13:33.596Z,2026-10-03T17:13:34.009Z,2026-10-03T17:13:33.596Z,2026-10-03T17:13:34.079Z,2026-10-03T17:13:34.209Z,2026-10-03T17:13:34.399Z,2026-10-03T17:13:34.557Z,2026-10-03T17:13:34.760Z,2026-10-03T17:13:34.760Z,2026-10-03T17:13:34.866Z,null,591,27,106,483,null,106,2390.3899999999994,597.3422999999966,19.89299999999639,17.2187000000049,245.57459999999992,472.74610000000393,29.21259999999893,139.78579999999783,306.0891000000047,31.62329999999929,313.8107000000018,196.26620000000548,null,null,null,null,null,null
cmusni71o03ihogbkrm24a70c,text-to-video,performance_concurrent_flow,20,2026-10-03T17:13:32.584Z,2026-10-03T17:13:33.261Z,2026-10-03T17:13:33.282Z,2026-10-03T17:13:33.297Z,2026-10-03T17:13:33.262Z,2026-10-03T17:13:33.410Z,2026-10-03T17:13:33.559Z,2026-10-03T17:13:33.619Z,2026-10-03T17:13:33.652Z,2026-10-03T17:13:34.104Z,2026-10-03T17:13:33.652Z,2026-10-03T17:13:34.181Z,2026-10-03T17:13:34.325Z,2026-10-03T17:13:34.511Z,2026-10-03T17:13:34.636Z,2026-10-03T17:13:34.834Z,2026-10-03T17:13:34.834Z,2026-10-03T17:13:34.943Z,null,677,36,60,529,null,109,2451.0464999999967,691.1664999999994,24.340700000000652,23.40179999999964,223.44429999999556,495.42609999999695,26.128199999999197,137.8752999999997,310.35570000000007,28.719599999996717,288.16419999999925,179.38360000000102,null,null,null,null,null,null
cmusni74p03ioogbku0yl4wxn,image-to-video,performance_concurrent_flow,20,2026-10-03T17:13:32.584Z,2026-10-03T17:13:33.387Z,2026-10-03T17:13:33.415Z,2026-10-03T17:13:33.430Z,2026-10-03T17:13:33.387Z,2026-10-03T17:13:33.578Z,2026-10-03T17:13:33.936Z,2026-10-03T17:13:34.031Z,2026-10-03T17:13:34.059Z,2026-10-03T17:13:34.426Z,2026-10-03T17:13:34.059Z,2026-10-03T17:13:34.493Z,2026-10-03T17:13:34.627Z,2026-10-03T17:13:34.762Z,2026-10-03T17:13:34.880Z,2026-10-03T17:13:35.064Z,2026-10-03T17:13:35.064Z,2026-10-03T17:13:35.168Z,null,803,43,95,434,null,104,2665.238600000004,819.9254999999976,34.829499999999825,36.90179999999964,445.1162999999942,417.1732000000047,40.8096000000005,144.19670000000042,231.66440000000148,33.206099999995786,274.78919999999925,160.3301000000065,null,null,null,null,null,null
cmusni79203j0ogbkmn9b764f,image-to-video,performance_concurrent_flow,20,2026-10-03T17:13:32.584Z,2026-10-03T17:13:33.573Z,2026-10-03T17:13:33.589Z,2026-10-03T17:13:33.616Z,2026-10-03T17:13:33.573Z,2026-10-03T17:13:33.767Z,2026-10-03T17:13:34.069Z,2026-10-03T17:13:34.173Z,2026-10-03T17:13:34.195Z,2026-10-03T17:13:34.584Z,2026-10-03T17:13:34.195Z,2026-10-03T17:13:34.640Z,2026-10-03T17:13:34.753Z,2026-10-03T17:13:34.892Z,2026-10-03T17:13:35.000Z,2026-10-03T17:13:35.181Z,2026-10-03T17:13:35.181Z,2026-10-03T17:13:35.260Z,null,989,43,104,445,null,79,2752.2760999999955,998.7854999999981,47.79699999999866,34.31640000000334,380.39400000000023,460.7260000000024,29.180500000002212,112.94940000000497,232.09649999999965,25.93409999999858,261.39540000000125,134.8000000000029,null,null,null,null,null,null
cmusni7d603jbogbklywsc4q0,text-to-video,performance_concurrent_flow,20,2026-10-03T17:13:32.584Z,2026-10-03T17:13:33.702Z,2026-10-03T17:13:33.723Z,2026-10-03T17:13:33.741Z,2026-10-03T17:13:33.702Z,2026-10-03T17:13:33.973Z,2026-10-03T17:13:34.107Z,2026-10-03T17:13:34.205Z,2026-10-03T17:13:34.225Z,2026-10-03T17:13:34.600Z,2026-10-03T17:13:34.225Z,2026-10-03T17:13:34.653Z,2026-10-03T17:13:34.764Z,2026-10-03T17:13:34.900Z,2026-10-03T17:13:35.007Z,2026-10-03T17:13:35.186Z,2026-10-03T17:13:35.186Z,2026-10-03T17:13:35.262Z,null,1118,39,98,428,null,76,2752.9472000000023,1129.428200000002,141.62809999999445,33.53390000000218,202.05219999999827,434.7832000000053,28.24699999999575,113.58099999999831,225.20040000000154,25.281699999999546,258.82360000000335,131.82949999999983,null,null,null,null,null,null
cmusni7gv03jlogbkg13uagbm,text-to-video,performance_concurrent_flow,20,2026-10-03T17:13:32.584Z,2026-10-03T17:13:33.900Z,2026-10-03T17:13:33.920Z,2026-10-03T17:13:33.933Z,2026-10-03T17:13:33.901Z,2026-10-03T17:13:34.068Z,2026-10-03T17:13:34.198Z,2026-10-03T17:13:34.299Z,2026-10-03T17:13:34.321Z,2026-10-03T17:13:34.684Z,2026-10-03T17:13:34.321Z,2026-10-03T17:13:34.741Z,2026-10-03T17:13:34.860Z,2026-10-03T17:13:34.987Z,2026-10-03T17:13:35.094Z,2026-10-03T17:13:35.253Z,2026-10-03T17:13:35.253Z,2026-10-03T17:13:35.324Z,null,1316,33,101,420,null,71,2819.4156000000003,1326.4559999999983,25.036800000001676,31.515700000003562,218.1652000000031,429.9991000000009,30.76810000000114,111.6961999999985,223.895500000006,21.07100000000355,239.5685999999987,137.71970000000147,null,null,null,null,null,null
cmusni7mo03jqogbk7m1nj07c,image-to-video,performance_concurrent_flow,20,2026-10-03T17:13:32.584Z,2026-10-03T17:13:34.056Z,2026-10-03T17:13:34.074Z,2026-10-03T17:13:34.086Z,2026-10-03T17:13:34.056Z,2026-10-03T17:13:34.239Z,2026-10-03T17:13:34.459Z,2026-10-03T17:13:34.561Z,2026-10-03T17:13:34.581Z,2026-10-03T17:13:34.865Z,2026-10-03T17:13:34.581Z,2026-10-03T17:13:34.929Z,2026-10-03T17:13:35.027Z,2026-10-03T17:13:35.160Z,2026-10-03T17:13:35.252Z,2026-10-03T17:13:35.396Z,2026-10-03T17:13:35.396Z,2026-10-03T17:13:35.471Z,null,1472,30,102,348,null,75,2931.769699999997,1482.842700000001,33.68479999999545,45.44789999999921,303.3975999999966,357.55970000000525,27.51799999999639,111.67719999999827,219.89679999999498,25.395900000003166,199.35190000000148,105.38600000000588,null,null,null,null,null,null
cmusni7rg03k2ogbk05wtv0q6,image-to-video,performance_concurrent_flow,20,2026-10-03T17:13:32.584Z,2026-10-03T17:13:34.222Z,2026-10-03T17:13:34.249Z,2026-10-03T17:13:34.265Z,2026-10-03T17:13:34.222Z,2026-10-03T17:13:34.431Z,2026-10-03T17:13:34.631Z,2026-10-03T17:13:34.713Z,2026-10-03T17:13:34.736Z,2026-10-03T17:13:35.023Z,2026-10-03T17:13:34.736Z,2026-10-03T17:13:35.082Z,2026-10-03T17:13:35.177Z,2026-10-03T17:13:35.269Z,2026-10-03T17:13:35.351Z,2026-10-03T17:13:35.485Z,2026-10-03T17:13:35.485Z,2026-10-03T17:13:35.536Z,null,1638,43,82,346,null,51,3015.5448000000033,1650.974900000001,37.45509999999922,34.957399999999325,301.1501999999964,351.9409000000014,22.077299999997194,104.18479999999545,166.4163000000044,22.775800000003073,189.11089999999967,103.82390000000305,null,null,null,null,null,null
cmusni7w003kfogbkj02jkgso,image-to-video,performance_concurrent_flow,20,2026-10-03T17:13:32.584Z,2026-10-03T17:13:34.396Z,2026-10-03T17:13:34.421Z,2026-10-03T17:13:34.439Z,2026-10-03T17:13:34.396Z,2026-10-03T17:13:34.586Z,2026-10-03T17:13:34.746Z,2026-10-03T17:13:34.827Z,2026-10-03T17:13:34.850Z,2026-10-03T17:13:35.119Z,2026-10-03T17:13:34.850Z,2026-10-03T17:13:35.172Z,2026-10-03T17:13:35.255Z,2026-10-03T17:13:35.351Z,2026-10-03T17:13:35.436Z,2026-10-03T17:13:35.542Z,2026-10-03T17:13:35.542Z,2026-10-03T17:13:35.601Z,null,1812,43,81,322,null,59,3089.7957000000024,1824.6705000000002,29.372999999999593,45.963700000000244,241.85269999999582,327.3122999999978,22.84360000000015,105.12370000000374,159.5396999999939,20.236400000001595,164.549500000001,117.83140000000276,null,null,null,null,null,null
cmusni80k03kqogbkyoy8ddl3,text-to-video,performance_concurrent_flow,20,2026-10-03T17:13:32.584Z,2026-10-03T17:13:34.559Z,2026-10-03T17:13:34.577Z,2026-10-03T17:13:34.590Z,2026-10-03T17:13:34.559Z,2026-10-03T17:13:34.703Z,2026-10-03T17:13:34.816Z,2026-10-03T17:13:34.902Z,2026-10-03T17:13:34.924Z,2026-10-03T17:13:35.209Z,2026-10-03T17:13:34.924Z,2026-10-03T17:13:35.249Z,2026-10-03T17:13:35.321Z,2026-10-03T17:13:35.419Z,2026-10-03T17:13:35.487Z,2026-10-03T17:13:35.584Z,2026-10-03T17:13:35.584Z,2026-10-03T17:13:35.636Z,null,1975,31,86,325,null,52,3118.7009000000035,1984.1414000000004,29.128600000003644,23.96360000000277,181.25100000000384,348.9850000000006,23.858100000004924,77.18899999999849,158.07130000000325,17.389400000000023,150.02079999999842,102.09889999999723,null,null,null,null,null,null
cmusni84z03kxogbkcrknaj8c,image-to-video,performance_concurrent_flow,20,2026-10-03T17:13:32.584Z,2026-10-03T17:13:34.696Z,2026-10-03T17:13:34.712Z,2026-10-03T17:13:34.722Z,2026-10-03T17:13:34.696Z,2026-10-03T17:13:34.842Z,2026-10-03T17:13:35.004Z,2026-10-03T17:13:35.079Z,2026-10-03T17:13:35.098Z,2026-10-03T17:13:35.327Z,2026-10-03T17:13:35.098Z,2026-10-03T17:13:35.376Z,2026-10-03T17:13:35.449Z,2026-10-03T17:13:35.512Z,2026-10-03T17:13:35.581Z,2026-10-03T17:13:35.701Z,2026-10-03T17:13:35.701Z,2026-10-03T17:13:35.752Z,null,2112,26,75,278,null,51,3212.9593000000023,2121.5836000000054,32.30320000000211,24.823700000000827,233.4065000000046,284.7439999999988,20.751600000003236,82.5547000000006,131.93819999999687,13.35859999999957,168.8304999999964,82.11239999999816,null,null,null,null,null,null
cmusni88m03l9ogbkwh6vlwh0,image-to-video,performance_concurrent_flow,20,2026-10-03T17:13:32.583Z,2026-10-03T17:13:34.828Z,2026-10-03T17:13:34.848Z,2026-10-03T17:13:34.856Z,2026-10-03T17:13:34.829Z,2026-10-03T17:13:34.968Z,2026-10-03T17:13:35.131Z,2026-10-03T17:13:35.200Z,2026-10-03T17:13:35.221Z,2026-10-03T17:13:35.424Z,2026-10-03T17:13:35.221Z,2026-10-03T17:13:35.466Z,2026-10-03T17:13:35.513Z,2026-10-03T17:13:35.585Z,2026-10-03T17:13:35.645Z,2026-10-03T17:13:35.753Z,2026-10-03T17:13:35.753Z,2026-10-03T17:13:35.799Z,null,2245,28,69,245,null,46,3271.4061,2254.900499999996,31.06119999999646,31.189999999995052,224.17799999999988,250.60740000000078,19.6050000000032,73.8495000000039,115.17689999999857,11.086100000000442,149.6739000000016,92.3269999999975,null,null,null,null,null,null
cmusni9lc03paogbk1775uiua,text-to-video,performance_concurrent_flow,20,2026-10-03T17:13:36.501Z,2026-10-03T17:13:36.543Z,2026-10-03T17:13:36.549Z,2026-10-03T17:13:36.555Z,2026-10-03T17:13:36.543Z,2026-10-03T17:13:36.589Z,2026-10-03T17:13:36.619Z,2026-10-03T17:13:36.646Z,2026-10-03T17:13:36.663Z,2026-10-03T17:13:36.781Z,2026-10-03T17:13:36.663Z,2026-10-03T17:13:36.809Z,2026-10-03T17:13:36.854Z,2026-10-03T17:13:36.923Z,2026-10-03T17:13:36.977Z,2026-10-03T17:13:37.085Z,2026-10-03T17:13:37.085Z,2026-10-03T17:13:37.150Z,null,42,12,27,146,null,65,724.5577000000048,45.06409999999596,7.542799999995623,7.343499999995402,52.75999999999476,131.1724000000031,17.365700000002107,59.0656999999992,102.45739999999932,11.328300000001036,153.74440000000322,127.81650000000081,null,null,null,null,null,null
cmusni9md03peogbkfwtlkz9p,image-to-video,performance_concurrent_flow,20,2026-10-03T17:13:36.501Z,2026-10-03T17:13:36.581Z,2026-10-03T17:13:36.591Z,2026-10-03T17:13:36.600Z,2026-10-03T17:13:36.581Z,2026-10-03T17:13:36.636Z,2026-10-03T17:13:36.693Z,2026-10-03T17:13:36.741Z,2026-10-03T17:13:36.760Z,2026-10-03T17:13:36.894Z,2026-10-03T17:13:36.760Z,2026-10-03T17:13:36.923Z,2026-10-03T17:13:36.981Z,2026-10-03T17:13:37.049Z,2026-10-03T17:13:37.114Z,2026-10-03T17:13:37.251Z,2026-10-03T17:13:37.251Z,2026-10-03T17:13:37.335Z,null,80,19,48,163,null,84,921.6582000000053,83.68879999999626,10.785900000002584,7.875299999999697,84.88300000000163,166.5792999999976,17.076500000002852,56.625099999997474,117.43269999999757,16.649600000004284,189.02360000000044,156.27709999999934,null,null,null,null,null,null
cmusni9ng03pjogbklhbkqwii,text-to-video,performance_concurrent_flow,20,2026-10-03T17:13:36.501Z,2026-10-03T17:13:36.620Z,2026-10-03T17:13:36.628Z,2026-10-03T17:13:36.635Z,2026-10-03T17:13:36.620Z,2026-10-03T17:13:36.674Z,2026-10-03T17:13:36.712Z,2026-10-03T17:13:36.749Z,2026-10-03T17:13:36.763Z,2026-10-03T17:13:36.908Z,2026-10-03T17:13:36.763Z,2026-10-03T17:13:36.935Z,2026-10-03T17:13:36.994Z,2026-10-03T17:13:37.055Z,2026-10-03T17:13:37.123Z,2026-10-03T17:13:37.263Z,2026-10-03T17:13:37.263Z,2026-10-03T17:13:37.345Z,null,119,15,37,172,null,82,930.7599999999948,123.44759999999951,11.944000000003143,7.914900000003399,62.15009999999893,171.15359999999782,12.444100000000617,54.55329999999958,112.70060000000376,15.952400000001944,194.24179999999615,154.33120000000054,null,null,null,null,null,null
cmusni9op03poogbki78aj2hm,image-to-video,performance_concurrent_flow,20,2026-10-03T17:13:36.501Z,2026-10-03T17:13:36.667Z,2026-10-03T17:13:36.676Z,2026-10-03T17:13:36.686Z,2026-10-03T17:13:36.667Z,2026-10-03T17:13:36.742Z,2026-10-03T17:13:36.831Z,2026-10-03T17:13:36.865Z,2026-10-03T17:13:36.886Z,2026-10-03T17:13:37.021Z,2026-10-03T17:13:36.886Z,2026-10-03T17:13:37.052Z,2026-10-03T17:13:37.119Z,2026-10-03T17:13:37.210Z,2026-10-03T17:13:37.294Z,2026-10-03T17:13:37.456Z,2026-10-03T17:13:37.456Z,2026-10-03T17:13:37.559Z,null,166,19,34,166,null,103,1156.3346999999994,170.57510000000184,9.866099999999278,18.02509999999893,123.09389999999985,165.05140000000392,13.230600000002596,61.13400000000547,149.2410000000018,21.283400000000256,226.0737999999983,184.58140000000276,null,null,null,null,null,null
cmusni9pw03puogbktve2vsob,image-to-video,performance_concurrent_flow,20,2026-10-03T17:13:36.501Z,2026-10-03T17:13:36.718Z,2026-10-03T17:13:36.727Z,2026-10-03T17:13:36.739Z,2026-10-03T17:13:36.718Z,2026-10-03T17:13:36.793Z,2026-10-03T17:13:36.875Z,2026-10-03T17:13:36.912Z,2026-10-03T17:13:36.927Z,2026-10-03T17:13:37.071Z,2026-10-03T17:13:36.927Z,2026-10-03T17:13:37.106Z,2026-10-03T17:13:37.176Z,2026-10-03T17:13:37.273Z,2026-10-03T17:13:37.359Z,2026-10-03T17:13:37.525Z,2026-10-03T17:13:37.525Z,2026-10-03T17:13:37.629Z,null,217,21,37,179,null,104,1228.1140999999989,221.60719999999856,12.55739999999787,8.720600000000559,118.59570000000531,167.8076000000001,16.647299999996903,66.44420000000537,156.6860000000015,21.095800000002782,237.5786999999982,184.06979999999749,null,null,null,null,null,null
cmusni9rn03q1ogbkzk9yx4wo,text-to-video,performance_concurrent_flow,20,2026-10-03T17:13:36.501Z,2026-10-03T17:13:36.775Z,2026-10-03T17:13:36.788Z,2026-10-03T17:13:36.794Z,2026-10-03T17:13:36.776Z,2026-10-03T17:13:36.851Z,2026-10-03T17:13:36.911Z,2026-10-03T17:13:36.948Z,2026-10-03T17:13:36.964Z,2026-10-03T17:13:37.127Z,2026-10-03T17:13:36.964Z,2026-10-03T17:13:37.170Z,2026-10-03T17:13:37.249Z,2026-10-03T17:13:37.348Z,2026-10-03T17:13:37.444Z,2026-10-03T17:13:37.627Z,2026-10-03T17:13:37.627Z,2026-10-03T17:13:37.714Z,null,274,19,37,206,null,87,1311.474000000002,280.47069999999803,16.743499999996857,18.93989999999758,86.87090000000171,188.38390000000072,14.515600000006089,82.11959999999817,165.96420000000217,21.93499999999767,254.32180000000517,169.05329999999958,null,null,null,null,null,null
cmusni9t903q7ogbkxhbr65vn,text-to-video,performance_concurrent_flow,20,2026-10-03T17:13:36.501Z,2026-10-03T17:13:36.838Z,2026-10-03T17:13:36.845Z,2026-10-03T17:13:36.852Z,2026-10-03T17:13:36.838Z,2026-10-03T17:13:36.909Z,2026-10-03T17:13:36.960Z,2026-10-03T17:13:37.001Z,2026-10-03T17:13:37.017Z,2026-10-03T17:13:37.194Z,2026-10-03T17:13:37.017Z,2026-10-03T17:13:37.234Z,2026-10-03T17:13:37.319Z,2026-10-03T17:13:37.433Z,2026-10-03T17:13:37.531Z,2026-10-03T17:13:37.721Z,2026-10-03T17:13:37.721Z,2026-10-03T17:13:37.822Z,null,337,14,41,217,null,101,1411.873599999999,340.37340000000404,14.685199999999895,13.450899999996182,86.5596000000005,197.95560000000114,16.680099999997765,78.49289999999746,189.93220000000292,22.157899999998335,263.9348000000027,176.88130000000092,null,null,null,null,null,null
cmusni9v203qeogbkdowlhopl,image-to-video,performance_concurrent_flow,20,2026-10-03T17:13:36.501Z,2026-10-03T17:13:36.901Z,2026-10-03T17:13:36.911Z,2026-10-03T17:13:36.920Z,2026-10-03T17:13:36.901Z,2026-10-03T17:13:36.975Z,2026-10-03T17:13:37.063Z,2026-10-03T17:13:37.110Z,2026-10-03T17:13:37.128Z,2026-10-03T17:13:37.339Z,2026-10-03T17:13:37.128Z,2026-10-03T17:13:37.388Z,2026-10-03T17:13:37.480Z,2026-10-03T17:13:37.604Z,2026-10-03T17:13:37.705Z,2026-10-03T17:13:37.891Z,2026-10-03T17:13:37.891Z,2026-10-03T17:13:37.973Z,null,400,19,47,260,null,82,1563.2444000000032,406.020199999999,14.208800000000338,11.55789999999979,122.62820000000647,237.0497000000032,23.79490000000078,91.25409999999829,200.13789999999426,26.19159999999829,262.1779000000024,156.05339999999705,null,null,null,null,null,null
cmusni9wo03qlogbkc5ozudwh,text-to-video,performance_concurrent_flow,20,2026-10-03T17:13:36.501Z,2026-10-03T17:13:36.956Z,2026-10-03T17:13:36.971Z,2026-10-03T17:13:36.978Z,2026-10-03T17:13:36.956Z,2026-10-03T17:13:37.038Z,2026-10-03T17:13:37.104Z,2026-10-03T17:13:37.156Z,2026-10-03T17:13:37.176Z,2026-10-03T17:13:37.398Z,2026-10-03T17:13:37.176Z,2026-10-03T17:13:37.453Z,2026-10-03T17:13:37.552Z,2026-10-03T17:13:37.679Z,2026-10-03T17:13:37.783Z,2026-10-03T17:13:37.959Z,2026-10-03T17:13:37.959Z,2026-10-03T17:13:38.052Z,null,455,22,52,277,null,93,1643.107799999998,464.8709000000017,21.86739999999554,11.629899999999907,98.00009999999747,254.80479999999807,22.70850000000064,99.48510000000533,210.42750000000524,27.64270000000397,254.07770000000164,166.08030000000144,null,null,null,null,null,null
cmusni9yf03quogbkhgily8m3,image-to-video,performance_concurrent_flow,20,2026-10-03T17:13:36.501Z,2026-10-03T17:13:37.022Z,2026-10-03T17:13:37.032Z,2026-10-03T17:13:37.037Z,2026-10-03T17:13:37.023Z,2026-10-03T17:13:37.142Z,2026-10-03T17:13:37.258Z,2026-10-03T17:13:37.322Z,2026-10-03T17:13:37.342Z,2026-10-03T17:13:37.587Z,2026-10-03T17:13:37.342Z,2026-10-03T17:13:37.640Z,2026-10-03T17:13:37.728Z,2026-10-03T17:13:37.846Z,2026-10-03T17:13:37.951Z,2026-10-03T17:13:38.105Z,2026-10-03T17:13:38.105Z,2026-10-03T17:13:38.192Z,null,521,15,64,298,null,87,1761.7389999999941,525.7062000000005,16.386899999997695,15.42960000000312,196.01670000000013,281.872199999998,24.447500000002037,99.07170000000042,198.14590000000317,29.056700000001,224.45230000000447,140.97350000000006,null,null,null,null,null,null
cmusnia0a03r4ogbk8d7jrshu,image-to-video,performance_concurrent_flow,20,2026-10-03T17:13:36.501Z,2026-10-03T17:13:37.095Z,2026-10-03T17:13:37.108Z,2026-10-03T17:13:37.115Z,2026-10-03T17:13:37.096Z,2026-10-03T17:13:37.192Z,2026-10-03T17:13:37.304Z,2026-10-03T17:13:37.372Z,2026-10-03T17:13:37.395Z,2026-10-03T17:13:37.656Z,2026-10-03T17:13:37.395Z,2026-10-03T17:13:37.706Z,2026-10-03T17:13:37.815Z,2026-10-03T17:13:37.932Z,2026-10-03T17:13:38.029Z,2026-10-03T17:13:38.182Z,2026-10-03T17:13:38.182Z,2026-10-03T17:13:38.254Z,null,594,20,68,311,null,72,1814.3297999999995,600.6417000000001,17.0028999999995,16.62609999999404,162.48559999999998,307.1313999999984,25.114599999993516,94.59219999999914,213.10599999999977,21.415799999995215,222.35729999999603,120.7983000000022,null,null,null,null,null,null
cmusnia2b03rdogbkoiimb6xu,text-to-video,performance_concurrent_flow,20,2026-10-03T17:13:36.501Z,2026-10-03T17:13:37.174Z,2026-10-03T17:13:37.190Z,2026-10-03T17:13:37.202Z,2026-10-03T17:13:37.174Z,2026-10-03T17:13:37.287Z,2026-10-03T17:13:37.382Z,2026-10-03T17:13:37.447Z,2026-10-03T17:13:37.466Z,2026-10-03T17:13:37.722Z,2026-10-03T17:13:37.466Z,2026-10-03T17:13:37.774Z,2026-10-03T17:13:37.881Z,2026-10-03T17:13:37.981Z,2026-10-03T17:13:38.078Z,2026-10-03T17:13:38.230Z,2026-10-03T17:13:38.230Z,2026-10-03T17:13:38.296Z,null,673,28,65,308,null,66,1863.5835000000006,678.899900000004,16.614800000003015,17.88709999999992,153.1414999999979,290.6102000000028,27.98399999999674,107.49279999999999,185.03390000000218,25.53349999999773,219.1293000000005,119.58280000000377,null,null,null,null,null,null
cmusnia4o03rmogbkmvhf51te,text-to-video,performance_concurrent_flow,20,2026-10-03T17:13:36.501Z,2026-10-03T17:13:37.259Z,2026-10-03T17:13:37.273Z,2026-10-03T17:13:37.284Z,2026-10-03T17:13:37.260Z,2026-10-03T17:13:37.375Z,2026-10-03T17:13:37.463Z,2026-10-03T17:13:37.540Z,2026-10-03T17:13:37.561Z,2026-10-03T17:13:37.808Z,2026-10-03T17:13:37.561Z,2026-10-03T17:13:37.865Z,2026-10-03T17:13:37.966Z,2026-10-03T17:13:38.068Z,2026-10-03T17:13:38.171Z,2026-10-03T17:13:38.291Z,2026-10-03T17:13:38.291Z,2026-10-03T17:13:38.359Z,null,758,25,77,304,null,68,1927.9916000000012,765.6735000000044,21.46379999999772,23.6958999999988,142.86909999999625,294.0359000000026,23.21979999999894,118.49979999999778,179.79819999999745,22.14680000000226,192.06210000000283,127.51320000000123,null,null,null,null,null,null
cmusnia7h03rwogbkgt402y67,image-to-video,performance_concurrent_flow,20,2026-10-03T17:13:36.501Z,2026-10-03T17:13:37.369Z,2026-10-03T17:13:37.385Z,2026-10-03T17:13:37.393Z,2026-10-03T17:13:37.369Z,2026-10-03T17:13:37.491Z,2026-10-03T17:13:37.641Z,2026-10-03T17:13:37.711Z,2026-10-03T17:13:37.733Z,2026-10-03T17:13:37.990Z,2026-10-03T17:13:37.733Z,2026-10-03T17:13:38.037Z,2026-10-03T17:13:38.115Z,2026-10-03T17:13:38.217Z,2026-10-03T17:13:38.288Z,2026-10-03T17:13:38.414Z,2026-10-03T17:13:38.414Z,2026-10-03T17:13:38.480Z,null,868,24,70,304,null,66,2037.7506999999969,877.1879000000044,24.982800000005227,21.281499999997322,209.88160000000062,304.8911999999982,22.214399999997113,89.47570000000269,165.7569999999978,16.734300000003714,179.6446999999971,111.03199999999924,null,null,null,null,null,null
cmusniaa903s7ogbkdoxbdpy9,text-to-video,performance_concurrent_flow,20,2026-10-03T17:13:36.501Z,2026-10-03T17:13:37.463Z,2026-10-03T17:13:37.479Z,2026-10-03T17:13:37.492Z,2026-10-03T17:13:37.463Z,2026-10-03T17:13:37.599Z,2026-10-03T17:13:37.694Z,2026-10-03T17:13:37.762Z,2026-10-03T17:13:37.786Z,2026-10-03T17:13:38.040Z,2026-10-03T17:13:37.786Z,2026-10-03T17:13:38.086Z,2026-10-03T17:13:38.181Z,2026-10-03T17:13:38.264Z,2026-10-03T17:13:38.331Z,2026-10-03T17:13:38.460Z,2026-10-03T17:13:38.460Z,2026-10-03T17:13:38.521Z,null,962,29,68,300,null,61,2078.923600000002,969.6492999999973,24.13289999999688,25.75390000000334,159.35379999999714,300.25449999999546,25.390599999998813,92.07850000000326,156.77539999999863,14.688999999998487,184.8356000000058,104.93940000000293,null,null,null,null,null,null
cmusniada03siogbkyry7iru3,image-to-video,performance_concurrent_flow,20,2026-10-03T17:13:36.501Z,2026-10-03T17:13:37.580Z,2026-10-03T17:13:37.600Z,2026-10-03T17:13:37.611Z,2026-10-03T17:13:37.580Z,2026-10-03T17:13:37.712Z,2026-10-03T17:13:37.867Z,2026-10-03T17:13:37.939Z,2026-10-03T17:13:37.958Z,2026-10-03T17:13:38.211Z,2026-10-03T17:13:37.958Z,2026-10-03T17:13:38.246Z,2026-10-03T17:13:38.311Z,2026-10-03T17:13:38.396Z,2026-10-03T17:13:38.461Z,2026-10-03T17:13:38.566Z,2026-10-03T17:13:38.566Z,2026-10-03T17:13:38.625Z,null,1079,31,72,288,null,59,2167.0711999999985,1089.4622999999992,25.23229999999603,24.672899999997753,218.6984999999986,303.4854999999952,18.27939999999944,69.90529999999853,136.26989999999932,15.008400000006077,157.46229999999923,88.84389999999985,null,null,null,null,null,null
cmusniage03stogbk79a2hker,text-to-video,performance_concurrent_flow,20,2026-10-03T17:13:36.501Z,2026-10-03T17:13:37.686Z,2026-10-03T17:13:37.703Z,2026-10-03T17:13:37.714Z,2026-10-03T17:13:37.686Z,2026-10-03T17:13:37.818Z,2026-10-03T17:13:37.912Z,2026-10-03T17:13:37.976Z,2026-10-03T17:13:37.996Z,2026-10-03T17:13:38.235Z,2026-10-03T17:13:37.996Z,2026-10-03T17:13:38.270Z,2026-10-03T17:13:38.338Z,2026-10-03T17:13:38.418Z,2026-10-03T17:13:38.491Z,2026-10-03T17:13:38.595Z,2026-10-03T17:13:38.595Z,2026-10-03T17:13:38.649Z,null,1185,28,64,274,null,54,2187.3583999999973,1194.075499999999,20.13760000000184,21.891800000004878,163.4687999999951,288.8347999999969,16.99529999999504,69.26280000000406,142.44950000000244,15.224300000001676,158.65840000000026,77.69670000000042,null,null,null,null,null,null
cmusniajb03t3ogbkwxh758fb,image-to-video,performance_concurrent_flow,20,2026-10-03T17:13:36.501Z,2026-10-03T17:13:37.807Z,2026-10-03T17:13:37.827Z,2026-10-03T17:13:37.837Z,2026-10-03T17:13:37.807Z,2026-10-03T17:13:37.934Z,2026-10-03T17:13:38.062Z,2026-10-03T17:13:38.123Z,2026-10-03T17:13:38.147Z,2026-10-03T17:13:38.324Z,2026-10-03T17:13:38.147Z,2026-10-03T17:13:38.363Z,2026-10-03T17:13:38.432Z,2026-10-03T17:13:38.510Z,2026-10-03T17:13:38.561Z,2026-10-03T17:13:38.658Z,2026-10-03T17:13:38.658Z,2026-10-03T17:13:38.696Z,null,1306,30,61,216,null,38,2236.016499999998,1317.1909000000014,26.826600000000326,22.464999999996508,183.4519999999975,228.5161999999982,16.11359999999695,77.03249999999389,127.98670000000129,15.854999999995925,132.11369999999442,70.14359999999579,null,null,null,null,null,null
cmusniamz03teogbk4nb6990k,image-to-video,performance_concurrent_flow,20,2026-10-03T17:13:36.502Z,2026-10-03T17:13:37.928Z,2026-10-03T17:13:37.947Z,2026-10-03T17:13:37.956Z,2026-10-03T17:13:37.929Z,2026-10-03T17:13:38.054Z,2026-10-03T17:13:38.190Z,2026-10-03T17:13:38.244Z,2026-10-03T17:13:38.260Z,2026-10-03T17:13:38.443Z,2026-10-03T17:13:38.260Z,2026-10-03T17:13:38.474Z,2026-10-03T17:13:38.534Z,2026-10-03T17:13:38.610Z,2026-10-03T17:13:38.656Z,2026-10-03T17:13:38.731Z,2026-10-03T17:13:38.731Z,2026-10-03T17:13:38.765Z,null,1426,28,54,214,null,34,2297.9435999999987,1438.6552999999985,22.625200000002224,25.49199999999837,192.7514999999985,216.80629999999655,20.441399999996065,62.76170000000275,123.89949999999953,11.007599999997183,106.70890000000509,60.7471000000005,null,null,null,null,null,null
cmusniapx03trogbkkv8qitmz,text-to-video,performance_concurrent_flow,20,2026-10-03T17:13:36.502Z,2026-10-03T17:13:38.029Z,2026-10-03T17:13:38.044Z,2026-10-03T17:13:38.056Z,2026-10-03T17:13:38.030Z,2026-10-03T17:13:38.158Z,2026-10-03T17:13:38.229Z,2026-10-03T17:13:38.278Z,2026-10-03T17:13:38.294Z,2026-10-03T17:13:38.477Z,2026-10-03T17:13:38.294Z,2026-10-03T17:13:38.509Z,2026-10-03T17:13:38.565Z,2026-10-03T17:13:38.641Z,2026-10-03T17:13:38.681Z,2026-10-03T17:13:38.753Z,2026-10-03T17:13:38.753Z,2026-10-03T17:13:38.792Z,null,1527,27,49,215,null,39,2319.591699999997,1535.4556999999986,19.945400000004156,21.671699999998964,137.97110000000248,216.03139999999985,13.231600000006438,68.54049999999552,115.18289999999979,10.39719999999943,103.6698000000033,58.059699999997974,null,null,null,null,null,null
cmusnibrv03xpogbkvn7007vq,text-to-video,performance_concurrent_flow,20,2026-10-03T17:13:39.328Z,2026-10-03T17:13:39.365Z,2026-10-03T17:13:39.372Z,2026-10-03T17:13:39.376Z,2026-10-03T17:13:39.365Z,2026-10-03T17:13:39.400Z,2026-10-03T17:13:39.431Z,2026-10-03T17:13:39.461Z,2026-10-03T17:13:39.475Z,2026-10-03T17:13:39.568Z,2026-10-03T17:13:39.475Z,2026-10-03T17:13:39.589Z,2026-10-03T17:13:39.629Z,2026-10-03T17:13:39.684Z,2026-10-03T17:13:39.734Z,2026-10-03T17:13:39.850Z,2026-10-03T17:13:39.850Z,2026-10-03T17:13:39.921Z,null,37,11,30,114,null,71,679.2691999999952,40.886599999998,6.429500000005646,6.2040000000051805,46.280100000003586,117.48830000000453,11.16139999999723,40.98189999999886,86.76499999999942,12.457099999999627,161.7202000000034,142.2314999999944,null,null,null,null,null,null
cmusnibsq03xtogbk0fvqkp0o,text-to-video,performance_concurrent_flow,20,2026-10-03T17:13:39.328Z,2026-10-03T17:13:39.400Z,2026-10-03T17:13:39.406Z,2026-10-03T17:13:39.413Z,2026-10-03T17:13:39.401Z,2026-10-03T17:13:39.447Z,2026-10-03T17:13:39.480Z,2026-10-03T17:13:39.506Z,2026-10-03T17:13:39.520Z,2026-10-03T17:13:39.617Z,2026-10-03T17:13:39.520Z,2026-10-03T17:13:39.637Z,2026-10-03T17:13:39.683Z,2026-10-03T17:13:39.748Z,2026-10-03T17:13:39.807Z,2026-10-03T17:13:39.947Z,2026-10-03T17:13:39.947Z,2026-10-03T17:13:40.031Z,null,72,13,26,117,null,84,790.3055999999997,75.10929999999644,6.846299999997427,9.31369999999879,54.62640000000101,117.9519999999975,11.690300000002026,37.35650000000169,111.29709999999614,18.289600000003702,183.69429999999556,154.66629999999714,null,null,null,null,null,null
cmusnibtq03xxogbkbyyf8mh6,image-to-video,performance_concurrent_flow,20,2026-10-03T17:13:39.328Z,2026-10-03T17:13:39.441Z,2026-10-03T17:13:39.447Z,2026-10-03T17:13:39.455Z,2026-10-03T17:13:39.442Z,2026-10-03T17:13:39.490Z,2026-10-03T17:13:39.538Z,2026-10-03T17:13:39.571Z,2026-10-03T17:13:39.587Z,2026-10-03T17:13:39.701Z,2026-10-03T17:13:39.587Z,2026-10-03T17:13:39.730Z,2026-10-03T17:13:39.790Z,2026-10-03T17:13:39.873Z,2026-10-03T17:13:39.959Z,2026-10-03T17:13:40.110Z,2026-10-03T17:13:40.110Z,2026-10-03T17:13:40.214Z,null,113,14,33,143,null,104,972.892200000002,116.64009999999689,8.745899999994435,6.803700000004028,70.54550000000017,143.68189999999595,9.73530000000028,58.39700000000448,137.3220999999976,16.997899999994843,221.53680000000168,172.4745999999941,null,null,null,null,null,null
cmusnibuy03y3ogbk0nl2j9hx,text-to-video,performance_concurrent_flow,20,2026-10-03T17:13:39.328Z,2026-10-03T17:13:39.481Z,2026-10-03T17:13:39.492Z,2026-10-03T17:13:39.495Z,2026-10-03T17:13:39.481Z,2026-10-03T17:13:39.529Z,2026-10-03T17:13:39.564Z,2026-10-03T17:13:39.595Z,2026-10-03T17:13:39.611Z,2026-10-03T17:13:39.736Z,2026-10-03T17:13:39.611Z,2026-10-03T17:13:39.779Z,2026-10-03T17:13:39.843Z,2026-10-03T17:13:39.933Z,2026-10-03T17:13:40.027Z,2026-10-03T17:13:40.198Z,2026-10-03T17:13:40.198Z,2026-10-03T17:13:40.289Z,null,153,14,31,168,null,91,1052.2381999999998,155.93059999999969,7.655900000005204,8.660600000002887,57.894200000002456,145.06639999999607,12.052999999999884,76.5080999999991,149.84049999999843,18.371799999993527,247.7425000000003,161.18739999999525,null,null,null,null,null,null
cmusnibw303y9ogbk51kqhccz,image-to-video,performance_concurrent_flow,20,2026-10-03T17:13:39.328Z,2026-10-03T17:13:39.523Z,2026-10-03T17:13:39.532Z,2026-10-03T17:13:39.537Z,2026-10-03T17:13:39.523Z,2026-10-03T17:13:39.577Z,2026-10-03T17:13:39.642Z,2026-10-03T17:13:39.677Z,2026-10-03T17:13:39.692Z,2026-10-03T17:13:39.853Z,2026-10-03T17:13:39.692Z,2026-10-03T17:13:39.897Z,2026-10-03T17:13:39.978Z,2026-10-03T17:13:40.083Z,2026-10-03T17:13:40.188Z,2026-10-03T17:13:40.350Z,2026-10-03T17:13:40.350Z,2026-10-03T17:13:40.455Z,null,195,14,35,205,null,105,1237.0325999999986,197.69970000000467,8.60899999999674,11.275000000001455,89.4398000000001,181.92629999999917,14.22330000000511,80.48919999999634,176.48559999999998,23.728000000002794,246.46259999999893,195.09829999999783,null,null,null,null,null,null
cmusnibx703yfogbktcvukilw,image-to-video,performance_concurrent_flow,20,2026-10-03T17:13:39.328Z,2026-10-03T17:13:39.565Z,2026-10-03T17:13:39.575Z,2026-10-03T17:13:39.581Z,2026-10-03T17:13:39.566Z,2026-10-03T17:13:39.626Z,2026-10-03T17:13:39.695Z,2026-10-03T17:13:39.740Z,2026-10-03T17:13:39.761Z,2026-10-03T17:13:39.950Z,2026-10-03T17:13:39.761Z,2026-10-03T17:13:39.996Z,2026-10-03T17:13:40.076Z,2026-10-03T17:13:40.195Z,2026-10-03T17:13:40.299Z,2026-10-03T17:13:40.475Z,2026-10-03T17:13:40.475Z,2026-10-03T17:13:40.598Z,null,237,16,45,235,null,123,1395.0858000000007,243.56880000000092,11.197599999999511,11.36880000000383,95.83730000000651,216.26030000000173,21.113899999996647,84.63500000000204,196.40869999999995,26.73979999999574,272.1250999999975,206.6843000000008,null,null,null,null,null,null
cmusnibyi03ymogbkrpr47q39,text-to-video,performance_concurrent_flow,20,2026-10-03T17:13:39.328Z,2026-10-03T17:13:39.614Z,2026-10-03T17:13:39.622Z,2026-10-03T17:13:39.628Z,2026-10-03T17:13:39.614Z,2026-10-03T17:13:39.677Z,2026-10-03T17:13:39.725Z,2026-10-03T17:13:39.778Z,2026-10-03T17:13:39.796Z,2026-10-03T17:13:39.991Z,2026-10-03T17:13:39.796Z,2026-10-03T17:13:40.031Z,2026-10-03T17:13:40.121Z,2026-10-03T17:13:40.243Z,2026-10-03T17:13:40.336Z,2026-10-03T17:13:40.495Z,2026-10-03T17:13:40.495Z,2026-10-03T17:13:40.602Z,null,286,14,53,235,null,107,1395.6535999999978,290.18320000000676,9.879300000000512,13.685399999994843,83.28579999999783,221.59850000000006,16.530500000000757,88.94670000000042,197.71800000000076,23.443299999999,233.65310000000318,206.62969999999768,null,null,null,null,null,null
cmusnibzv03yuogbkksgipqsk,image-to-video,performance_concurrent_flow,20,2026-10-03T17:13:39.328Z,2026-10-03T17:13:39.666Z,2026-10-03T17:13:39.675Z,2026-10-03T17:13:39.683Z,2026-10-03T17:13:39.666Z,2026-10-03T17:13:39.732Z,2026-10-03T17:13:39.824Z,2026-10-03T17:13:39.875Z,2026-10-03T17:13:39.893Z,2026-10-03T17:13:40.101Z,2026-10-03T17:13:39.893Z,2026-10-03T17:13:40.155Z,2026-10-03T17:13:40.256Z,2026-10-03T17:13:40.359Z,2026-10-03T17:13:40.473Z,2026-10-03T17:13:40.696Z,2026-10-03T17:13:40.696Z,2026-10-03T17:13:40.833Z,null,338,17,51,262,null,137,1660.181199999999,341.96370000000024,11.45049999999901,14.5141999999978,120.44090000000142,235.251400000001,25.60740000000078,101.56759999999485,188.6851999999999,30.440899999994144,314.08870000000024,263.12950000000274,null,null,null,null,null,null
cmusnic1d03z2ogbk97ivqrg2,text-to-video,performance_concurrent_flow,20,2026-10-03T17:13:39.328Z,2026-10-03T17:13:39.721Z,2026-10-03T17:13:39.730Z,2026-10-03T17:13:39.739Z,2026-10-03T17:13:39.721Z,2026-10-03T17:13:39.799Z,2026-10-03T17:13:39.877Z,2026-10-03T17:13:39.928Z,2026-10-03T17:13:39.945Z,2026-10-03T17:13:40.213Z,2026-10-03T17:13:39.945Z,2026-10-03T17:13:40.261Z,2026-10-03T17:13:40.349Z,2026-10-03T17:13:40.473Z,2026-10-03T17:13:40.607Z,2026-10-03T17:13:40.847Z,2026-10-03T17:13:40.847Z,2026-10-03T17:13:40.995Z,null,393,18,51,316,null,148,1790.7917000000016,396.6319000000003,19.52520000000368,17.48660000000382,109.96160000000236,284.252800000002,27.58179999999993,97.78190000000177,221.6224000000002,26.694400000000314,336.8344999999972,238.50940000000264,null,null,null,null,null,null
cmusnic3g03z8ogbknxl3fm14,image-to-video,performance_concurrent_flow,20,2026-10-03T17:13:39.328Z,2026-10-03T17:13:39.794Z,2026-10-03T17:13:39.814Z,2026-10-03T17:13:39.825Z,2026-10-03T17:13:39.794Z,2026-10-03T17:13:39.902Z,2026-10-03T17:13:40.022Z,2026-10-03T17:13:40.089Z,2026-10-03T17:13:40.108Z,2026-10-03T17:13:40.357Z,2026-10-03T17:13:40.108Z,2026-10-03T17:13:40.415Z,2026-10-03T17:13:40.496Z,2026-10-03T17:13:40.588Z,2026-10-03T17:13:40.713Z,2026-10-03T17:13:40.986Z,2026-10-03T17:13:40.986Z,2026-10-03T17:13:41.109Z,null,466,31,67,307,null,123,1918.8263000000006,478.4883999999947,15.4117999999944,20.212399999996705,170.0581999999995,295.0251000000062,18.95110000000568,109.16310000000522,150.6733000000022,23.772100000001956,379.56430000000546,239.46699999999691,null,null,null,null,null,null
cmusnic5q03zjogbkxsi8qv0p,image-to-video,performance_concurrent_flow,20,2026-10-03T17:13:39.328Z,2026-10-03T17:13:39.891Z,2026-10-03T17:13:39.905Z,2026-10-03T17:13:39.914Z,2026-10-03T17:13:39.891Z,2026-10-03T17:13:40.010Z,2026-10-03T17:13:40.143Z,2026-10-03T17:13:40.222Z,2026-10-03T17:13:40.241Z,2026-10-03T17:13:40.534Z,2026-10-03T17:13:40.241Z,2026-10-03T17:13:40.587Z,2026-10-03T17:13:40.712Z,2026-10-03T17:13:40.890Z,2026-10-03T17:13:41.040Z,2026-10-03T17:13:41.265Z,2026-10-03T17:13:41.265Z,2026-10-03T17:13:41.358Z,null,563,23,79,346,null,93,2111.4576000000015,570.4402999999947,25.692699999999604,22.851699999999255,189.27300000000105,300.23509999999806,66.1469999999972,104.51530000000639,304.86729999999807,37.03889999999956,318.61210000000574,155.80249999999796,null,null,null,null,null,null
cmusnic8e03zuogbk7ljaemhz,text-to-video,performance_concurrent_flow,20,2026-10-03T17:13:39.328Z,2026-10-03T17:13:39.992Z,2026-10-03T17:13:40.003Z,2026-10-03T17:13:40.012Z,2026-10-03T17:13:39.992Z,2026-10-03T17:13:40.101Z,2026-10-03T17:13:40.204Z,2026-10-03T17:13:40.278Z,2026-10-03T17:13:40.297Z,2026-10-03T17:13:40.555Z,2026-10-03T17:13:40.297Z,2026-10-03T17:13:40.609Z,2026-10-03T17:13:40.742Z,2026-10-03T17:13:40.923Z,2026-10-03T17:13:41.067Z,2026-10-03T17:13:41.283Z,2026-10-03T17:13:41.283Z,2026-10-03T17:13:41.374Z,null,664,20,74,312,null,91,2128.663099999998,669.4409000000014,20.55659999999625,22.873099999997066,161.78480000000127,299.77360000000044,24.67240000000311,105.3810999999987,300.73339999999735,32.98779999999533,320.9161000000022,155.0882999999958,null,null,null,null,null,null
cmusnicb50402ogbk1mt6ehu7,image-to-video,performance_concurrent_flow,20,2026-10-03T17:13:39.328Z,2026-10-03T17:13:40.091Z,2026-10-03T17:13:40.105Z,2026-10-03T17:13:40.116Z,2026-10-03T17:13:40.091Z,2026-10-03T17:13:40.225Z,2026-10-03T17:13:40.352Z,2026-10-03T17:13:40.436Z,2026-10-03T17:13:40.458Z,2026-10-03T17:13:40.716Z,2026-10-03T17:13:40.458Z,2026-10-03T17:13:40.795Z,2026-10-03T17:13:40.957Z,2026-10-03T17:13:41.099Z,2026-10-03T17:13:41.253Z,2026-10-03T17:13:41.419Z,2026-10-03T17:13:41.419Z,2026-10-03T17:13:41.506Z,null,763,25,84,337,null,87,2259.7255000000005,770.1079000000027,27.279600000001665,25.834399999999732,193.39040000000386,294.5095000000001,37.728399999999965,147.64510000000155,279.12019999999757,45.829899999997,265.8623000000007,154.70210000000225,null,null,null,null,null,null
cmusnicea040fogbkk5gyxyin,image-to-video,performance_concurrent_flow,20,2026-10-03T17:13:39.328Z,2026-10-03T17:13:40.214Z,2026-10-03T17:13:40.230Z,2026-10-03T17:13:40.240Z,2026-10-03T17:13:40.215Z,2026-10-03T17:13:40.331Z,2026-10-03T17:13:40.480Z,2026-10-03T17:13:40.584Z,2026-10-03T17:13:40.607Z,2026-10-03T17:13:40.976Z,2026-10-03T17:13:40.607Z,2026-10-03T17:13:41.044Z,2026-10-03T17:13:41.166Z,2026-10-03T17:13:41.306Z,2026-10-03T17:13:41.405Z,2026-10-03T17:13:41.558Z,2026-10-03T17:13:41.558Z,2026-10-03T17:13:41.632Z,null,886,26,104,437,null,74,2367.260199999997,894.4588000000003,21.81459999999788,22.30779999999504,235.3283999999985,406.8296000000046,38.16389999999956,125.67259999999806,232.73889999999665,26.038000000000466,225.86379999999917,120.56059999999707,null,null,null,null,null,null
cmusnichs040rogbkll8a2mp9,image-to-video,performance_concurrent_flow,20,2026-10-03T17:13:39.328Z,2026-10-03T17:13:40.329Z,2026-10-03T17:13:40.343Z,2026-10-03T17:13:40.351Z,2026-10-03T17:13:40.329Z,2026-10-03T17:13:40.465Z,2026-10-03T17:13:40.660Z,2026-10-03T17:13:40.770Z,2026-10-03T17:13:40.793Z,2026-10-03T17:13:41.160Z,2026-10-03T17:13:40.793Z,2026-10-03T17:13:41.232Z,2026-10-03T17:13:41.329Z,2026-10-03T17:13:41.434Z,2026-10-03T17:13:41.525Z,2026-10-03T17:13:41.660Z,2026-10-03T17:13:41.660Z,2026-10-03T17:13:41.722Z,null,1001,22,110,439,null,62,2446.4501999999993,1008.857799999998,27.816699999995762,30.782599999998638,263.7156000000032,436.0624000000025,33.84150000000227,124.43249999999534,181.34360000000015,25.485399999997753,201.61559999999736,97.9861000000019,null,null,null,null,null,null
cmusnicko0412ogbkyf566o54,text-to-video,performance_concurrent_flow,20,2026-10-03T17:13:39.328Z,2026-10-03T17:13:40.437Z,2026-10-03T17:13:40.454Z,2026-10-03T17:13:40.466Z,2026-10-03T17:13:40.437Z,2026-10-03T17:13:40.597Z,2026-10-03T17:13:40.719Z,2026-10-03T17:13:40.818Z,2026-10-03T17:13:40.843Z,2026-10-03T17:13:41.234Z,2026-10-03T17:13:40.843Z,2026-10-03T17:13:41.291Z,2026-10-03T17:13:41.386Z,2026-10-03T17:13:41.487Z,2026-10-03T17:13:41.578Z,2026-10-03T17:13:41.703Z,2026-10-03T17:13:41.703Z,2026-10-03T17:13:41.754Z,null,1109,29,99,448,null,51,2475.2669000000024,1118.4210999999996,50.03600000000006,27.12380000000121,187.6716000000015,454.2109999999957,35.92720000000554,102.848699999995,179.69000000000233,22.222600000000966,187.34769999999844,90.42280000000028,null,null,null,null,null,null
cmusnicne0419ogbk1pwxg2a9,text-to-video,performance_concurrent_flow,20,2026-10-03T17:13:39.328Z,2026-10-03T17:13:40.507Z,2026-10-03T17:13:40.525Z,2026-10-03T17:13:40.538Z,2026-10-03T17:13:40.507Z,2026-10-03T17:13:40.638Z,2026-10-03T17:13:40.778Z,2026-10-03T17:13:40.876Z,2026-10-03T17:13:40.912Z,2026-10-03T17:13:41.277Z,2026-10-03T17:13:40.912Z,2026-10-03T17:13:41.330Z,2026-10-03T17:13:41.420Z,2026-10-03T17:13:41.533Z,2026-10-03T17:13:41.621Z,2026-10-03T17:13:41.729Z,2026-10-03T17:13:41.729Z,2026-10-03T17:13:41.782Z,null,1179,31,98,418,null,53,2505.621699999996,1187.910600000003,21.857499999998254,25.36989999999787,199.99209999999584,449.8613000000041,27.51589999999851,100.90230000000156,185.36729999999807,23.636500000000524,168.04569999999512,92.69640000000072,null,null,null,null,null,null
cmusnicpr041hogbky7xcacva,text-to-video,performance_concurrent_flow,20,2026-10-03T17:13:39.328Z,2026-10-03T17:13:40.615Z,2026-10-03T17:13:40.631Z,2026-10-03T17:13:40.645Z,2026-10-03T17:13:40.615Z,2026-10-03T17:13:40.798Z,2026-10-03T17:13:40.962Z,2026-10-03T17:13:41.062Z,2026-10-03T17:13:41.084Z,2026-10-03T17:13:41.373Z,2026-10-03T17:13:41.084Z,2026-10-03T17:13:41.418Z,2026-10-03T17:13:41.515Z,2026-10-03T17:13:41.616Z,2026-10-03T17:13:41.686Z,2026-10-03T17:13:41.783Z,2026-10-03T17:13:41.783Z,2026-10-03T17:13:41.839Z,null,1287,30,100,334,null,56,2576.661500000002,1295.4453999999969,33.73479999999836,41.539700000001176,253.03280000000086,365.77180000000226,22.09979999999632,84.85990000000311,183.08119999999326,12.833400000003166,153.31459999999788,109.6791000000012,null,null,null,null,null,null
cmusnicth041qogbkho795pmp,image-to-video,performance_concurrent_flow,20,2026-10-03T17:13:39.328Z,2026-10-03T17:13:40.782Z,2026-10-03T17:13:40.803Z,2026-10-03T17:13:40.817Z,2026-10-03T17:13:40.782Z,2026-10-03T17:13:40.985Z,2026-10-03T17:13:41.174Z,2026-10-03T17:13:41.264Z,2026-10-03T17:13:41.284Z,2026-10-03T17:13:41.529Z,2026-10-03T17:13:41.284Z,2026-10-03T17:13:41.576Z,2026-10-03T17:13:41.644Z,2026-10-03T17:13:41.720Z,2026-10-03T17:13:41.774Z,2026-10-03T17:13:41.880Z,2026-10-03T17:13:41.880Z,2026-10-03T17:13:41.926Z,null,1454,35,90,292,null,46,2647.4792000000016,1464.1280000000042,41.43239999999787,50.066899999997986,277.2809999999954,307.4771000000037,24.772400000001653,88.46450000000186,121.1736000000019,15.283800000004703,146.23969999999827,85.99240000000282,null,null,null,null,null,null
cmusnicy10423ogbk10ap0wna,text-to-video,performance_concurrent_flow,20,2026-10-03T17:13:39.328Z,2026-10-03T17:13:40.948Z,2026-10-03T17:13:40.972Z,2026-10-03T17:13:40.984Z,2026-10-03T17:13:40.948Z,2026-10-03T17:13:41.114Z,2026-10-03T17:13:41.242Z,2026-10-03T17:13:41.319Z,2026-10-03T17:13:41.339Z,2026-10-03T17:13:41.565Z,2026-10-03T17:13:41.339Z,2026-10-03T17:13:41.606Z,2026-10-03T17:13:41.676Z,2026-10-03T17:13:41.742Z,2026-10-03T17:13:41.798Z,2026-10-03T17:13:41.905Z,2026-10-03T17:13:41.905Z,2026-10-03T17:13:41.950Z,null,1620,36,77,267,null,45,2665.2485000000015,1634.8572000000058,32.09070000000065,38.79389999999694,197.10549999999785,278.59470000000147,22.521499999995285,78.82740000000194,122.18910000000324,12.741099999999278,150.40400000000227,75.61839999999938,null,null,null,null,null,null
